{
  "name": "Volo.Abp.FeatureManagement.EntityFrameworkCore",
  "hash": "a1e9e86a377dc1b81871ac8774a1f6d9",
  "contents": [
    {
      "namespace": "Volo.Abp.FeatureManagement.EntityFrameworkCore",
      "dependsOnModules": [
        {
          "declaringAssemblyName": "Volo.Abp.FeatureManagement.Domain",
          "namespace": "Volo.Abp.FeatureManagement",
          "name": "AbpFeatureManagementDomainModule"
        },
        {
          "declaringAssemblyName": "Volo.Abp.EntityFrameworkCore",
          "namespace": "Volo.Abp.EntityFrameworkCore",
          "name": "AbpEntityFrameworkCoreModule"
        }
      ],
      "contentType": "abpModule",
      "name": "AbpFeatureManagementEntityFrameworkCoreModule",
      "summary": null
    },
    {
      "namespace": "Volo.Abp.FeatureManagement.EntityFrameworkCore",
      "connectionStringName": "AbpFeatureManagement",
      "databaseTables": [
        {
          "entityFullName": "Volo.Abp.FeatureManagement.FeatureDefinitionRecord",
          "contentType": "databaseTable",
          "name": "AbpFeatures",
          "summary": null
        },
        {
          "entityFullName": "Volo.Abp.FeatureManagement.FeatureGroupDefinitionRecord",
          "contentType": "databaseTable",
          "name": "AbpFeatureGroups",
          "summary": null
        },
        {
          "entityFullName": "Volo.Abp.FeatureManagement.FeatureValue",
          "contentType": "databaseTable",
          "name": "AbpFeatureValues",
          "summary": null
        }
      ],
      "contentType": "efCoreDbContext",
      "name": "FeatureManagementDbContext",
      "summary": null
    }
  ]
}