{
  "name": "Volo.Abp.FeatureManagement.EntityFrameworkCore",
  "hash": "d23d13b3c72c26ef41eb0070ab00ac34",
  "contents": [
    {
      "namespace": "Volo.Abp.FeatureManagement.EntityFrameworkCore",
      "dependsOnModules": [
        {
          "declaringAssemblyName": "Volo.Abp.FeatureManagement.Domain",
          "namespace": "Volo.Abp.FeatureManagement",
          "name": "AbpFeatureManagementDomainModule"
        },
        {
          "declaringAssemblyName": "Volo.Abp.EntityFrameworkCore",
          "namespace": "Volo.Abp.EntityFrameworkCore",
          "name": "AbpEntityFrameworkCoreModule"
        }
      ],
      "implementingInterfaces": [
        {
          "name": "IAbpModule",
          "namespace": "Volo.Abp.Modularity",
          "declaringAssemblyName": "Volo.Abp.Core",
          "fullName": "Volo.Abp.Modularity.IAbpModule"
        },
        {
          "name": "IOnPreApplicationInitialization",
          "namespace": "Volo.Abp.Modularity",
          "declaringAssemblyName": "Volo.Abp.Core",
          "fullName": "Volo.Abp.Modularity.IOnPreApplicationInitialization"
        },
        {
          "name": "IOnApplicationInitialization",
          "namespace": "Volo.Abp",
          "declaringAssemblyName": "Volo.Abp.Core",
          "fullName": "Volo.Abp.IOnApplicationInitialization"
        },
        {
          "name": "IOnPostApplicationInitialization",
          "namespace": "Volo.Abp.Modularity",
          "declaringAssemblyName": "Volo.Abp.Core",
          "fullName": "Volo.Abp.Modularity.IOnPostApplicationInitialization"
        },
        {
          "name": "IOnApplicationShutdown",
          "namespace": "Volo.Abp",
          "declaringAssemblyName": "Volo.Abp.Core",
          "fullName": "Volo.Abp.IOnApplicationShutdown"
        },
        {
          "name": "IPreConfigureServices",
          "namespace": "Volo.Abp.Modularity",
          "declaringAssemblyName": "Volo.Abp.Core",
          "fullName": "Volo.Abp.Modularity.IPreConfigureServices"
        },
        {
          "name": "IPostConfigureServices",
          "namespace": "Volo.Abp.Modularity",
          "declaringAssemblyName": "Volo.Abp.Core",
          "fullName": "Volo.Abp.Modularity.IPostConfigureServices"
        }
      ],
      "contentType": "abpModule",
      "name": "AbpFeatureManagementEntityFrameworkCoreModule",
      "summary": null
    },
    {
      "namespace": "Volo.Abp.FeatureManagement.EntityFrameworkCore",
      "connectionStringName": "AbpFeatureManagement",
      "databaseTables": [
        {
          "entityFullName": "Volo.Abp.FeatureManagement.FeatureDefinitionRecord",
          "contentType": "databaseTable",
          "name": "AbpFeatures",
          "summary": null
        },
        {
          "entityFullName": "Volo.Abp.FeatureManagement.FeatureGroupDefinitionRecord",
          "contentType": "databaseTable",
          "name": "AbpFeatureGroups",
          "summary": null
        },
        {
          "entityFullName": "Volo.Abp.FeatureManagement.FeatureValue",
          "contentType": "databaseTable",
          "name": "AbpFeatureValues",
          "summary": null
        }
      ],
      "replacedDbContexts": [],
      "implementingInterfaces": [
        {
          "name": "IInfrastructure<IServiceProvider>",
          "namespace": "Microsoft.EntityFrameworkCore.Infrastructure",
          "declaringAssemblyName": "Microsoft.EntityFrameworkCore",
          "fullName": "Microsoft.EntityFrameworkCore.Infrastructure.IInfrastructure<IServiceProvider>"
        },
        {
          "name": "IDbContextDependencies",
          "namespace": "Microsoft.EntityFrameworkCore.Internal",
          "declaringAssemblyName": "Microsoft.EntityFrameworkCore",
          "fullName": "Microsoft.EntityFrameworkCore.Internal.IDbContextDependencies"
        },
        {
          "name": "IDbSetCache",
          "namespace": "Microsoft.EntityFrameworkCore.Internal",
          "declaringAssemblyName": "Microsoft.EntityFrameworkCore",
          "fullName": "Microsoft.EntityFrameworkCore.Internal.IDbSetCache"
        },
        {
          "name": "IDbContextPoolable",
          "namespace": "Microsoft.EntityFrameworkCore.Internal",
          "declaringAssemblyName": "Microsoft.EntityFrameworkCore",
          "fullName": "Microsoft.EntityFrameworkCore.Internal.IDbContextPoolable"
        },
        {
          "name": "IResettableService",
          "namespace": "Microsoft.EntityFrameworkCore.Infrastructure",
          "declaringAssemblyName": "Microsoft.EntityFrameworkCore",
          "fullName": "Microsoft.EntityFrameworkCore.Infrastructure.IResettableService"
        },
        {
          "name": "IDisposable",
          "namespace": "System",
          "declaringAssemblyName": "System.Private.CoreLib",
          "fullName": "System.IDisposable"
        },
        {
          "name": "IAsyncDisposable",
          "namespace": "System",
          "declaringAssemblyName": "System.Private.CoreLib",
          "fullName": "System.IAsyncDisposable"
        },
        {
          "name": "IAbpEfCoreDbContext",
          "namespace": "Volo.Abp.EntityFrameworkCore",
          "declaringAssemblyName": "Volo.Abp.EntityFrameworkCore",
          "fullName": "Volo.Abp.EntityFrameworkCore.IAbpEfCoreDbContext"
        },
        {
          "name": "IEfCoreDbContext",
          "namespace": "Volo.Abp.EntityFrameworkCore",
          "declaringAssemblyName": "Volo.Abp.EntityFrameworkCore",
          "fullName": "Volo.Abp.EntityFrameworkCore.IEfCoreDbContext"
        },
        {
          "name": "ITransientDependency",
          "namespace": "Volo.Abp.DependencyInjection",
          "declaringAssemblyName": "Volo.Abp.Core",
          "fullName": "Volo.Abp.DependencyInjection.ITransientDependency"
        },
        {
          "name": "IFeatureManagementDbContext",
          "namespace": "Volo.Abp.FeatureManagement.EntityFrameworkCore",
          "declaringAssemblyName": "Volo.Abp.FeatureManagement.EntityFrameworkCore",
          "fullName": "Volo.Abp.FeatureManagement.EntityFrameworkCore.IFeatureManagementDbContext"
        }
      ],
      "contentType": "efCoreDbContext",
      "name": "FeatureManagementDbContext",
      "summary": null
    }
  ]
}