{
  "name": "Volo.CmsKit.Admin.HttpApi",
  "hash": "02841288e8633ba6e4a4efa8dbbb1d8d",
  "contents": [
    {
      "namespace": "Volo.CmsKit.Admin",
      "dependsOnModules": [
        {
          "declaringAssemblyName": "Volo.CmsKit.Admin.Application.Contracts",
          "namespace": "Volo.CmsKit.Admin",
          "name": "CmsKitAdminApplicationContractsModule"
        },
        {
          "declaringAssemblyName": "Volo.CmsKit.Common.HttpApi",
          "namespace": "Volo.CmsKit",
          "name": "CmsKitCommonHttpApiModule"
        }
      ],
      "contentType": "abpModule",
      "name": "CmsKitAdminHttpApiModule",
      "summary": null
    }
  ]
}