{
  "culture": "ar",
  "texts": {
    "Permission:DocumentManagement": "إدارة الوثائق",
    "Permission:Projects": "المشروعات",
    "Permission:Edit": "تعديل",
    "Permission:Delete": "حذف",
    "Permission:Create": "إنشاء",
    "Permission:Documents": "الوثائق",
    "Menu:Documents": "الوثائق",
    "Menu:DocumentManagement": "الوثائق",
    "Menu:ProjectManagement": "المشروعات",
    "CreateANewProject": "إنشاء مشروع",
    "Edit": "تعديل",
    "Create": "إنشاء",
    "Pull": "اسحب",
    "Projects": "مشروعات",
    "Name": "اسم",
    "ShortName": "الاسم المختصر",
    "DocumentStoreType": "نوع مخزن المستندات",
    "Format": "تهيئة",
    "ShortNameInfoText": "سيتم استخدامه لعنوان URL فريد.",
    "DisplayName:Name": "الاسم",
    "DisplayName:ShortName": "الاسم المختصر",
    "DisplayName:Format": "تهيئة",
    "DisplayName:DefaultDocumentName": "اسم الوثيقة الافتراضى",
    "DisplayName:NavigationDocumentName": "اسم مستند التنقل",
    "DisplayName:MinimumVersion": "أقل إصدار",
    "DisplayName:MainWebsiteUrl": "عنوان url لموقع الويب الرئيسي",
    "DisplayName:LatestVersionBranchName": "اسم فرع أحدث إصدار",
    "DisplayName:GitHubRootUrl": "عنوان URL الجذر لـ GitHub",
    "DisplayName:GitHubAccessToken": "رمز الوصول إلى GitHub",
    "DisplayName:GitHubUserAgent": "وكيل مستخدم GitHub",
    "DisplayName:GithubVersionProviderSource": "GitHub مصدر موفر إصدار",
    "DisplayName:VersionBranchPrefix": "بادئة فرع الإصدار",
    "DisplayName:All": "سحب الكل",
    "DisplayName:LanguageCode": "رمز اللغة",
    "DisplayName:Version": "إصدار",
    "Documents": "وثائق",
    "RemoveFromCache": "حذف من الذاكرة",
    "Reindex": "إعادة الفهرسة",
    "ReindexCompleted": "تمت إعادة الفهرسة",
    "RemovedFromCache": "تم الحذف من ذاكرة التخزين",
    "RemoveFromCacheConfirmation": "هل أنت متأكد من حذف هذا العنصر من ذاكرة التخزين؟",
    "ReIndexDocumentConfirmation": "هل أنت متأكد من إعادة فهرسة هذا العنصر؟",
    "DeleteFromDatabase": "حذف من قاعدة البيانات",
    "Deleted": "محذوف",
    "Search": "بحث",
    "StartDate": "تاريخ البداية",
    "EndDate": "تاريخ الإنتهاء",
    "CreationTime": "وقت الإنشاء",
    "LastUpdateTime": "آخر تحديث",
    "LastSignificantUpdateTime": "آخر تحديث مهم",
    "Version": "إصدار",
    "LanguageCode": "رمز اللغة",
    "FileName": "اسم الملف",
    "LastCachedTime": "وقت ذاكرة التخزين"
  }
}
