{
  "culture": "de",
  "texts": {
    "Menu:TenantManagement": "Mandantenverwaltung",
    "Tenants": "Mandanten",
    "NewTenant": "Neuer Mandant",
    "TenantName": "Mandantenname",
    "DisplayName:TenantName": "Mandantenname",
    "TenantDeletionConfirmationMessage": "Der Mandant '{0}' wird gelöscht. Sind Sie sicher?",
    "ConnectionStrings": "Verbindungszeichenfolgen",
    "DisplayName:DefaultConnectionString": "Standard Verbindungszeichenfolge",
    "DisplayName:UseSharedDatabase": "Nutze die gemeinsame Datenbank",
    "Permission:TenantManagement": "Mandantenverwaltung",
    "Permission:Create": "Erstellen",
    "Permission:Edit": "Bearbeiten",
    "Permission:Delete": "Löschen",
    "Permission:ManageConnectionStrings": "Verbindungszeichenfolgen verwalten",
    "Permission:ManageFeatures": "Funktionen verwalten",
    "DisplayName:AdminEmailAddress": "Admin E-Mail-Adresse",
    "DisplayName:AdminPassword": "Admin Password"
  }
}