{
  "name": "Volo.CmsKit.Public.Application.Contracts",
  "hash": "dcaa69f9b4fb94f7f9706083b70d5771",
  "contents": [
    {
      "namespace": "Volo.CmsKit.Public",
      "dependsOnModules": [
        {
          "declaringAssemblyName": "Volo.CmsKit.Common.Application.Contracts",
          "namespace": "Volo.CmsKit",
          "name": "CmsKitCommonApplicationContractsModule"
        },
        {
          "declaringAssemblyName": "Volo.Abp.EventBus",
          "namespace": "Volo.Abp.EventBus",
          "name": "AbpEventBusModule"
        }
      ],
      "contentType": "abpModule",
      "name": "CmsKitPublicApplicationContractsModule",
      "summary": null
    }
  ]
}