{
  "name": "Volo.Abp.Identity.Domain",
  "hash": "7736ef4a79faf05ed7e6097700d560ce",
  "contents": [
    {
      "namespace": "Volo.Abp.Identity",
      "contentType": "abpModule",
      "name": "AbpIdentityDomainModule"
    },
    {
      "namespace": "Volo.Abp.Identity",
      "primaryKeyType": "Guid",
      "summary": null,
      "collectionProperties": [],
      "navigationProperties": [],
      "contentType": "aggregateRoot",
      "name": "IdentityClaimType"
    },
    {
      "namespace": "Volo.Abp.Identity",
      "primaryKeyType": "Guid",
      "summary": null,
      "collectionProperties": [],
      "navigationProperties": [],
      "contentType": "aggregateRoot",
      "name": "IdentityLinkUser"
    },
    {
      "namespace": "Volo.Abp.Identity",
      "primaryKeyType": "Guid",
      "summary": "Represents a role in the identity system",
      "collectionProperties": [
        "Volo.Abp.Identity.IdentityRoleClaim"
      ],
      "navigationProperties": [],
      "contentType": "aggregateRoot",
      "name": "IdentityRole"
    },
    {
      "namespace": "Volo.Abp.Identity",
      "primaryKeyType": "Guid",
      "summary": null,
      "collectionProperties": [],
      "navigationProperties": [],
      "contentType": "aggregateRoot",
      "name": "IdentitySecurityLog"
    },
    {
      "namespace": "Volo.Abp.Identity",
      "primaryKeyType": "Guid",
      "summary": null,
      "collectionProperties": [
        "Volo.Abp.Identity.IdentityUserRole",
        "Volo.Abp.Identity.IdentityUserClaim",
        "Volo.Abp.Identity.IdentityUserLogin",
        "Volo.Abp.Identity.IdentityUserToken",
        "Volo.Abp.Identity.IdentityUserOrganizationUnit"
      ],
      "navigationProperties": [],
      "contentType": "aggregateRoot",
      "name": "IdentityUser"
    },
    {
      "namespace": "Volo.Abp.Identity",
      "primaryKeyType": "Guid",
      "summary": "Represents an organization unit (OU).",
      "collectionProperties": [
        "Volo.Abp.Identity.OrganizationUnitRole"
      ],
      "navigationProperties": [],
      "contentType": "aggregateRoot",
      "name": "OrganizationUnit"
    },
    {
      "namespace": "Volo.Abp.Identity",
      "summary": null,
      "contentType": "domainService",
      "name": "IdentityClaimTypeManager"
    },
    {
      "namespace": "Volo.Abp.Identity",
      "summary": null,
      "contentType": "domainService",
      "name": "IdentityRoleManager"
    },
    {
      "namespace": "Volo.Abp.Identity",
      "summary": null,
      "contentType": "domainService",
      "name": "IdentityLinkUserManager"
    },
    {
      "namespace": "Volo.Abp.Identity",
      "summary": null,
      "contentType": "domainService",
      "name": "IdentityUserManager"
    },
    {
      "namespace": "Volo.Abp.Identity",
      "summary": "Performs domain logic for Organization Units.",
      "contentType": "domainService",
      "name": "OrganizationUnitManager"
    },
    {
      "namespace": "Volo.Abp.Identity",
      "summary": null,
      "entityModel": {
        "namespace": "Volo.Abp.Identity",
        "primaryKeyType": "Guid",
        "summary": null,
        "collectionProperties": [],
        "navigationProperties": [],
        "contentType": "entity",
        "name": "IdentityClaimType"
      },
      "contentType": "repositoryInterface",
      "name": "IIdentityClaimTypeRepository"
    },
    {
      "namespace": "Volo.Abp.Identity",
      "summary": null,
      "entityModel": {
        "namespace": "Volo.Abp.Identity",
        "primaryKeyType": "Guid",
        "summary": null,
        "collectionProperties": [],
        "navigationProperties": [],
        "contentType": "entity",
        "name": "IdentityLinkUser"
      },
      "contentType": "repositoryInterface",
      "name": "IIdentityLinkUserRepository"
    },
    {
      "namespace": "Volo.Abp.Identity",
      "summary": null,
      "entityModel": {
        "namespace": "Volo.Abp.Identity",
        "primaryKeyType": "Guid",
        "summary": "Represents a role in the identity system",
        "collectionProperties": [
          "Volo.Abp.Identity.IdentityRoleClaim"
        ],
        "navigationProperties": [],
        "contentType": "entity",
        "name": "IdentityRole"
      },
      "contentType": "repositoryInterface",
      "name": "IIdentityRoleRepository"
    },
    {
      "namespace": "Volo.Abp.Identity",
      "summary": null,
      "entityModel": {
        "namespace": "Volo.Abp.Identity",
        "primaryKeyType": "Guid",
        "summary": null,
        "collectionProperties": [],
        "navigationProperties": [],
        "contentType": "entity",
        "name": "IdentitySecurityLog"
      },
      "contentType": "repositoryInterface",
      "name": "IIdentitySecurityLogRepository"
    },
    {
      "namespace": "Volo.Abp.Identity",
      "summary": null,
      "entityModel": {
        "namespace": "Volo.Abp.Identity",
        "primaryKeyType": "Guid",
        "summary": null,
        "collectionProperties": [
          "Volo.Abp.Identity.IdentityUserRole",
          "Volo.Abp.Identity.IdentityUserClaim",
          "Volo.Abp.Identity.IdentityUserLogin",
          "Volo.Abp.Identity.IdentityUserToken",
          "Volo.Abp.Identity.IdentityUserOrganizationUnit"
        ],
        "navigationProperties": [],
        "contentType": "entity",
        "name": "IdentityUser"
      },
      "contentType": "repositoryInterface",
      "name": "IIdentityUserRepository"
    },
    {
      "namespace": "Volo.Abp.Identity",
      "summary": null,
      "entityModel": {
        "namespace": "Volo.Abp.Identity",
        "primaryKeyType": "Guid",
        "summary": "Represents an organization unit (OU).",
        "collectionProperties": [
          "Volo.Abp.Identity.OrganizationUnitRole"
        ],
        "navigationProperties": [],
        "contentType": "entity",
        "name": "OrganizationUnit"
      },
      "contentType": "repositoryInterface",
      "name": "IOrganizationUnitRepository"
    }
  ]
}