{
  "culture": "el",
  "texts": {
    "Permission:DocumentManagement": "Διαχείρηση αρχείων",
    "Permission:Projects": "Εργα",
    "Permission:Edit": "Επεξεργασία",
    "Permission:Delete": "Διαγραφή",
    "Permission:Create": "Δημιουργία",
    "Permission:Documents": "Αρχεία",
    "Menu:Documents": "Αρχεία",
    "Menu:DocumentManagement": "Αρχεία",
    "Menu:ProjectManagement": "Εργα",
    "CreateANewProject": "Δημιουργία νέου έργου",
    "Edit": "Επεξεργασία",
    "Create": "Δημιουργία",
    "Pull": "Τραβήξτε",
    "Projects": "Εργα",
    "Name": "Όνομα",
    "ShortName": "Μικρό όνομα",
    "DocumentStoreType": "Τύπος αποθήκευσης εγγράφων",
    "Format": "Μορφή",
    "ShortNameInfoText": "Θα χρησιμοποιηθεί για μοναδική διεύθυνση URL.",
    "DisplayName:Name": "Όνομα",
    "DisplayName:ShortName": "Μικρό όνομα",
    "DisplayName:Format": "Μορφή",
    "DisplayName:DefaultDocumentName": "Προεπιλεγμένο όνομα εγγράφου",
    "DisplayName:NavigationDocumentName": "Όνομα εγγράφου πλοήγησης",
    "DisplayName:MinimumVersion": "Ελάχιστη έκδοση",
    "DisplayName:MainWebsiteUrl": "URL του κύριου ιστότοπου",
    "DisplayName:LatestVersionBranchName": "Όνομα υποκαταστήματος τελευταίας έκδοσης",
    "DisplayName:GitHubRootUrl": "GitHub root URL",
    "DisplayName:GitHubAccessToken": "GitHub Διακριτικό πρόσβασης",
    "DisplayName:GitHubUserAgent": "GitHub user agent",
    "DisplayName:GithubVersionProviderSource": "GitHub πηγή παρόχου έκδοσης",
    "DisplayName:VersionBranchPrefix": "Πρόθεμα κλάδου έκδοσης",
    "DisplayName:All": "Τραβήξτε όλα",
    "DisplayName:LanguageCode": "Κωδικός γλώσσας",
    "DisplayName:Version": "Εκδοχή",
    "Documents": "Εγγραφα",
    "RemoveFromCache": "Αφαίρεση από την προσωρινή μνήμη",
    "Reindex": "Επανακαταγραφή",
    "ReindexCompleted": "Ολοκληρώθηκε η επανακαταγραφή",
    "RemovedFromCache": "Καταργήθηκε από την προσωρινή μνήμη",
    "RemoveFromCacheConfirmation": "Είστε βέβαιοι ότι θέλετε να αφαιρέσετε αυτό το στοιχείο από την προσωρινή μνήμη;",
    "ReIndexDocumentConfirmation": "Είστε βέβαιοι ότι θέλετε να αναπροσαρμόσετε αυτό το στοιχείο;",
    "DeleteFromDatabase": "Διαγραφή από τη βάση δεδομένων",
    "Deleted": "Διαγραφή",
    "Search": "Αναζήτηση",
    "StartDate": "Ημερομηνία έναρξης",
    "EndDate": "Ημερομηνία λήξης",
    "CreationTime": "Χρόνος δημιουργίας",
    "LastUpdateTime": "Τελευταία ενημέρωση",
    "LastSignificantUpdateTime": "Τελευταία σημαντική ενημέρωση",
    "Version": "Εκδοχή",
    "LanguageCode": "Κωδικός γλώσσας",
    "FileName": "Όνομα αρχείου",
    "LastCachedTime": "Χρόνος προσωρινής αποθήκευσης"
  }
}