{
  "culture": "is",
  "texts": {
    "Permission:DocumentManagement": "Skjalastjórnun",
    "Permission:Projects": "Verkefni",
    "Permission:Edit": "Breyta",
    "Permission:Delete": "Eyða",
    "Permission:Create": "Búa til",
    "Permission:Documents": "Skjöl",
    "Menu:Documents": "Skjöl",
    "Menu:DocumentManagement": "Skjöl",
    "Menu:ProjectManagement": "Verkefni",
    "CreateANewProject": "Búa til nýtt verkefni",
    "Edit": "Breyta",
    "Create": "Búa til",
    "Pull": "Toga",
    "Projects": "Verkefni",
    "Name": "Nafn",
    "ShortName": "Stutt nafn",
    "DocumentStoreType": "DocumentStoreType",
    "Format": "Snið",
    "ShortNameInfoText": "Verður notað fyrir einstaka vefslóð.",
    "DisplayName:Name": "Nafn",
    "DisplayName:ShortName": "Stutt nafn",
    "DisplayName:Format": "Snið",
    "DisplayName:DefaultDocumentName": "Sjálfgefið heiti skjals",
    "DisplayName:NavigationDocumentName": "Heiti siglingaskjals",
    "DisplayName:MinimumVersion": "Lágmarksútgáfa",
    "DisplayName:MainWebsiteUrl": "Aðalsíða vefslóðar",
    "DisplayName:LatestVersionBranchName": "Nafn nýjastu útgáfa greinar",
    "DisplayName:GitHubRootUrl": "Rótarslóð GitHub",
    "DisplayName:GitHubAccessToken": "Auðkennis tóken frá GitHub",
    "DisplayName:GitHubUserAgent": "GitHub user agent",
    "DisplayName:GithubVersionProviderSource": "GitHub version provider source",
    "DisplayName:VersionBranchPrefix": "Forskeyti útgáfu greinar",
    "DisplayName:All": "Toga allt niður",
    "DisplayName:LanguageCode": "Túngumála kóði",
    "DisplayName:Version": "Útgáfa",
    "Documents": "Skjöl",
    "RemoveFromCache": "Fjarlægja úr skyndiminni",
    "Reindex": "Endurindexa",
    "ReindexCompleted": "Endurindexum lokið",
    "RemovedFromCache": "Fjarlægja úr skyndiminni",
    "RemoveFromCacheConfirmation": "Ertu viss um að þú viljir fjarlægja þetta atriði úr skyndiminni?",
    "ReIndexDocumentConfirmation": "Ertu viss um að þú viljir endurindexa þennan hlut?",
    "DeleteFromDatabase": "Eyða úr gagnagrunni",
    "Deleted": "Eyða",
    "Search": "Leita",
    "StartDate": "Upphafsdagur",
    "EndDate": "Loka dagsetning",
    "CreationTime": "Sköpunartími",
    "LastUpdateTime": "Síðasta uppfærsla",
    "LastSignificantUpdateTime": "Síðasta stóra uppfærsla",
    "Version": "Útgáfa",
    "LanguageCode": "Túngumála kóði",
    "FileName": "Skráar nafn",
    "LastCachedTime": "Tími geymt í skyndiminni"
  }
}