{
  "culture": "it",
  "texts": {
    "Permission:DocumentManagement": "Gestione documenti",
    "Permission:Projects": "Progetti",
    "Permission:Edit": "Modifica",
    "Permission:Delete": "Elimina",
    "Permission:Create": "Crea",
    "Permission:Documents": "Documenti",
    "Menu:Documents": "Documenti",
    "Menu:DocumentManagement": "Documenti",
    "Menu:ProjectManagement": "Progetti",
    "CreateANewProject": "Crea nuovo progetto",
    "Edit": "Modifica",
    "Create": "Crea",
    "Pull": "Tirare",
    "Projects": "Progetti",
    "Name": "Nome",
    "ShortName": "Nome abbreviato",
    "DocumentStoreType": "DocumentStoreType",
    "Format": "Formato",
    "ShortNameInfoText": "Verrà utilizzato per URL univoco.",
    "DisplayName:Name": "Nome",
    "DisplayName:ShortName": "Nome abbreviato",
    "DisplayName:Format": "Formato",
    "DisplayName:DefaultDocumentName": "Nome documento predefinito",
    "DisplayName:NavigationDocumentName": "Nome del documento di navigazione",
    "DisplayName:MinimumVersion": "Versione minima",
    "DisplayName:MainWebsiteUrl": "URL del sito web principale",
    "DisplayName:LatestVersionBranchName": "Nome del ramo della versione più recente",
    "DisplayName:GitHubRootUrl": "URL principale di GitHub",
    "DisplayName:GitHubAccessToken": "Token di accesso GitHub",
    "DisplayName:GitHubUserAgent": "GitHub user agent",
    "DisplayName:GithubVersionProviderSource": "GitHub version provider source",
    "DisplayName:VersionBranchPrefix": "Prefisso branch versione",
    "DisplayName:All": "Pull tutto",
    "DisplayName:LanguageCode": "Codice della lingua",
    "DisplayName:Version": "Versione",
    "Documents": "Documenti",
    "RemoveFromCache": "Rimuovi dalla cache",
    "Reindex": "Reindicizza",
    "ReindexCompleted": "Reindicizzazione completata",
    "RemovedFromCache": "Rimosso dalla cache",
    "RemoveFromCacheConfirmation": "Sei sicuro di voler rimuovere questo elemento dalla cache?",
    "ReIndexDocumentConfirmation": "Sei sicuro di voler reindicizzare questo articolo?",
    "DeleteFromDatabase": "Elimina dal database",
    "Deleted": "Eliminato",
    "Search": "Ricerca",
    "StartDate": "Data d'inizio",
    "EndDate": "Data di fine",
    "CreationTime": "Orario di creazione",
    "LastUpdateTime": "Ultimo aggiornamento",
    "LastSignificantUpdateTime": "Ultimo aggiornamento significativo",
    "Version": "Versione",
    "LanguageCode": "Codice della lingua",
    "FileName": "Nome del file",
    "LastCachedTime": "Tempo di cache"
  }
}