{
  "culture": "pt-BR",
  "texts": {
    "Permission:DocumentManagement": "Gerenciar Documentos",
    "Permission:Projects": "Projetos",
    "Permission:Edit": "Editar",
    "Permission:Delete": "Excluir",
    "Permission:Create": "Criar",
    "Permission:Documents": "Documentos",
    "Menu:Documents": "Documentos",
    "Menu:DocumentManagement": "Documentos",
    "Menu:ProjectManagement": "Projetos",
    "CreateANewProject": "Criar um novo projeto",
    "Edit": "Editar",
    "Create": "Criar",
    "Pull": "Puxar",
    "Projects": "Projetos",
    "Name": "Nome",
    "ShortName": "Nome Curto",
    "DocumentStoreType": "DocumentStoreType",
    "Format": "Formato",
    "ShortNameInfoText": "Será utilizado para URL única.",
    "DisplayName:Name": "Nome",
    "DisplayName:ShortName": "Nome Curto",
    "DisplayName:Format": "Formatar",
    "DisplayName:DefaultDocumentName": "Nome padrão do documento",
    "DisplayName:NavigationDocumentName": "Nome de navegação do documento",
    "DisplayName:MinimumVersion": "Versão mínima",
    "DisplayName:MainWebsiteUrl": "URL do site principal",
    "DisplayName:LatestVersionBranchName": "Nome do branch da última versão",
    "DisplayName:GitHubRootUrl": "URL raíz do GitHub",
    "DisplayName:GitHubAccessToken": "Token de acesso do GitHub",
    "DisplayName:GitHubUserAgent": "Usuário agente do GitHub",
    "DisplayName:GithubVersionProviderSource": "Fonte do provedor de versão do GitHub",
    "DisplayName:VersionBranchPrefix": "Prefixo da ramificação da versão",
    "DisplayName:All": "Puxe tudo",
    "DisplayName:LanguageCode": "Código de idioma",
    "DisplayName:Version": "Versão",
    "Documents": "Documentos",
    "RemoveFromCache": "Remover do cache",
    "Reindex": "Reindexar",
    "ReindexCompleted": "Reindexação concluída",
    "RemovedFromCache": "Removido do cache",
    "RemoveFromCacheConfirmation": "Tem certeza de que deseja remover este item do cache?",
    "ReIndexDocumentConfirmation": "Tem certeza que deseja reindexar este item?",
    "DeleteFromDatabase": "Excluir do banco de dados",
    "Deleted": "Excluído",
    "Search": "Procurar",
    "StartDate": "Data de início",
    "EndDate": "Data final",
    "CreationTime": "Tempo de criação",
    "LastUpdateTime": "Última atualização",
    "LastSignificantUpdateTime": "Última atualização significativa",
    "Version": "Versão",
    "LanguageCode": "Código de idioma",
    "FileName": "Nome do arquivo",
    "LastCachedTime": "Tempo de cache"
  }
}