{
  "culture": "fi",
  "texts": {
    "Menu:Blogs": "Blogit",
    "Menu:BlogManagement": "Bloggaaminen",
    "Permission:Management": "Hallinto",
    "Permission:Edit": "Muokkaus",
    "Permission:Create": "Luonti",
    "Permission:Delete": "Poisto",
    "Permission:Blogging": "Bloggaus",
    "Permission:Blogs": "Blogit",
    "Permission:Posts": "Viestit",
    "Permission:Tags": "Tunnisteet",
    "Permission:Comments": "Kommentit",
    "Permission:ClearCache": "Välimuistin tyhjennys",
    "Title": "Otsikko",
    "Delete": "Poista",
    "Reply": "Vastaa",
    "ReplyTo": "Vastaa osoitteeseen {0}",
    "ContinueReading": "Jatka lukemista",
    "DaysAgo": "{0} päivää sitten",
    "YearsAgo": "{0} vuotta sitten",
    "MonthsAgo": "{0} kuukautta sitten",
    "WeeksAgo": "{0} viikkoa sitten",
    "MinutesAgo": "{0} minuuttia sitten",
    "SecondsAgo": "{0} sekuntia sitten",
    "HoursAgo": "{0} tuntia sitten",
    "Now": "nyt",
    "Content": "Sisältö",
    "SeeAll": "Näytä kaikki",
    "PopularTags": "Suositut tunnisteet",
    "WiewsWithCount": "{0} näyttökertaa",
    "LastPosts": "Viimeiset viestit",
    "LeaveComment": "Jätä kommentti",
    "TagsInThisArticle": "Tunnisteet tässä artikkelissa",
    "Posts": "Viestit",
    "Edit": "Muokkaa",
    "BLOG": "BLOGI",
    "CommentDeletionWarningMessage": "Kommentti poistetaan.",
    "PostDeletionWarningMessage": "Viesti poistetaan.",
    "BlogDeletionWarningMessage": "Blogi poistetaan.",
    "AreYouSure": "Oletko varma?",
    "CommentWithCount": "{0} kommenttia",
    "Comment": "Kommentti",
    "ShareOnTwitter": "Jaa Twitterissä",
    "CoverImage": "Kansikuva",
    "CreateANewPost": "Luo uusi viesti",
    "CreateANewBlog": "Luo uusi blogi",
    "WhatIsNew": "Mitä uutta?",
    "Name": "Nimi",
    "ShortName": "Lyhyt nimi",
    "CreationTime": "Luomisaika",
    "Description": "Kuvaus",
    "Blogs": "Blogit",
    "Tags": "Tunnisteet",
    "ShareOn": "Jaa",
    "TitleLengthWarning": "Pidä otsikkokoko alle 60 merkkiä SEO-ystävällisenä!",
    "ClearCache": "Tyhjennä välimuisti",
    "ClearCacheConfirmationMessage": "Haluatko varmasti tyhjentää välimuistin?",
    "MarkdownSupported": "Markdown on tuettu",
    "FileUploadInfo": "Vedä, pudota tai liitä kopioitu kuva.",
    "PostDescriptionHint": "* Näytetään artikkelin linkin esikatselussa, tukee HTML:ää"
  }
}