{
    "culture": "hr",
    "texts": {
        "Menu:Blogs": "Blogovi",
        "Menu:BlogManagement": "Bloganje",
        "Permission:Management": "Upravljanje",
        "Permission:Edit": "Uredi",
        "Permission:Create": "Dodaj",
        "Permission:Delete": "Izbrisati",
        "Permission:Blogging": "Blog",
        "Permission:Blogs": "Blogovi",
        "Permission:Posts": "Postovi",
        "Permission:Tags": "Tagovi",
        "Permission:Comments": "Komentari",
        "Permission:ClearCache": "Očisti predmemoriju",
        "Title": "Titula",
        "Delete": "Izbrisati",
        "Reply": "Odgovor",
        "ReplyTo": "Odgovor na {0}",
        "ContinueReading": "Nastavi čitati",
        "DaysAgo": "Prije {0} dana",
        "YearsAgo": "Prije {0} godina",
        "MonthsAgo": "Prije {0} mjeseci",
        "WeeksAgo": "Prije {0} tjedana",
        "MinutesAgo": "Prije {0} minuta",
        "SecondsAgo": "Prije {0} sekundi",
        "HoursAgo": "Prije {0} sati",
        "Now": "sada",
        "Content": "Sadržaj",
        "SeeAll": "Vidi sve",
        "PopularTags": "Popularne oznake",
        "WiewsWithCount": "{0} pregleda",
        "LastPosts": "Zadnji postovi",
        "LeaveComment": "Ostavite komentar",
        "TagsInThisArticle": "Oznake u ovom članku",
        "Posts": "Postovi",
        "Edit": "Uredi",
        "BLOG": "BLOG",
        "CommentDeletionWarningMessage": "Komentar će biti izbrisan.",
        "PostDeletionWarningMessage": "Post će biti izbrisan.",
        "BlogDeletionWarningMessage": "Blog će biti izbrisan.",
        "AreYouSure": "Jesi li siguran?",
        "CommentWithCount": "{0} komentara",
        "Comment": "Komentar",
        "ShareOnTwitter": "Podijelite na Twitteru",
        "CoverImage": "Naslovna slika",
        "CreateANewPost": "Napravi novi post",
        "CreateANewBlog": "Napravi novi blog",
        "WhatIsNew": "Što je novo?",
        "Name": "Ime",
        "ShortName": "Nadimak",
        "CreationTime": "Vrijeme stvaranja",
        "Description": "Opis",
        "Blogs": "Blogovi",
        "Tags": "Oznake",
        "ShareOn": "Podijeli na",
        "TitleLengthWarning": "Neka vaš naslov bude ispod 60 znakova kako bi bio SEO optimiziran!",
        "ClearCache": "Očisti predmemoriju",
        "ClearCacheConfirmationMessage": "Jeste li sigurni da želite isprazniti predmemoriju?",
        "MarkdownSupported": "Markdown je podržan",
        "FileUploadInfo": "Povucite, ispustite ili zalijepite kopiranu sliku.",
        "PostDescriptionHint": "* Prikazat će se u pretpregledu veze članka, podržava HTML"
    }
}
