{
  "culture": "hu",
  "texts": {
    "Menu:Blogs": "Blog",
    "Menu:BlogManagement": "Blogolás",
    "Permission:Management": "Menedzsment",
    "Permission:Edit": "Szerkesztés",
    "Permission:Create": "Létrehozás",
    "Permission:Delete": "Törlés",
    "Permission:Blogging": "Blog",
    "Permission:Blogs": "Blogok",
    "Permission:Posts": "Bejegyzések",
    "Permission:Tags": "Címkék",
    "Permission:Comments": "Megjelgyzések",
    "Permission:ClearCache": "Törölje a gyorsítótárat",
    "Title": "Cím",
    "Delete": "Törlés",
    "Reply": "Válasz",
    "ReplyTo": "Válasz erre: {0}",
    "ContinueReading": "Olvasás folytatása",
    "DaysAgo": "{0} napja",
    "YearsAgo": "{0} éve",
    "MonthsAgo": "{0} hónapja",
    "WeeksAgo": "{0} hete",
    "MinutesAgo": "{0} perce",
    "SecondsAgo": "{0} másodperceo",
    "HoursAgo": "{0} órája",
    "Now": "most",
    "Content": "Tartalom",
    "SeeAll": "Összes nézése",
    "PopularTags": "Népszerű címkék",
    "WiewsWithCount": "{0} megtekintés",
    "LastPosts": "Utolsó bejegyzés",
    "LeaveComment": "Hozzászólás elhagyása",
    "TagsInThisArticle": "Címkék ebben a cikkben",
    "Posts": "Bejegyzések",
    "Edit": "Szerkesztés",
    "BLOG": "BLOG",
    "CommentDeletionWarningMessage": "A megjegyzés törlésre kerül.",
    "PostDeletionWarningMessage": "A bejegyzés törlődik.",
    "BlogDeletionWarningMessage": "A blog törlődik.",
    "AreYouSure": "Biztos ebben?",
    "CommentWithCount": "{0} hozzászólás",
    "Comment": "Hozzászólás",
    "ShareOnTwitter": "Megosztás a Twitteren",
    "CoverImage": "Borítókép",
    "CreateANewPost": "Új bejegyzés létrehozása",
    "CreateANewBlog": "Új blog létrehozása",
    "WhatIsNew": "Milyen újdonságok vannak?",
    "Name": "Név",
    "ShortName": "Rövid név",
    "CreationTime": "Létrehozás ideje",
    "Description": "Leírás",
    "Blogs": "Blogok",
    "Tags": "Címkék",
    "ShareOn": "Ossza meg",
    "TitleLengthWarning": "A címméret 60 karakter alatt maradjon hogy SEO-barát legyen!",
    "ClearCache": "Törölje a gyorsítótárat",
    "ClearCacheConfirmationMessage": "Biztosan törli a gyorsítótárat?",
    "MarkdownSupported": "A Markdown támogatott",
    "FileUploadInfo": "Húzza, ejtse vagy illessze be a másolt képet."
  }
}