{
  "name": "Volo.ClientSimulation",
  "hash": "b27173e87617af0317b8a37a169f1571",
  "contents": [
    {
      "namespace": "Volo.ClientSimulation",
      "dependsOnModules": [
        {
          "declaringAssemblyName": "Volo.Abp.Http.Client.IdentityModel",
          "namespace": "Volo.Abp.Http.Client.IdentityModel",
          "name": "AbpHttpClientIdentityModelModule"
        }
      ],
      "contentType": "abpModule",
      "name": "ClientSimulationModule",
      "summary": null
    }
  ]
}