{
  "name": "Volo.ClientSimulation",
  "hash": "61fc616304e3bc48a100b63cf6434f3e",
  "contents": [
    {
      "namespace": "Volo.ClientSimulation",
      "dependsOnModules": [
        {
          "declaringAssemblyName": "Volo.Abp.Http.Client.IdentityModel",
          "namespace": "Volo.Abp.Http.Client.IdentityModel",
          "name": "AbpHttpClientIdentityModelModule"
        }
      ],
      "contentType": "abpModule",
      "name": "ClientSimulationModule",
      "summary": null
    }
  ]
}