{
  "name": "Volo.ClientSimulation",
  "hash": "2052d176c6fae79a38b8cf70cc87e5f9",
  "contents": [
    {
      "namespace": "Volo.ClientSimulation",
      "dependsOnModules": [
        {
          "declaringAssemblyName": "Volo.Abp.Http.Client.IdentityModel",
          "namespace": "Volo.Abp.Http.Client.IdentityModel",
          "name": "AbpHttpClientIdentityModelModule"
        }
      ],
      "contentType": "abpModule",
      "name": "ClientSimulationModule",
      "summary": null
    }
  ]
}