{
  "name": "Volo.Abp.FeatureManagement.HttpApi.Client",
  "hash": "e5a98989f2989512e27975a741b0a13d",
  "contents": [
    {
      "namespace": "Volo.Abp.FeatureManagement",
      "dependsOnModules": [
        {
          "declaringAssemblyName": "Volo.Abp.FeatureManagement.Application.Contracts",
          "namespace": "Volo.Abp.FeatureManagement",
          "name": "AbpFeatureManagementApplicationContractsModule"
        },
        {
          "declaringAssemblyName": "Volo.Abp.Http.Client",
          "namespace": "Volo.Abp.Http.Client",
          "name": "AbpHttpClientModule"
        }
      ],
      "contentType": "abpModule",
      "name": "AbpFeatureManagementHttpApiClientModule",
      "summary": null
    }
  ]
}