{
  "culture": "de",
  "texts": {
    "Menu:Blogs": "Blogs",
    "Menu:BlogManagement": "Blog-Verwaltung",
    "Permission:Blogs": "Blogs",
    "Permission:Management": "Verwaltung",
    "Permission:Edit": "Bearbeiten",
    "Permission:Create": "Erstellen",
    "Permission:Delete": "Löschen",
    "Permission:Blogging": "Blog",
    "Permission:Posts": "Beiträge",
    "Permission:Tags": "Tags",
    "Permission:Comments": "Kommentare",
    "Title": "Titel",
    "Delete": "Löschen",
    "Reply": "Antwort",
    "ReplyTo": "Antwort auf {0}",
    "ContinueReading": "Weiterlesen",
    "DaysAgo": "vor {0} Tagen",
    "YearsAgo": "vor {0} Jahren",
    "MonthsAgo": "vor {0} Monaten",
    "WeeksAgo": "vor {0} Wochen",
    "MinutesAgo": "vor {0} Minuten",
    "SecondsAgo": "vor {0} Sekunden",
    "HoursAgo": "vor {0} Stunden",
    "Now": "jetzt",
    "Content": "Inhalt",
    "SeeAll": "Alle anzeigen",
    "PopularTags": "Beliebte Tags",
    "WiewsWithCount": "{0} Aufrufe",
    "LastPosts": "Letzte Beiträge",
    "LeaveComment": "Kommentar hinterlassen",
    "TagsInThisArticle": "Tags in diesem Artikel",
    "Posts": "Beiträge",
    "Edit": "Bearbeiten",
    "BLOG": "BLOG",
    "CommentDeletionWarningMessage": "Kommentar wird gelöscht.",
    "PostDeletionWarningMessage": "Beitrag wird gelöscht.",
    "BlogDeletionWarningMessage": "Blog wird gelöscht.",
    "AreYouSure": "Sind Sie sicher?",
    "CommentWithCount": "{0} Kommentare",
    "Comment": "Kommentar",
    "ShareOnTwitter": "Auf Twitter teilen",
    "CoverImage": "Titelbild",
    "CreateANewPost": "Neuen Beitrag erstellen",
    "CreateANewBlog": "Neuen Blog erstellen",
    "WhatIsNew": "Was ist neu?",
    "Name": "Name",
    "ShortName": "Kurzname",
    "CreationTime": "Erstellungszeit",
    "Description": "Beschreibung",
    "Blogs": "Blogs",
    "Tags": "Tags",
    "ShareOn": "Teilen auf",
    "TitleLengthWarning": "Halten Sie Ihren Titel unter 60 Zeichen, um SEO-freundlich zu sein!"
  }
}
