{
  "culture": "fr",
  "texts": {
    "Menu:Blogs": "Blogs",
    "Menu:BlogManagement": "Bloguer",
    "Permission:Management": "La gestion",
    "Permission:Edit": "Éditer",
    "Permission:Create": "Créer",
    "Permission:Delete": "Supprimer",
    "Permission:Blogging": "Blog",
    "Permission:Blogs": "Blogs",
    "Permission:Posts": "Des postes",
    "Permission:Tags": "Mots clés",
    "Permission:Comments": "commentaires",
    "Permission:ClearCache": "Vider le cache",
    "Title": "Titre",
    "Delete": "Supprimer",
    "Reply": "Répondre",
    "ReplyTo": "Répondre à {0}",
    "ContinueReading": "Continuer la lecture",
    "DaysAgo": "Il y a {0} jours",
    "YearsAgo": "Il y a {0} ans",
    "MonthsAgo": "Il y a {0} mois",
    "WeeksAgo": "Il y a {0} semaines",
    "MinutesAgo": "Il y a {0} minutes",
    "SecondsAgo": "Il y a {0} secondes",
    "HoursAgo": "Il y a {0} heures",
    "Now": "maintenant",
    "Content": "Contenu",
    "SeeAll": "Voir tout",
    "PopularTags": "Tags populaires",
    "WiewsWithCount": "{0} vues",
    "LastPosts": "Derniers messages",
    "LeaveComment": "Laisse un commentaire",
    "TagsInThisArticle": "Tags dans cet article",
    "Posts": "Des postes",
    "Edit": "Éditer",
    "BLOG": "BLOG",
    "CommentDeletionWarningMessage": "Le commentaire sera supprimé.",
    "PostDeletionWarningMessage": "Le message sera supprimé.",
    "BlogDeletionWarningMessage": "Le blog sera supprimé.",
    "AreYouSure": "Êtes-vous sûr?",
    "CommentWithCount": "{0} commentaire",
    "Comment": "Commentaire",
    "ShareOnTwitter": "Partager sur Twitter",
    "CoverImage": "Image de couverture",
    "CreateANewPost": "Créer un nouveau message",
    "CreateANewBlog": "Créer un nouveau blog",
    "WhatIsNew": "Ce qui est nouveau?",
    "Name": "Nom",
    "ShortName": "Nom court",
    "CreationTime": "Temps de creation",
    "Description": "La description",
    "Blogs": "Blogs",
    "Tags": "Mots clés",
    "ShareOn": "Partager sur",
    "TitleLengthWarning": "Gardez la taille de votre titre sous 60 caractères pour être optimisé pour le référencement!",
    "ClearCache": "Vider le cache",
    "ClearCacheConfirmationMessage": "Voulez-vous vraiment vider le cache?"
  }
}