{
  "culture": "hi",
  "texts": {
    "Menu:Blogs": "ब्लॉग",
    "Menu:BlogManagement": "ब्लॉगिंग",
    "Permission:Management": "प्रबंध",
    "Permission:Edit": "संपादित करें",
    "Permission:Create": "सृजन करना",
    "Permission:Delete": "हटाएं",
    "Permission:Blogging": "ब्लॉग",
    "Permission:Blogs": "ब्लॉग",
    "Permission:Posts": "पदों",
    "Permission:Tags": "टैग",
    "Permission:Comments": "टिप्पणियाँ",
    "Permission:ClearCache": "कैश को साफ़ करें",
    "Title": "शीर्षक",
    "Delete": "हटाएं",
    "Reply": "जवाब दे दो",
    "ReplyTo": "उत्तर देने के लिए {0}",
    "ContinueReading": "जारी रखें पढ़ रहे हैं",
    "DaysAgo": "{0} दिन पहले",
    "YearsAgo": "{0} साल पहले",
    "MonthsAgo": "{0} महीने पहले",
    "WeeksAgo": "{0} सप्ताह पहले",
    "MinutesAgo": "{0} मिनट पहले",
    "SecondsAgo": "{0} सेकंड पहले",
    "HoursAgo": "{0} घंटे पहले",
    "Now": "अब क",
    "Content": "सामग्री",
    "SeeAll": "सभी देखें",
    "PopularTags": "प्रसिद्ध टग्स",
    "WiewsWithCount": "{0} दृश्य",
    "LastPosts": "अंतिम पोस्ट",
    "LeaveComment": "टिप्पणी दें",
    "TagsInThisArticle": "इस लेख में टैग किया गया है",
    "Posts": "पदों",
    "Edit": "संपादित करें",
    "BLOG": "ब्लॉग",
    "CommentDeletionWarningMessage": "टिप्पणी हटा दी जाएगी।",
    "PostDeletionWarningMessage": "पोस्ट हटा दी जाएगी।",
    "BlogDeletionWarningMessage": "ब्लॉग डिलीट हो जाएगा।",
    "AreYouSure": "क्या आपको यकीन है?",
    "CommentWithCount": "{0} comments",
    "Comment": "टिप्पणी",
    "ShareOnTwitter": "ट्विटर पर साझा करें",
    "CoverImage": "कवर छवि",
    "CreateANewPost": "एक नई पोस्ट बनाएँ",
    "CreateANewBlog": "एक नया ब्लॉग बनाएँ",
    "WhatIsNew": "नया क्या है?",
    "Name": "नाम",
    "ShortName": "संक्षिप्त नाम",
    "CreationTime": "रचना समय",
    "Description": "विवरण",
    "Blogs": "ब्लॉग",
    "Tags": "टैग",
    "ShareOn": "पर साझा करें",
    "TitleLengthWarning": "60 अक्षरों के नीचे अपने शीर्षक का आकार एसईओ के अनुकूल रखें!",
    "ClearCache": "कैश को साफ़ करें",
    "ClearCacheConfirmationMessage": "क्या आप वाकई कैश साफ़ करना चाहते हैं?"
  }
}