{
  "culture": "it",
  "texts": {
    "Menu:Blogs": "Blog",
    "Menu:BlogManagement": "Blogging",
    "Permission:Management": "Gestione",
    "Permission:Edit": "Modifica",
    "Permission:Create": "Crea",
    "Permission:Delete": "Elimina",
    "Permission:Blogging": "Blog",
    "Permission:Blogs": "Blog",
    "Permission:Posts": "Messaggi",
    "Permission:Tags": "Tag",
    "Permission:Comments": "Commenti",
    "Permission:ClearCache": "Cancella cache",
    "Title": "Titolo",
    "Delete": "Elimina",
    "Reply": "Rispondi",
    "ReplyTo": "Rispondi a {0}",
    "ContinueReading": "Continua a leggere",
    "DaysAgo": "{0} giorni fa",
    "YearsAgo": "{0} anni fa",
    "MonthsAgo": "{0} mesi fa",
    "WeeksAgo": "{0} settimane fa",
    "MinutesAgo": "{0} minuti fa",
    "SecondsAgo": "{0} secondi fa",
    "HoursAgo": "{0} ore fa",
    "Now": "adesso",
    "Content": "Contenuto",
    "SeeAll": "Vedi tutto",
    "PopularTags": "Tag popolari",
    "WiewsWithCount": "{0} visualizzazioni",
    "LastPosts": "Ultimi messaggi",
    "LeaveComment": "Lascia un commento",
    "TagsInThisArticle": "Tag in questo articolo",
    "Posts": "Messaggi",
    "Edit": "Modifica",
    "BLOG": "BLOG",
    "CommentDeletionWarningMessage": "Il commento verrà eliminato.",
    "PostDeletionWarningMessage": "Il post verrà eliminato.",
    "BlogDeletionWarningMessage": "Il blog verrà eliminato.",
    "AreYouSure": "Sei sicuro?",
    "CommentWithCount": "{0} commenti",
    "Comment": "Commento",
    "ShareOnTwitter": "Condividi su Twitter",
    "CoverImage": "Immagine di copertina",
    "CreateANewPost": "Crea un nuovo post",
    "CreateANewBlog": "Crea un nuovo blog",
    "WhatIsNew": "Cosa c'è di nuovo?",
    "Name": "Nome",
    "ShortName": "Nome abbreviato",
    "CreationTime": "Orario di creazione",
    "Description": "Descrizione",
    "Blogs": "Blog",
    "Tags": "Tag",
    "ShareOn": "Condividere su",
    "TitleLengthWarning": "Mantieni la dimensione del titolo sotto i 60 caratteri per essere SEO friendly!",
    "ClearCache": "Cancella cache",
    "ClearCacheConfirmationMessage": "Sei sicuro di voler svuotare la cache?"
  }
}