{
  "culture": "nl",
  "texts": {
    "Menu:Blogs": "Blogs",
    "Menu:BlogManagement": "Blogbeheer",
    "Permission:Management": "Beheer",
    "Permission:Edit": "Wijzigen",
    "Permission:Create": "Toevoegen",
    "Permission:Delete": "Verwijderen",
    "Permission:Blogging": "Blog",
    "Permission:Blogs": "Blogs",
    "Permission:Posts": "Berichten",
    "Permission:Tags": "Tags",
    "Permission:Comments": "Opmerkingen",
    "Permission:ClearCache": "Cache wissen",
    "Title": "Titel",
    "Delete": "Verwijder",
    "Reply": "Antwoord",
    "ReplyTo": "Antwoord aan {0}",
    "ContinueReading": "Lees verder",
    "DaysAgo": "{0} dagen geleden",
    "YearsAgo": "{0} jaar geleden",
    "MonthsAgo": "{0} maanden geleden",
    "WeeksAgo": "{0} weken geleden",
    "MinutesAgo": "{0} minuten geleden",
    "SecondsAgo": "{0} seconden geleden",
    "HoursAgo": "{0} uur geleden",
    "Now": "nu",
    "Content": "Inhoud",
    "SeeAll": "Alles zien",
    "PopularTags": "Populaire tags",
    "WiewsWithCount": "{0} keer bekeken",
    "LastPosts": "Laatste berichten",
    "LeaveComment": "Laat opmerking achter",
    "TagsInThisArticle": "Tags in dit artikel",
    "Posts": "Berichten",
    "Edit": "Wijzigen",
    "BLOG": "BLOG",
    "CommentDeletionWarningMessage": "Opmerking wordt verwijderd.",
    "PostDeletionWarningMessage": "Bericht wordt verwijderd.",
    "BlogDeletionWarningMessage": "Blog wordt verwijderd.",
    "AreYouSure": "Weet u het zeker?",
    "CommentWithCount": "{0} opmerkingen",
    "Comment": "Opmerking",
    "ShareOnTwitter": "Delen op Twitter",
    "CoverImage": "Omslagfoto",
    "CreateANewPost": "Maak een nieuw bericht",
    "CreateANewBlog": "Maak een nieuwe Blog",
    "WhatIsNew": "Wat is nieuw?",
    "Name": "Naam",
    "ShortName": "Korte naam",
    "CreationTime": "aanmaak tijd",
    "Description": "Beschrijving",
    "Blogs": "Blogs",
    "Tags": "Tags",
    "ShareOn": "Delen op",
    "TitleLengthWarning": "Houd uw titel kleiner dan 60 tekens om SEO-vriendelijk te zijn!",
    "ClearCache": "Cache wissen",
    "ClearCacheConfirmationMessage": "Weet u zeker dat u de cache wilt wissen?"
  }
}