{
  "culture": "ru",
  "texts": {
    "Menu:Blogs": "Блоги",
    "Menu:BlogManagement": "Управление блогом",
    "Title": "Заголовок",
    "Delete": "Удалить",
    "Reply": "Ответить",
    "ReplyTo": "Ответить {0}",
    "ContinueReading": "Продолжить чтение",
    "DaysAgo": "{0} дней назад",
    "YearsAgo": "{0} лет назад",
    "MonthsAgo": "{0} месяцев назад",
    "WeeksAgo": "{0} недель назад",
    "MinutesAgo": "{0} минут назад",
    "SecondsAgo": "{0} секунд назад",
    "HoursAgo": "{0} часов назад",
    "Now": "сейчас",
    "Content": "Содержание",
    "SeeAll": "Увидеть все",
    "PopularTags": "Популярные тэги",
    "WiewsWithCount": "{0} просмотров",
    "LastPosts": "Последние записи",
    "LeaveComment": "Оставить комментарий",
    "TagsInThisArticle": "Теги в этой статье",
    "Posts": "Записи",
    "Edit": "Редактировать",
    "BLOG": "БЛОГ",
    "CommentDeletionWarningMessage": "Комментарий будет удален.",
    "PostDeletionWarningMessage": "Запись будет удалена.",
    "BlogDeletionWarningMessage": "Блог будет удален.",
    "AreYouSure": "Вы уверены?",
    "CommentWithCount": "{0} комментариев",
    "Comment": "Комментарий",
    "ShareOnTwitter": "Поделиться в Twitter",
    "CoverImage": "Обложка",
    "CreateANewPost": "Создать новый пост",
    "CreateANewBlog": "Создать новый блог",
    "WhatIsNew": "Что нового?",
    "Name": "Имя",
    "ShortName": "Фамилия",
    "CreationTime": "Время создания",
    "Description": "Описание",
    "Blogs": "Блоги",
    "Tags": "Теги"
  }
}
