{
  "culture": "sk",
  "texts": {
    "Menu:Blogs": "Blogy",
    "Menu:BlogManagement": "Blogovanie",
    "Permission:Management": "Manažment",
    "Permission:Edit": "Upraviť",
    "Permission:Create": "Vytvoriť",
    "Permission:Delete": "Zmazať",
    "Permission:Blogging": "Blog",
    "Permission:Blogs": "Blogy",
    "Permission:Posts": "Príspevky",
    "Permission:Tags": "Tagy",
    "Permission:Comments": "Komentáre",
    "Permission:ClearCache": "Vyčistiť vyrovnávaciu pamäť",
    "Title": "Názov",
    "Delete": "Zmazať",
    "Reply": "Odpovedať",
    "ReplyTo": "Odpovedať na {0}",
    "ContinueReading": "Pokračovať v čítaní",
    "DaysAgo": "pred {0} dňami",
    "YearsAgo": "pred {0} rokmi",
    "MonthsAgo": "pred {0} mesiacmi",
    "WeeksAgo": "pred {0} týždňami",
    "MinutesAgo": "pred {0} minútami",
    "SecondsAgo": "pred {0} sekundami",
    "HoursAgo": "pred {0} hodinami",
    "Now": "teraz",
    "Content": "Obsah",
    "SeeAll": "Pozri všetko",
    "PopularTags": "Populárne tagy",
    "WiewsWithCount": "{0} zobrazení",
    "LastPosts": "Nedávne príspevky",
    "LeaveComment": "Zanechať komentár",
    "TagsInThisArticle": "Tagy v tomto článku",
    "Posts": "Príspevky",
    "Edit": "Upraviť",
    "BLOG": "BLOG",
    "CommentDeletionWarningMessage": "Komentár bude vymazaný.",
    "PostDeletionWarningMessage": "Príspevok bude vymazaný.",
    "BlogDeletionWarningMessage": "Blog bude vymazaný.",
    "AreYouSure": "Ste si istý?",
    "CommentWithCount": "{0} komentáre",
    "Comment": "Komentár",
    "ShareOnTwitter": "Zdieľať na Twitteri",
    "CoverImage": "Titulný obrázok",
    "CreateANewPost": "Vytvoriť nový príspevok",
    "CreateANewBlog": "Vytvoriť nový blog",
    "WhatIsNew": "Čo je nové?",
    "Name": "Názov",
    "ShortName": "Krátky názov",
    "CreationTime": "Čas vytvorenia",
    "Description": "Popis",
    "Blogs": "Blogy",
    "Tags": "Tagy",
    "ShareOn": "Zdieľať na",
    "TitleLengthWarning": "Do nadpisu zadajte maximálne 60 znakov, aby bol vhodný pre SEO!",
    "ClearCache": "Vyčistiť vyrovnávaciu pamäť",
    "ClearCacheConfirmationMessage": "Ste si istý, že chcete vyčistiť vyrovnávaciu pamäť?"
  }
}