{
  "name": "Volo.Abp.SettingManagement.MongoDB",
  "hash": "6efffef384fc573f89f9dca244bc85aa",
  "contents": [
    {
      "namespace": "Volo.Abp.SettingManagement.MongoDB",
      "dependsOnModules": [
        {
          "declaringAssemblyName": "Volo.Abp.SettingManagement.Domain",
          "namespace": "Volo.Abp.SettingManagement",
          "name": "AbpSettingManagementDomainModule"
        },
        {
          "declaringAssemblyName": "Volo.Abp.MongoDB",
          "namespace": "Volo.Abp.MongoDB",
          "name": "AbpMongoDbModule"
        }
      ],
      "implementingInterfaces": [
        {
          "name": "IAbpModule",
          "namespace": "Volo.Abp.Modularity",
          "declaringAssemblyName": "Volo.Abp.Core",
          "fullName": "Volo.Abp.Modularity.IAbpModule"
        },
        {
          "name": "IOnPreApplicationInitialization",
          "namespace": "Volo.Abp.Modularity",
          "declaringAssemblyName": "Volo.Abp.Core",
          "fullName": "Volo.Abp.Modularity.IOnPreApplicationInitialization"
        },
        {
          "name": "IOnApplicationInitialization",
          "namespace": "Volo.Abp",
          "declaringAssemblyName": "Volo.Abp.Core",
          "fullName": "Volo.Abp.IOnApplicationInitialization"
        },
        {
          "name": "IOnPostApplicationInitialization",
          "namespace": "Volo.Abp.Modularity",
          "declaringAssemblyName": "Volo.Abp.Core",
          "fullName": "Volo.Abp.Modularity.IOnPostApplicationInitialization"
        },
        {
          "name": "IOnApplicationShutdown",
          "namespace": "Volo.Abp",
          "declaringAssemblyName": "Volo.Abp.Core",
          "fullName": "Volo.Abp.IOnApplicationShutdown"
        },
        {
          "name": "IPreConfigureServices",
          "namespace": "Volo.Abp.Modularity",
          "declaringAssemblyName": "Volo.Abp.Core",
          "fullName": "Volo.Abp.Modularity.IPreConfigureServices"
        },
        {
          "name": "IPostConfigureServices",
          "namespace": "Volo.Abp.Modularity",
          "declaringAssemblyName": "Volo.Abp.Core",
          "fullName": "Volo.Abp.Modularity.IPostConfigureServices"
        }
      ],
      "contentType": "abpModule",
      "name": "AbpSettingManagementMongoDbModule",
      "summary": null
    },
    {
      "namespace": "Volo.Abp.SettingManagement.MongoDB",
      "connectionStringName": "AbpSettingManagement",
      "databaseCollections": [
        {
          "entityFullName": "Volo.Abp.SettingManagement.Setting",
          "contentType": "databaseCollection",
          "name": "AbpSettings",
          "summary": null
        }
      ],
      "implementingInterfaces": [
        {
          "name": "IAbpMongoDbContext",
          "namespace": "Volo.Abp.MongoDB",
          "declaringAssemblyName": "Volo.Abp.MongoDB",
          "fullName": "Volo.Abp.MongoDB.IAbpMongoDbContext"
        },
        {
          "name": "ITransientDependency",
          "namespace": "Volo.Abp.DependencyInjection",
          "declaringAssemblyName": "Volo.Abp.Core",
          "fullName": "Volo.Abp.DependencyInjection.ITransientDependency"
        },
        {
          "name": "ISettingManagementMongoDbContext",
          "namespace": "Volo.Abp.SettingManagement.MongoDB",
          "declaringAssemblyName": "Volo.Abp.SettingManagement.MongoDB",
          "fullName": "Volo.Abp.SettingManagement.MongoDB.ISettingManagementMongoDbContext"
        }
      ],
      "contentType": "mongoDbContext",
      "name": "SettingManagementMongoDbContext",
      "summary": null
    }
  ]
}