{
  "name": "Volo.Abp.AspNetCore.Components.Server.BasicTheme",
  "hash": "38219f6f08614e29928a72566f2b2c8c",
  "contents": [
    {
      "namespace": "Volo.Abp.AspNetCore.Components.Server.BasicTheme",
      "dependsOnModules": [
        {
          "declaringAssemblyName": "Volo.Abp.AspNetCore.Components.Web.BasicTheme",
          "namespace": "Volo.Abp.AspNetCore.Components.Web.BasicTheme",
          "name": "AbpAspNetCoreComponentsWebBasicThemeModule"
        },
        {
          "declaringAssemblyName": "Volo.Abp.AspNetCore.Components.Server.Theming",
          "namespace": "Volo.Abp.AspNetCore.Components.Server.Theming",
          "name": "AbpAspNetCoreComponentsServerThemingModule"
        }
      ],
      "contentType": "abpModule",
      "name": "AbpAspNetCoreComponentsServerBasicThemeModule",
      "summary": null
    }
  ]
}