{
  "name": "Volo.Abp.SettingManagement.EntityFrameworkCore",
  "hash": "75205127c5d87607568584ee5395bbf5",
  "contents": [
    {
      "namespace": "Volo.Abp.SettingManagement.EntityFrameworkCore",
      "dependsOnModules": [
        {
          "declaringAssemblyName": "Volo.Abp.SettingManagement.Domain",
          "namespace": "Volo.Abp.SettingManagement",
          "name": "AbpSettingManagementDomainModule"
        },
        {
          "declaringAssemblyName": "Volo.Abp.EntityFrameworkCore",
          "namespace": "Volo.Abp.EntityFrameworkCore",
          "name": "AbpEntityFrameworkCoreModule"
        }
      ],
      "contentType": "abpModule",
      "name": "AbpSettingManagementEntityFrameworkCoreModule",
      "summary": null
    },
    {
      "namespace": "Volo.Abp.SettingManagement.EntityFrameworkCore",
      "connectionStringName": "AbpSettingManagement",
      "databaseTables": [
        {
          "entityFullName": "Volo.Abp.SettingManagement.Setting",
          "contentType": "databaseTable",
          "name": "AbpSettings",
          "summary": null
        }
      ],
      "contentType": "efCoreDbContext",
      "name": "SettingManagementDbContext",
      "summary": null
    }
  ]
}