{
  "name": "Volo.Abp.PermissionManagement.Domain.Identity",
  "hash": "f5f853e08968f76eb853760c11c117c6",
  "contents": [
    {
      "namespace": "Volo.Abp.PermissionManagement.Identity",
      "dependsOnModules": [
        {
          "declaringAssemblyName": "Volo.Abp.Identity.Domain.Shared",
          "namespace": "Volo.Abp.Identity",
          "name": "AbpIdentityDomainSharedModule"
        },
        {
          "declaringAssemblyName": "Volo.Abp.PermissionManagement.Domain",
          "namespace": "Volo.Abp.PermissionManagement",
          "name": "AbpPermissionManagementDomainModule"
        }
      ],
      "contentType": "abpModule",
      "name": "AbpPermissionManagementDomainIdentityModule",
      "summary": null
    }
  ]
}