{
  "name": "Volo.Abp.PermissionManagement.Domain.Identity",
  "hash": "6a963f3822bd9ee690313e7c7c6144e0",
  "contents": [
    {
      "namespace": "Volo.Abp.PermissionManagement.Identity",
      "dependsOnModules": [
        {
          "declaringAssemblyName": "Volo.Abp.Identity.Domain.Shared",
          "namespace": "Volo.Abp.Identity",
          "name": "AbpIdentityDomainSharedModule"
        },
        {
          "declaringAssemblyName": "Volo.Abp.PermissionManagement.Domain",
          "namespace": "Volo.Abp.PermissionManagement",
          "name": "AbpPermissionManagementDomainModule"
        }
      ],
      "contentType": "abpModule",
      "name": "AbpPermissionManagementDomainIdentityModule",
      "summary": null
    }
  ]
}