{
  "name": "Volo.Abp.SettingManagement.Domain",
  "hash": "37b9125f574cfb3109d423800162a2c1",
  "contents": [
    {
      "namespace": "Volo.Abp.SettingManagement",
      "contentType": "abpModule",
      "name": "AbpSettingManagementDomainModule"
    },
    {
      "namespace": "Volo.Abp.SettingManagement",
      "primaryKeyType": "Guid",
      "summary": null,
      "collectionProperties": [],
      "navigationProperties": [],
      "contentType": "aggregateRoot",
      "name": "Setting"
    },
    {
      "namespace": "Volo.Abp.SettingManagement",
      "summary": null,
      "entityAnalyzeModel": {
        "namespace": "Volo.Abp.SettingManagement",
        "primaryKeyType": "Guid",
        "summary": null,
        "collectionProperties": [],
        "navigationProperties": [],
        "contentType": "entity",
        "name": "Setting"
      },
      "contentType": "repositoryInterface",
      "name": "ISettingRepository"
    }
  ]
}