{
  "name": "Volo.CmsKit.Admin.HttpApi",
  "hash": "6bbd9b0d5f934fd2770ba5d979636476",
  "contents": [
    {
      "namespace": "Volo.CmsKit.Admin",
      "dependsOnModules": [
        {
          "declaringAssemblyName": "Volo.CmsKit.Admin.Application.Contracts",
          "namespace": "Volo.CmsKit.Admin",
          "name": "CmsKitAdminApplicationContractsModule"
        },
        {
          "declaringAssemblyName": "Volo.CmsKit.Common.HttpApi",
          "namespace": "Volo.CmsKit",
          "name": "CmsKitCommonHttpApiModule"
        }
      ],
      "contentType": "abpModule",
      "name": "CmsKitAdminHttpApiModule",
      "summary": null
    }
  ]
}