{
  "name": "Volo.Abp.AspNetCore.Components.Web.BasicTheme",
  "hash": "f1af6e63bbee31fb0721f1bda5e34924",
  "contents": [
    {
      "namespace": "Volo.Abp.AspNetCore.Components.Web.BasicTheme",
      "dependsOnModules": [
        {
          "declaringAssemblyName": "Volo.Abp.AspNetCore.Components.Web.Theming",
          "namespace": "Volo.Abp.AspNetCore.Components.Web.Theming",
          "name": "AbpAspNetCoreComponentsWebThemingModule"
        }
      ],
      "contentType": "abpModule",
      "name": "AbpAspNetCoreComponentsWebBasicThemeModule",
      "summary": null
    }
  ]
}