{
  "name": "Volo.Abp.AspNetCore.Components.Web.BasicTheme",
  "hash": "fe1fda8cdff4a7a5d23e013ee86ddcf5",
  "contents": [
    {
      "namespace": "Volo.Abp.AspNetCore.Components.Web.BasicTheme",
      "dependsOnModules": [
        {
          "declaringAssemblyName": "Volo.Abp.AspNetCore.Components.Web.Theming",
          "namespace": "Volo.Abp.AspNetCore.Components.Web.Theming",
          "name": "AbpAspNetCoreComponentsWebThemingModule"
        }
      ],
      "contentType": "abpModule",
      "name": "AbpAspNetCoreComponentsWebBasicThemeModule",
      "summary": null
    }
  ]
}