{
  "name": "Volo.Abp.AspNetCore.Components.Web.BasicTheme",
  "hash": "a6c9ad012a8f90f803a54f6f60262975",
  "contents": [
    {
      "namespace": "Volo.Abp.AspNetCore.Components.Web.BasicTheme",
      "dependsOnModules": [
        {
          "declaringAssemblyName": "Volo.Abp.AspNetCore.Components.Web.Theming",
          "namespace": "Volo.Abp.AspNetCore.Components.Web.Theming",
          "name": "AbpAspNetCoreComponentsWebThemingModule"
        }
      ],
      "contentType": "abpModule",
      "name": "AbpAspNetCoreComponentsWebBasicThemeModule",
      "summary": null
    }
  ]
}