{
  "name": "Volo.Blogging.Admin.Application.Contracts",
  "hash": "dc6d2db7ec534761166d4f9645e2f758",
  "contents": [
    {
      "namespace": "Volo.Blogging.Admin",
      "dependsOnModules": [
        {
          "declaringAssemblyName": "Volo.Blogging.Application.Contracts.Shared",
          "namespace": "Volo.Blogging",
          "name": "BloggingApplicationContractsSharedModule"
        }
      ],
      "contentType": "abpModule",
      "name": "BloggingAdminApplicationContractsModule",
      "summary": null
    }
  ]
}