{
  "culture": "el",
  "texts": {
    "Features": "Χαρακτηριστικά",
    "NoFeatureFoundMessage": "Δεν διατίθεται καποιο χαρακτηριστικο.",
    "Permission:FeatureManagement": "Διαχείριση χαρακτηριστικών",
    "Permission:FeatureManagement.ManageHostFeatures": "Διαχείριση Χαρακτηριστικών Εξυπηρετήτη",
    "Volo.Abp.FeatureManagement:InvalidFeatureValue" : "Η τιμή χαρακτηριστικού {0} δεν ειναι έγκυρη!"
  }
}