{
  "name": "Volo.Abp.TenantManagement.Domain.Shared",
  "hash": "d0d9d18f2bfc8e26ce5337fd8b5796cd",
  "contents": [
    {
      "namespace": "Volo.Abp.TenantManagement",
      "dependsOnModules": [
        {
          "declaringAssemblyName": "Volo.Abp.Validation",
          "namespace": "Volo.Abp.Validation",
          "name": "AbpValidationModule"
        }
      ],
      "contentType": "abpModule",
      "name": "AbpTenantManagementDomainSharedModule",
      "summary": null
    }
  ]
}