{
  "name": "Volo.Abp.TenantManagement.Domain.Shared",
  "hash": "8c8d95146cc210c2c4568c46a3f57329",
  "contents": [
    {
      "namespace": "Volo.Abp.TenantManagement",
      "dependsOnModules": [
        {
          "declaringAssemblyName": "Volo.Abp.Validation",
          "namespace": "Volo.Abp.Validation",
          "name": "AbpValidationModule"
        }
      ],
      "contentType": "abpModule",
      "name": "AbpTenantManagementDomainSharedModule",
      "summary": null
    }
  ]
}