{
  "name": "Volo.Abp.TenantManagement.Domain.Shared",
  "hash": "0da95cf77a72a7d12e5c0a533fe1c99f",
  "contents": [
    {
      "namespace": "Volo.Abp.TenantManagement",
      "dependsOnModules": [
        {
          "declaringAssemblyName": "Volo.Abp.Validation",
          "namespace": "Volo.Abp.Validation",
          "name": "AbpValidationModule"
        }
      ],
      "contentType": "abpModule",
      "name": "AbpTenantManagementDomainSharedModule",
      "summary": null
    }
  ]
}