{
  "name": "Volo.Abp.FeatureManagement.Domain",
  "hash": "36e11b19143fa7a174276804d15dabd0",
  "contents": [
    {
      "namespace": "Volo.Abp.FeatureManagement",
      "contentType": "abpModule",
      "name": "AbpFeatureManagementDomainModule"
    },
    {
      "namespace": "Volo.Abp.FeatureManagement",
      "primaryKeyType": "Guid",
      "summary": null,
      "collectionProperties": [],
      "navigationProperties": [],
      "contentType": "aggregateRoot",
      "name": "FeatureValue"
    },
    {
      "namespace": "Volo.Abp.FeatureManagement",
      "summary": null,
      "entityModel": {
        "namespace": "Volo.Abp.FeatureManagement",
        "primaryKeyType": "Guid",
        "summary": null,
        "collectionProperties": [],
        "navigationProperties": [],
        "contentType": "entity",
        "name": "FeatureValue"
      },
      "contentType": "repositoryInterface",
      "name": "IFeatureValueRepository"
    }
  ]
}