{
  "name": "Volo.CmsKit.Common.Application.Contracts",
  "hash": "70c23e6439b7bcbd8f0248c96e5f6372",
  "contents": [
    {
      "namespace": "Volo.CmsKit",
      "dependsOnModules": [
        {
          "declaringAssemblyName": "Volo.CmsKit.Domain.Shared",
          "namespace": "Volo.CmsKit",
          "name": "CmsKitDomainSharedModule"
        },
        {
          "declaringAssemblyName": "Volo.Abp.Ddd.Application.Contracts",
          "namespace": "Volo.Abp.Application",
          "name": "AbpDddApplicationContractsModule"
        },
        {
          "declaringAssemblyName": "Volo.Abp.Authorization",
          "namespace": "Volo.Abp.Authorization",
          "name": "AbpAuthorizationModule"
        },
        {
          "declaringAssemblyName": "Volo.Abp.Caching",
          "namespace": "Volo.Abp.Caching",
          "name": "AbpCachingModule"
        }
      ],
      "contentType": "abpModule",
      "name": "CmsKitCommonApplicationContractsModule",
      "summary": null
    }
  ]
}