{
  "name": "Volo.Abp.TenantManagement.Web",
  "hash": "f985e736986d86736082b56a777dd082",
  "contents": [
    {
      "namespace": "Volo.Abp.TenantManagement.Web",
      "dependsOnModules": [
        {
          "declaringAssemblyName": "Volo.Abp.TenantManagement.Application.Contracts",
          "namespace": "Volo.Abp.TenantManagement",
          "name": "AbpTenantManagementApplicationContractsModule"
        },
        {
          "declaringAssemblyName": "Volo.Abp.AspNetCore.Mvc.UI.Bootstrap",
          "namespace": "Volo.Abp.AspNetCore.Mvc.UI.Bootstrap",
          "name": "AbpAspNetCoreMvcUiBootstrapModule"
        },
        {
          "declaringAssemblyName": "Volo.Abp.FeatureManagement.Web",
          "namespace": "Volo.Abp.FeatureManagement",
          "name": "AbpFeatureManagementWebModule"
        },
        {
          "declaringAssemblyName": "Volo.Abp.AutoMapper",
          "namespace": "Volo.Abp.AutoMapper",
          "name": "AbpAutoMapperModule"
        }
      ],
      "contentType": "abpModule",
      "name": "AbpTenantManagementWebModule",
      "summary": null
    }
  ]
}