{
  "name": "Volo.Abp.Account.Web.IdentityServer",
  "hash": "ad07a0f814fee25569d65036b22fced6",
  "contents": [
    {
      "namespace": "Volo.Abp.Account.Web",
      "dependsOnModules": [
        {
          "declaringAssemblyName": "Volo.Abp.Account.Web",
          "namespace": "Volo.Abp.Account.Web",
          "name": "AbpAccountWebModule"
        },
        {
          "declaringAssemblyName": "Volo.Abp.IdentityServer.Domain",
          "namespace": "Volo.Abp.IdentityServer",
          "name": "AbpIdentityServerDomainModule"
        }
      ],
      "contentType": "abpModule",
      "name": "AbpAccountWebIdentityServerModule",
      "summary": null
    }
  ]
}