{
  "name": "Volo.Abp.PermissionManagement.EntityFrameworkCore",
  "hash": "a9dcaf39bb235c7d15b845b9a4a2eb61",
  "contents": [
    {
      "namespace": "Volo.Abp.PermissionManagement.EntityFrameworkCore",
      "dependsOnModules": [
        {
          "declaringAssemblyName": "Volo.Abp.PermissionManagement.Domain",
          "namespace": "Volo.Abp.PermissionManagement",
          "name": "AbpPermissionManagementDomainModule"
        },
        {
          "declaringAssemblyName": "Volo.Abp.EntityFrameworkCore",
          "namespace": "Volo.Abp.EntityFrameworkCore",
          "name": "AbpEntityFrameworkCoreModule"
        }
      ],
      "contentType": "abpModule",
      "name": "AbpPermissionManagementEntityFrameworkCoreModule",
      "summary": null
    },
    {
      "namespace": "Volo.Abp.PermissionManagement.EntityFrameworkCore",
      "connectionStringName": "AbpPermissionManagement",
      "databaseTables": [
        {
          "entityFullName": "Volo.Abp.PermissionManagement.PermissionGrant",
          "contentType": "databaseTable",
          "name": "AbpPermissionGrants",
          "summary": null
        }
      ],
      "contentType": "efCoreDbContext",
      "name": "PermissionManagementDbContext",
      "summary": null
    }
  ]
}