{
  "name": "Volo.Abp.TenantManagement.MongoDB",
  "hash": "16af11c4fee3688feb0f337cb40b9a85",
  "contents": [
    {
      "namespace": "Volo.Abp.TenantManagement.MongoDB",
      "dependsOnModules": [
        {
          "declaringAssemblyName": "Volo.Abp.TenantManagement.Domain",
          "namespace": "Volo.Abp.TenantManagement",
          "name": "AbpTenantManagementDomainModule"
        },
        {
          "declaringAssemblyName": "Volo.Abp.MongoDB",
          "namespace": "Volo.Abp.MongoDB",
          "name": "AbpMongoDbModule"
        }
      ],
      "contentType": "abpModule",
      "name": "AbpTenantManagementMongoDbModule",
      "summary": null
    },
    {
      "namespace": "Volo.Abp.TenantManagement.MongoDB",
      "connectionStringName": "AbpTenantManagement",
      "databaseCollections": [
        {
          "entityFullName": "Volo.Abp.TenantManagement.Tenant",
          "contentType": "databaseCollection",
          "name": "AbpTenants",
          "summary": null
        }
      ],
      "contentType": "mongoDbContext",
      "name": "TenantManagementMongoDbContext",
      "summary": null
    }
  ]
}