{
  "name": "Volo.CmsKit.Domain.Shared",
  "hash": "804655ff28b3cca5f6aa34ef8155d91b",
  "contents": [
    {
      "namespace": "Volo.CmsKit",
      "dependsOnModules": [
        {
          "declaringAssemblyName": "Volo.Abp.Validation",
          "namespace": "Volo.Abp.Validation",
          "name": "AbpValidationModule"
        },
        {
          "declaringAssemblyName": "Volo.Abp.GlobalFeatures",
          "namespace": "Volo.Abp.GlobalFeatures",
          "name": "AbpGlobalFeaturesModule"
        }
      ],
      "contentType": "abpModule",
      "name": "CmsKitDomainSharedModule",
      "summary": null
    }
  ]
}