{
  "name": "Volo.Abp.BackgroundJobs.DemoApp.Quartz",
  "hash": "836f8c0635bb9918e06138674dd4a596",
  "contents": [
    {
      "namespace": "Volo.Abp.BackgroundJobs.DemoApp.Quartz",
      "dependsOnModules": [
        {
          "declaringAssemblyName": "Volo.Abp.BackgroundJobs.DemoApp.Shared",
          "namespace": "Volo.Abp.BackgroundJobs.DemoApp.Shared",
          "name": "DemoAppSharedModule"
        },
        {
          "declaringAssemblyName": "Volo.Abp.Autofac",
          "namespace": "Volo.Abp.Autofac",
          "name": "AbpAutofacModule"
        },
        {
          "declaringAssemblyName": "Volo.Abp.BackgroundJobs.Quartz",
          "namespace": "Volo.Abp.BackgroundJobs.Quartz",
          "name": "AbpBackgroundJobsQuartzModule"
        }
      ],
      "contentType": "abpModule",
      "name": "DemoAppQuartzModule",
      "summary": null
    }
  ]
}