{
  "name": "Volo.Abp.BackgroundJobs.DemoApp.Quartz",
  "hash": "fd24476e3bf9d2fd053fb1beb1d52462",
  "contents": [
    {
      "namespace": "Volo.Abp.BackgroundJobs.DemoApp.Quartz",
      "dependsOnModules": [
        {
          "declaringAssemblyName": "Volo.Abp.BackgroundJobs.DemoApp.Shared",
          "namespace": "Volo.Abp.BackgroundJobs.DemoApp.Shared",
          "name": "DemoAppSharedModule"
        },
        {
          "declaringAssemblyName": "Volo.Abp.Autofac",
          "namespace": "Volo.Abp.Autofac",
          "name": "AbpAutofacModule"
        },
        {
          "declaringAssemblyName": "Volo.Abp.BackgroundJobs.Quartz",
          "namespace": "Volo.Abp.BackgroundJobs.Quartz",
          "name": "AbpBackgroundJobsQuartzModule"
        }
      ],
      "contentType": "abpModule",
      "name": "DemoAppQuartzModule",
      "summary": null
    }
  ]
}