{
  "name": "Volo.Abp.BackgroundJobs.DemoApp.Quartz",
  "hash": "a0b8b49a84c55a614c128d25b9d2f58c",
  "contents": [
    {
      "namespace": "Volo.Abp.BackgroundJobs.DemoApp.Quartz",
      "dependsOnModules": [
        {
          "declaringAssemblyName": "Volo.Abp.BackgroundJobs.DemoApp.Shared",
          "namespace": "Volo.Abp.BackgroundJobs.DemoApp.Shared",
          "name": "DemoAppSharedModule"
        },
        {
          "declaringAssemblyName": "Volo.Abp.Autofac",
          "namespace": "Volo.Abp.Autofac",
          "name": "AbpAutofacModule"
        },
        {
          "declaringAssemblyName": "Volo.Abp.BackgroundJobs.Quartz",
          "namespace": "Volo.Abp.BackgroundJobs.Quartz",
          "name": "AbpBackgroundJobsQuartzModule"
        }
      ],
      "contentType": "abpModule",
      "name": "DemoAppQuartzModule",
      "summary": null
    }
  ]
}