{
  "name": "Volo.Abp.FeatureManagement.Web",
  "hash": "841dedf48d0661d5f0fc3d220916c68e",
  "contents": [
    {
      "namespace": "Volo.Abp.FeatureManagement",
      "dependsOnModules": [
        {
          "declaringAssemblyName": "Volo.Abp.FeatureManagement.Application.Contracts",
          "namespace": "Volo.Abp.FeatureManagement",
          "name": "AbpFeatureManagementApplicationContractsModule"
        },
        {
          "declaringAssemblyName": "Volo.Abp.AspNetCore.Mvc.UI.Theme.Shared",
          "namespace": "Volo.Abp.AspNetCore.Mvc.UI.Theme.Shared",
          "name": "AbpAspNetCoreMvcUiThemeSharedModule"
        },
        {
          "declaringAssemblyName": "Volo.Abp.SettingManagement.Web",
          "namespace": "Volo.Abp.SettingManagement.Web",
          "name": "AbpSettingManagementWebModule"
        }
      ],
      "contentType": "abpModule",
      "name": "AbpFeatureManagementWebModule",
      "summary": null
    }
  ]
}