{
  "name": "Volo.Abp.FeatureManagement.Web",
  "hash": "b28f8fac45d2ffc70f7d56f511e20406",
  "contents": [
    {
      "namespace": "Volo.Abp.FeatureManagement",
      "dependsOnModules": [
        {
          "declaringAssemblyName": "Volo.Abp.FeatureManagement.Application.Contracts",
          "namespace": "Volo.Abp.FeatureManagement",
          "name": "AbpFeatureManagementApplicationContractsModule"
        },
        {
          "declaringAssemblyName": "Volo.Abp.AspNetCore.Mvc.UI.Theme.Shared",
          "namespace": "Volo.Abp.AspNetCore.Mvc.UI.Theme.Shared",
          "name": "AbpAspNetCoreMvcUiThemeSharedModule"
        }
      ],
      "contentType": "abpModule",
      "name": "AbpFeatureManagementWebModule",
      "summary": null
    }
  ]
}