{
  "name": "Volo.Abp.OpenIddict.AspNetCore",
  "hash": "f720e0b38a6514e3351d27828c351ea6",
  "contents": [
    {
      "namespace": "Volo.Abp.OpenIddict",
      "dependsOnModules": [
        {
          "declaringAssemblyName": "Volo.Abp.AspNetCore.Mvc.UI.Theme.Shared",
          "namespace": "Volo.Abp.AspNetCore.Mvc.UI.Theme.Shared",
          "name": "AbpAspNetCoreMvcUiThemeSharedModule"
        },
        {
          "declaringAssemblyName": "Volo.Abp.AspNetCore.MultiTenancy",
          "namespace": "Volo.Abp.AspNetCore.MultiTenancy",
          "name": "AbpAspNetCoreMultiTenancyModule"
        },
        {
          "declaringAssemblyName": "Volo.Abp.OpenIddict.Domain",
          "namespace": "Volo.Abp.OpenIddict",
          "name": "AbpOpenIddictDomainModule"
        }
      ],
      "contentType": "abpModule",
      "name": "AbpOpenIddictAspNetCoreModule",
      "summary": null
    }
  ]
}