{
  "name": "Volo.CmsKit.Web",
  "hash": "d5a4a3b727945690829302d651df4f79",
  "contents": [
    {
      "namespace": "Volo.CmsKit.Web",
      "dependsOnModules": [
        {
          "declaringAssemblyName": "Volo.CmsKit.Public.Web",
          "namespace": "Volo.CmsKit.Public.Web",
          "name": "CmsKitPublicWebModule"
        },
        {
          "declaringAssemblyName": "Volo.CmsKit.Admin.Web",
          "namespace": "Volo.CmsKit.Admin.Web",
          "name": "CmsKitAdminWebModule"
        },
        {
          "declaringAssemblyName": "Volo.CmsKit.Application.Contracts",
          "namespace": "Volo.CmsKit",
          "name": "CmsKitApplicationContractsModule"
        }
      ],
      "contentType": "abpModule",
      "name": "CmsKitWebModule",
      "summary": null
    }
  ]
}