{
  "name": "Volo.CmsKit.Web",
  "hash": "b6167c9ae772371b1af0eba36fa6e0ca",
  "contents": [
    {
      "namespace": "Volo.CmsKit.Web",
      "dependsOnModules": [
        {
          "declaringAssemblyName": "Volo.CmsKit.Public.Web",
          "namespace": "Volo.CmsKit.Public.Web",
          "name": "CmsKitPublicWebModule"
        },
        {
          "declaringAssemblyName": "Volo.CmsKit.Admin.Web",
          "namespace": "Volo.CmsKit.Admin.Web",
          "name": "CmsKitAdminWebModule"
        },
        {
          "declaringAssemblyName": "Volo.CmsKit.Application.Contracts",
          "namespace": "Volo.CmsKit",
          "name": "CmsKitApplicationContractsModule"
        }
      ],
      "implementingInterfaces": [
        {
          "name": "IAbpModule",
          "namespace": "Volo.Abp.Modularity",
          "declaringAssemblyName": "Volo.Abp.Core",
          "fullName": "Volo.Abp.Modularity.IAbpModule"
        },
        {
          "name": "IOnPreApplicationInitialization",
          "namespace": "Volo.Abp.Modularity",
          "declaringAssemblyName": "Volo.Abp.Core",
          "fullName": "Volo.Abp.Modularity.IOnPreApplicationInitialization"
        },
        {
          "name": "IOnApplicationInitialization",
          "namespace": "Volo.Abp",
          "declaringAssemblyName": "Volo.Abp.Core",
          "fullName": "Volo.Abp.IOnApplicationInitialization"
        },
        {
          "name": "IOnPostApplicationInitialization",
          "namespace": "Volo.Abp.Modularity",
          "declaringAssemblyName": "Volo.Abp.Core",
          "fullName": "Volo.Abp.Modularity.IOnPostApplicationInitialization"
        },
        {
          "name": "IOnApplicationShutdown",
          "namespace": "Volo.Abp",
          "declaringAssemblyName": "Volo.Abp.Core",
          "fullName": "Volo.Abp.IOnApplicationShutdown"
        },
        {
          "name": "IPreConfigureServices",
          "namespace": "Volo.Abp.Modularity",
          "declaringAssemblyName": "Volo.Abp.Core",
          "fullName": "Volo.Abp.Modularity.IPreConfigureServices"
        },
        {
          "name": "IPostConfigureServices",
          "namespace": "Volo.Abp.Modularity",
          "declaringAssemblyName": "Volo.Abp.Core",
          "fullName": "Volo.Abp.Modularity.IPostConfigureServices"
        }
      ],
      "contentType": "abpModule",
      "name": "CmsKitWebModule",
      "summary": null
    }
  ]
}