{
  "culture": "sl",
  "texts": {
    "Permission:AuditLogging": "Revizijsko zapisovanje",
    "Permission:AuditLogs": "Revizijski zapisi",
    "Menu:AuditLogging": "Revizijski zapisi",
    "AuditLogs": "Revizijski zapisi",
    "HttpStatus": "Http status",
    "HttpMethod": "Http metoda",
    "HttpMethodFilter": "Filter Http metode",
    "HttpRequest": "Http zahtevek",
    "User": "Uporabnik",
    "UserNameFilter": "Filter po uporabniku",
    "HasException": "Ima napako",
    "IpAddress": "Ip naslov",
    "Time": "Čas",
    "Duration": "Trajanje",
    "Detail": "Podrobnosti",
    "Overall": "Splošno",
    "Actions": "Dejanja",
    "ClientIpAddress": "Ip naslov odjemalca",
    "ClientName": "Ime odjemalca",
    "BrowserInfo": "Informacije o brskalniku",
    "Url": "Url",
    "UserName": "Uporabniško ime",
    "UrlFilter": "Filter po Url",
    "Exceptions": "Napake",
    "Comments": "Komentarji",
    "HttpStatusCode": "Http koda statusa",
    "HttpStatusCodeFilter": "Filter po kodi statusa",
    "ServiceName": "Storitev",
    "MethodName": "Metoda",
    "CorrelationId": "Id korelacije",
    "ApplicationName": "Ime aplikacije",
    "ExecutionDuration": "Trajanje",
    "ExtraProperties": "Dodatne lastnosti",
    "MaxDuration": "Najd. trajanje",
    "MinDuration": "Najk. trajanje",
    "{0}Milliseconds": "{0} milisekund",
    "ExecutionTime": "Čas",
    "Parameters": "Parametri",
    "EntityTypeFullName": "Polno ime vrste entitete",
    "Entity": "Entiteta",
    "ChangeType": "Vrsta spremember",
    "ChangeTime": "Čas",
    "NewValue": "Nova vrednost",
    "OriginalValue": "Prvotna vrednost",
    "PropertyName": "Ime lastnosti",
    "PropertyTypeFullName": "Polno ime vrste lastnosti",
    "Yes": "Da",
    "No": "Ne",
    "Changes": "Spremembe",
    "AverageExecutionDurationInLogsPerDay": "Povprečno trajanje izvedbe",
    "AverageExecutionDurationInMilliseconds": "Povprečno trajanje izvedbe v milisekundah",
    "ErrorRateInLogs": "Stopnja napak v zapisih",
    "Success": "Uspešno",
    "Fault": "Napaka",
    "NoChanges": "Ni sprememb",
    "EntityChanges": "Spremembe entitet",
    "EntityId": "Id. subjekta",
    "EntityChangeStartTime": "Najmanjši datum spremembe",
    "EntityChangeEndTime": "Največji datum spremembe",
    "EntityHistory": "Zgodovina entitete",
    "DaysAgoTitle": "{0} {1}.",
    "DaysAgoWithUserTitle": "{0} {1} avtorja {2}.",
    "Created": "Ustvarjeno",
    "Updated": "Posodobljeno",
    "Deleted": "Izbrisano",
    "ChangeHistory": "Zgodovina sprememb",
    "FullChangeHistory": "Popolna zgodovina sprememb",
    "ChangeDetails": "Spremeni podrobnosti",
    "DurationMs": "Trajanje (ms)",
    "StartDate": "Začetni datum",
    "EndDate": "Končni datum",
    "Feature:AuditLoggingGroup": "Revizijsko beleženje",
    "Feature:AuditLoggingEnable": "Omogočena stran za beleženje revizije",
    "Feature:AuditLoggingEnableDescription": "Omogočite stran za beleženje revizije v aplikaciji."
  }
}