{
  "culture": "zh-Hans",
  "texts": {
    "Permission:AuditLogging": "审计日志",
    "Permission:AuditLogs": "审计日志",
    "Menu:AuditLogging": "审计日志",
    "AuditLogs": "审计日志",
    "HttpStatus": "Http状态",
    "HttpMethod": "Http方法",
    "HttpMethodFilter": "Http方法过滤",
    "HttpRequest": "Http请求",
    "User": "用户",
    "UserNameFilter": "用户过滤",
    "HasException": "存在异常",
    "IpAddress": "IP地址",
    "Time": "时间",
    "Duration": "持续时间",
    "Detail": "详情",
    "Overall": "总体",
    "Actions": "操作",
    "ClientIpAddress": "客户端IP地址",
    "ClientName": "客户端名称",
    "BrowserInfo": "浏览器信息",
    "Url": "Url",
    "UserName": "用户名",
    "TenantImpersonator": "租户模拟",
    "UserImpersonator": "用户模拟",
    "UrlFilter": "Url过滤",
    "Exceptions": "异常",
    "Comments": "评论",
    "HttpStatusCode": "Http状态码",
    "HttpStatusCodeFilter": "Http状态码过滤",
    "ServiceName": "服务名称",
    "MethodName": "方法名称",
    "CorrelationId": "关联Id",
    "ApplicationName": "应用名称",
    "ExecutionDuration": "持续时间",
    "ExtraProperties": "额外属性",
    "MaxDuration": "最大持续时间",
    "MinDuration": "最小持续时间",
    "{0}Milliseconds": "{0} 毫秒",
    "ExecutionTime": "时间",
    "Parameters": "参数",
    "EntityTypeFullName": "实体类型全名",
    "Entity": "实体",
    "ChangeType": "更改类型",
    "ChangeTime": "时间",
    "NewValue": "新值",
    "OriginalValue": "原始值",
    "PropertyName": "属性名称",
    "PropertyTypeFullName": "属性类型全名",
    "Yes": "Yes",
    "No": "No",
    "Changes": "变化",
    "AverageExecutionDurationInLogsPerDay": "平均处理时间(每天日志)",
    "AverageExecutionDurationInMilliseconds": "平均处理时间(毫秒)",
    "ErrorRateInLogs": "日志中的错误率",
    "Success": "成功",
    "Fault": "故障",
    "NoChanges": "没有变化",
    "EntityChanges": "实体变更",
    "EntityId": "实体Id",
    "EntityChangeStartTime": "最小更改日期",
    "EntityChangeEndTime": "最大更改日期",
    "EntityHistory": "实体历史",
    "DaysAgoTitle": "{0} {1}.",
    "DaysAgoWithUserTitle": "{0} {1} 通过 {2}.",
    "Created": "创建",
    "Updated": "更新",
    "Deleted": "已删除",
    "ChangeHistory": "变更记录",
    "FullChangeHistory": "完整的变更记录",
    "ChangeDetails": "变更详情",
    "DurationMs": "持续时间(毫秒)",
    "StartDate": "开始时间",
    "EndDate": "结束时间",
    "Feature:AuditLoggingGroup": "审计日志",
    "Feature:AuditLoggingEnable": "启用审计日志页面",
    "Feature:AuditLoggingEnableDescription": "在应用程序中启用审计日志页面."
  }
}
