{
  "culture": "ar",
  "texts": {
    "Menu:Account": "حساب",
    "UserName": "اسم المستخدم",
    "EmailAddress": "البريد الإلكتروني",
    "UserNameOrEmailAddress": "اسم المستخدم أو البريد الإلكتروني",
    "Password": "كلمة المرور",
    "RememberMe": "تذكرني",
    "UseAnotherServiceToLogin": "استخدم خدمة أخرى لتسجيل الدخول",
    "UserLockedOutMessage": "تم قفل حساب المستخدم بسبب محاولات تسجيل الدخول غير الصالحة. يرجى الانتظار بعض الوقت والمحاولة مرة أخرى.",
    "InvalidUserNameOrPassword": "اسم مستخدم أو كلمة مرور غير صالحة!",
    "LoginIsNotAllowed": "لا يسمح لك بتسجيل الدخول! حسابك غير نشط أو يحتاج إلى تأكيد بريدك الإلكتروني/رقم هاتفك.",
    "SelfRegistrationDisabledMessage": "تم تعطيل التسجيل الذاتي لهذا التطبيق. يرجى الاتصال بمسؤول التطبيق لتسجيل مستخدم جديد.",
    "LocalLoginDisabledMessage": "تسجيل الدخول المحلي معطّل لهذا التطبيق.",
    "Login": "دخول",
    "Cancel": "إلغاء",
    "Register": "تسجيل",
    "AreYouANewUser": "هل أنت مستخدم جديد?",
    "AlreadyRegistered": "مسجل بالفعل?",
    "InvalidLoginRequest": "طلب تسجيل دخول غير صالح",
    "ThereAreNoLoginSchemesConfiguredForThisClient": "لم يتم تكوين أنظمة تسجيل دخول لهذا العميل.",
    "LogInUsingYourProviderAccount": "قم بتسجيل الدخول باستخدام حسابك في {0}",
    "DisplayName:CurrentPassword": "كلمة المرور الحالية",
    "DisplayName:NewPassword": "كلمة مرور جديدة",
    "DisplayName:NewPasswordConfirm": "تأكيد كلمة المرور الجديدة",
    "PasswordChangedMessage": "تم تغيير كلمة مرورك بنجاح.",
    "DisplayName:UserName": "اسم المستخدم",
    "DisplayName:Email": "البريد الإلكتروني",
    "DisplayName:Name": "الاسم",
    "DisplayName:Surname": "اللقب",
    "DisplayName:Password": "كلمة المرور",
    "DisplayName:EmailAddress": "البريد الإلكتروني",
    "DisplayName:PhoneNumber": "رقم الهاتف",
    "PersonalSettings": "الإعدادات الشخصية",
    "PersonalSettingsSaved": "تم حفظ الإعدادات الشخصية",
    "PasswordChanged": "تم تغيير كلمة المرور",
    "NewPasswordConfirmFailed": "يرجى تأكيد كلمة المرور الجديدة.",
    "NewPasswordSameAsOld": "يجب أن تكون كلمة المرور الجديدة مختلفة عن كلمة المرور الحالية.",
    "Manage": "إدارة",
    "MyAccount": "حسابي",
    "DisplayName:Abp.Account.IsSelfRegistrationEnabled": "هل تم تمكين التسجيل الذاتي",
    "Description:Abp.Account.IsSelfRegistrationEnabled": "ما إذا كان يمكن للمستخدم تسجيل الحساب بنفسه أم لا.",
    "DisplayName:Abp.Account.EnableLocalLogin": "المصادقة باستخدام حساب محلي",
    "Description:Abp.Account.EnableLocalLogin": "يشير إلى ما إذا كان الخادم سيسمح للمستخدمين بالمصادقة باستخدام حساب محلي.",
    "LoggedOutTitle": "تسجيل الخروج",
    "LoggedOutText": "لقد تم تسجيل خروجك وستتم إعادة توجيهك قريبًا.",
    "ReturnToText": "انقر هنا للعودة إلى التطبيق",
    "OrLoginWith": "أو الدخول بـ:",
    "ForgotPassword": "نسيت كلمة السر؟",
    "SendPasswordResetLink_Information": "سيتم إرسال رابط إعادة تعيين كلمة المرور إلى بريدك الإلكتروني لإعادة تعيين كلمة المرور الخاصة بك. إذا لم تتلق رسالة بريد إلكتروني في غضون بضع دقائق ، فيرجى إعادة المحاولة.",
    "PasswordResetMailSentMessage": "تم إرسال بريد إلكتروني لاسترداد الحساب إلى عنوان بريدك الإلكتروني. إذا كنت لا ترى هذا البريد الإلكتروني في علبة الوارد الخاصة بك في غضون 15 دقيقة ، فابحث عنه في مجلد البريد غير الهام. إذا وجدته هناك ، فيرجى وضع علامة عليه كـ -ليس غير هام-.",
    "ResetPassword": "استعادة كلمة السر",
    "ConfirmPassword": "تأكيد كلمة السر",
    "ResetPassword_Information": "الرجاء إدخال كلمة المرور الجديدة الخاصة بك.",
    "YourPasswordIsSuccessfullyReset": "تم إعادة تعيين كلمة المرور الخاصة بك بنجاح.",
    "GoToTheApplication": "اذهب إلى التطبيق",
    "BackToLogin": "العودة إلى تسجيل الدخول",
    "ProfileTab:Password": "تغيير كلمة المرور",
    "ProfileTab:PersonalInfo": "معلومات شخصية",
    "ReturnToApplication": "العودة إلى التطبيق",
    "Volo.Account:InvalidEmailAddress": "لا يمكن العثور على عنوان البريد الإلكتروني المحدد: {0}",
    "PasswordReset": "إعادة تعيين كلمة المرور",
    "PasswordResetInfoInEmail": "لقد تلقينا طلب استرداد الحساب! إذا بدأت هذا الطلب ، فانقر فوق الارتباط التالي لإعادة تعيين كلمة المرور الخاصة بك.",
    "ResetMyPassword": "إعادة تعيين كلمة المرور الخاصة بي",
    "AccessDenied": "تم الرفض!",
    "AccessDeniedMessage": "ليس لديك حق الوصول إلى هذا المورد."
  }
}