{
  "culture": "cs",
  "texts": {
    "UserName": "Uživatelské jméno",
    "EmailAddress": "Email",
    "UserNameOrEmailAddress": "Uživatelské jméno nebo email",
    "Password": "Heslo",
    "RememberMe": "Zapamatovat si mě",
    "UseAnotherServiceToLogin": "Použít jinou službu k přihlášení",
    "UserLockedOutMessage": "Tento účet byl uzamčen z důvodu neúspěšných přihlášení. Přihlaste se prosím později.",
    "InvalidUserNameOrPassword": "Neplatné uživatelské jméno nebo heslo!",
    "LoginIsNotAllowed": "Nemáte oprávnění se přihlásit! Váš účet je neaktivní nebo potřebuje potvrdit váš e -mail/telefonní číslo.",
    "SelfRegistrationDisabledMessage": "Vlastní registrace uživatele není povolena. K vytvoření účtu kontaktujte správce.",
    "LocalLoginDisabledMessage": "Místní přihlášení je pro tuto aplikaci zakázáno.",
    "Login": "Přihlásit",
    "Cancel": "Zrušit",
    "Register": "Registrovat",
    "AreYouANewUser": "Jste nový uživatel?",
    "AlreadyRegistered": "Jste už zaregistrovaní?",
    "InvalidLoginRequest": "Neplatný požadavek k přihlášení",
    "ThereAreNoLoginSchemesConfiguredForThisClient": "Pro tohoto klienta nejsou nakonfigurovány žádné přihlašovací schémata.",
    "LogInUsingYourProviderAccount": "Přihlásit pomocí vašeho účtu {0}",
    "DisplayName:CurrentPassword": "Současné heslo",
    "DisplayName:NewPassword": "Nové heslo",
    "DisplayName:NewPasswordConfirm": "Potvrzení nového hesla",
    "PasswordChangedMessage": "Vaše heslo bylo úspěšně změněno.",
    "DisplayName:UserName": "Uživatelské jméno",
    "DisplayName:Email": "Email",
    "DisplayName:Name": "Jméno",
    "DisplayName:Surname": "Příjmení",
    "DisplayName:Password": "Heslo",
    "DisplayName:EmailAddress": "Email adresa",
    "DisplayName:PhoneNumber": "Telefonní číslo",
    "PersonalSettings": "Osobní nastavení",
    "PersonalSettingsSaved": "Osobní nastavení uloženo",
    "PasswordChanged": "Heslo změněno",
    "NewPasswordConfirmFailed": "Potvrďte nové heslo.",
    "NewPasswordSameAsOld": "Nové heslo musí být odlišné od současného.",
    "Manage": "Spravovat",
    "MyAccount": "Můj účet",
    "DisplayName:Abp.Account.IsSelfRegistrationEnabled": "Je povolena automatická registrace",
    "Description:Abp.Account.IsSelfRegistrationEnabled": "Zda si uživatel může účet zaregistrovat sám.",
    "DisplayName:Abp.Account.EnableLocalLogin": "Ověření pomocí místního účtu",
    "Description:Abp.Account.EnableLocalLogin": "Označuje, zda server umožní uživatelům ověřovat se pomocí místního účtu.",
    "LoggedOutTitle": "Odhlášeno",
    "LoggedOutText": "Byli jste odhlášeni a brzy budete přesměrováni.",
    "ReturnToText": "Kliknutím sem se vrátíte do aplikace",
    "OrLoginWith": "Nebo se přihlaste pomocí:",
    "ForgotPassword": "Zapomenuté heslo?",
    "SendPasswordResetLink_Information": "Na váš e-mail bude zaslán odkaz pro resetování hesla, pomocí kterého můžete heslo resetovat. Pokud e-mail během několika minut neobdržíte, zkuste to znovu.",
    "PasswordResetMailSentMessage": "E-mail pro obnovení účtu byl odeslán na vaši e-mailovou adresu. Pokud tento e-mail ve své doručené poště neuvidíte do 15 minut, vyhledejte jej ve složce nevyžádané pošty. Pokud to tam najdete, označte to jako -Not Junk-.",
    "ResetPassword": "Obnovit heslo",
    "ConfirmPassword": "Potvrďte heslo",
    "ResetPassword_Information": "Zadejte prosím své nové heslo.",
    "YourPasswordIsSuccessfullyReset": "Vaše heslo bylo úspěšně resetováno.",
    "GoToTheApplication": "Přejděte do aplikace",
    "BackToLogin": "Zpět k přihlášení",
    "ProfileTab:Password": "Změnit heslo",
    "ProfileTab:PersonalInfo": "Osobní informace",
    "ReturnToApplication": "Návrat k aplikaci",
    "Volo.Account:InvalidEmailAddress": "Nelze najít zadanou e-mailovou adresu: {0}",
    "PasswordReset": "Resetovat heslo",
    "PasswordResetInfoInEmail": "Obdrželi jsme žádost o obnovení účtu! Pokud jste tento požadavek iniciovali, klikněte na následující odkaz a obnovte své heslo.",
    "ResetMyPassword": "Obnovit moje heslo",
    "AccessDenied": "Přístup odepřen!",
    "AccessDeniedMessage": "K tomuto zdroji nemáte přístup.",
    "OrRegisterWith": "Nebo se registrujte pomocí:",
    "RegisterUsingYourProviderAccount": "Registrovat pomocí vašeho účtu {0}"
  }
}