{
  "culture": "el",
  "texts": {
    "Menu:Account": "Λογαριασμός",
    "UserName": "Όνομα χρήστη",
    "EmailAddress": "Διεύθυνση ηλεκτρονικού ταχυδρομείου",
    "UserNameOrEmailAddress": "Όνομα χρήστη ή διεύθυνση ηλεκτρονικού ταχυδρομείου",
    "Password": "Κωδικός πρόσβασης",
    "RememberMe": "Να με θυμάσαι",
    "UseAnotherServiceToLogin": "Χρησιμοποιήστε άλλη υπηρεσία για να συνδεθείτε",
    "UserLockedOutMessage": "Ο λογαριασμός χρήστη έχει κλειδωθεί λόγω μη έγκυρων προσπαθειών σύνδεσης. Περιμένετε λίγο και προσπαθήστε ξανά.",
    "InvalidUserNameOrPassword": "Μη έγκυρο όνομα χρήστη ή κωδικός!",
    "LoginIsNotAllowed": "Δεν επιτρέπεται να συνδεθείτε! Ο λογαριασμός σας είναι ανενεργός ή χρειάζεται να επιβεβαιώσετε το ηλεκτρονικού ταχυδρομείου/τον αριθμό τηλεφώνου σας.",
    "SelfRegistrationDisabledMessage": "Η αυτοεγγραφή είναι απενεργοποιημένη για αυτήν την εφαρμογή. Επικοινωνήστε με τον διαχειριστή της εφαρμογής για να εγγραφείτε ως νέος χρήστης.",
    "LocalLoginDisabledMessage": "Η τοπική σύνδεση είναι απενεργοποιημένη για αυτήν την εφαρμογή.",
    "Login": "Σύνδεση",
    "Cancel": "Ακύρωση",
    "Register": "Εγγραφή",
    "AreYouANewUser": "Είστε νέος χρήστης;",
    "AlreadyRegistered": "Ήδη εγγεγραμμένος;",
    "InvalidLoginRequest": "Το αίτημα σύνδεσης δεν ήταν έγκυρο",
    "ThereAreNoLoginSchemesConfiguredForThisClient": "Δεν υπάρχουν διαμορφωμένα σχήματα σύνδεσης για αυτόν τον πελάτη.",
    "LogInUsingYourProviderAccount": "Συνδεθείτε χρησιμοποιώντας τον λογαριασμό σας {0}",
    "DisplayName:CurrentPassword": "Τρέχων κωδικός πρόσβασης",
    "DisplayName:NewPassword": "Νέος κωδικός πρόσβασης",
    "DisplayName:NewPasswordConfirm": "Επιβεβαιώστε τον νέο σας κωδικό",
    "PasswordChangedMessage": "Ο κωδικός πρόσβασής σας άλλαξε με επιτυχία.",
    "DisplayName:UserName": "Όνομα χρήστη",
    "DisplayName:Email": "Ηλεκτρονικό ταχυδρομείο",
    "DisplayName:Name": "Όνομα",
    "DisplayName:Surname": "Επώνυμο",
    "DisplayName:Password": "Κωδικός πρόσβασης",
    "DisplayName:EmailAddress": "Διεύθυνση ηλεκτρονικού ταχυδρομείου",
    "DisplayName:PhoneNumber": "Τηλέφωνο",
    "PersonalSettings": "Προσωπικές ρυθμίσεις",
    "PersonalSettingsSaved": "Οι προσωπικές ρυθμίσεις αποθηκεύτηκαν",
    "PasswordChanged": "Ο κωδικός πρόσβασης άλλαξε",
    "NewPasswordConfirmFailed": "Παρακαλώ επιβεβαιώστε τον νέο κωδικό πρόσβασης.",
    "NewPasswordSameAsOld": "Ο νέος κωδικός πρόσβασης πρέπει να είναι διαφορετικός από τον τρέχοντα.",
    "Manage": "Διαχείρηση",
    "MyAccount": "Ο λογαριασμός μου",
    "DisplayName:Abp.Account.IsSelfRegistrationEnabled": "Είναι ενεργοποιημένη η αυτοεγγραφή",
    "Description:Abp.Account.IsSelfRegistrationEnabled": "Εάν ένας χρήστης μπορεί να εγγράψει τον λογαριασμό μόνος του.",
    "DisplayName:Abp.Account.EnableLocalLogin": "Έλεγχος ταυτότητας με τοπικό λογαριασμό",
    "Description:Abp.Account.EnableLocalLogin": "Υποδεικνύει εάν ο διακομιστής θα επιτρέψει στους χρήστες τον έλεγχο ταυτότητας με έναν τοπικό λογαριασμό.",
    "LoggedOutTitle": "Αποσυνδέθηκατε",
    "LoggedOutText": "Έχετε αποσυνδεθεί και θα ανακατευθυνθείτε σύντομα.",
    "ReturnToText": "Κάντε κλικ εδώ για να επιστρέψετε στην εφαρμογή",
    "OrLoginWith": "Ή συνδεθείτε με:",
    "ForgotPassword": "Ξεχάσατε τον κωδικό πρόσβασης σας;",
    "SendPasswordResetLink_Information": "Θα αποσταλεί στο email σας ένας σύνδεσμος επαναφοράς κωδικού πρόσβασης μεσα απο τον οποιο θα μπορείτε να επαναφέρετε τον κωδικό πρόσβασής σας. Εάν δεν λάβετε ένα email μέσα σε λίγα λεπτά, δοκιμάστε ξανά.",
    "PasswordResetMailSentMessage": "Το email ανάκτησης λογαριασμού στάλθηκε στη διεύθυνση ηλεκτρονικού ταχυδρομείου σας. Εάν δεν δείτε αυτό το μήνυμα ηλεκτρονικού ταχυδρομείου στα εισερχόμενά σας εντός 15 λεπτών, αναζητήστε το στον φάκελο ανεπιθύμητης αλληλογραφίας σας. Εάν το βρείτε εκεί, σημειώστε το ως -Not Junk-.",
    "ResetPassword": "Επαναφορά Κωδικού Πρόσβασης",
    "ConfirmPassword": "Επιβεβαιώστε τον κωδικό πρόσβασης",
    "ResetPassword_Information": "Εισαγάγετε τον νέο σας κωδικό πρόσβασης.",
    "YourPasswordIsSuccessfullyReset": "Ο κωδικός πρόσβασής σας επαναφέρθηκε με επιτυχία",
    "GoToTheApplication": "Μεταβείτε στην εφαρμογή",
    "BackToLogin": "Επιστροφή στην σελίδα εισόδου",
    "ProfileTab:Password": "Αλλάξτε κωδικό",
    "ProfileTab:PersonalInfo": "Προσωπικές πληροφορίες",
    "ReturnToApplication": "Επιστροφή στην εφαρμογή",
    "Volo.Account:InvalidEmailAddress": "Δεν είναι δυνατή η εύρεση της δεδομένης διεύθυνσης ηλεκτρονικού ταχυδρομείου: {0}",
    "PasswordReset": "Επαναφορά κωδικού πρόσβασης",
    "PasswordResetInfoInEmail": "Λάβαμε ένα αίτημα ανάκτησης λογαριασμού! Εάν υποβάλατε αυτό το αίτημα, κάντε κλικ στον παρακάτω σύνδεσμο για να επαναφέρετε τον κωδικό πρόσβασής σας.",
    "ResetMyPassword": "Επαναφορά του κωδικού πρόσβασής μου",
    "AccessDenied": "Δεν επιτρέπεται η πρόσβαση!",
    "AccessDeniedMessage": "Δεν έχετε πρόσβαση σε αυτόν τον πόρο."
  }
}