{
  "culture": "es",
  "texts": {
    "Menu:Account": "Cuenta",
    "UserName": "Nombre de usuario",
    "EmailAddress": "Dirección de correo electrónico",
    "UserNameOrEmailAddress": "Nombre de usuario o dirección de correo electrónico",
    "Password": "Contraseña",
    "RememberMe": "Recuérdame",
    "UseAnotherServiceToLogin": "Usar otro servicio para iniciar sesión",
    "UserLockedOutMessage": "La cuenta de usuario ha sido bloqueada debido a los intentos de inicio de sesión no válidos. Por favor, espere unos minutos y vuelve a intentarlo.",
    "InvalidUserNameOrPassword": "El nombre de usuario o la contraseña no son válidos",
    "LoginIsNotAllowed": "¡No está permitido iniciar sesión! Su cuenta está inactiva o necesita confirmar su correo electrónico/número de teléfono.",
    "SelfRegistrationDisabledMessage": "El autoregistro de usuario está deshabilitado para esta aplicación. Póngase en contacto con el administrador de la aplicación para registrar un nuevo usuario.",
    "LocalLoginDisabledMessage": "Inicio de sesión local ha sido deshabilitado para esta aplicación",
    "Login": "Iniciar sesión",
    "Cancel": "Cancelar",
    "Register": "Registrarse",
    "AreYouANewUser": "¿Eres un usuario nuevo?",
    "AlreadyRegistered": "¿Ya esta registrado?",
    "InvalidLoginRequest": "Solicitud de inicio de sesión no válido",
    "ThereAreNoLoginSchemesConfiguredForThisClient": "No hay ningún esquema de inicio de sesión configurado para este cliente.",
    "LogInUsingYourProviderAccount": "Inicia sesión con tu cuenta de {0} ",
    "DisplayName:CurrentPassword": "Contraseña actual",
    "DisplayName:NewPassword": "Nueva contraseña",
    "DisplayName:NewPasswordConfirm": "Confirmar nueva contraseña",
    "PasswordChangedMessage": "Su contraseña ha sido cambiada con éxito.",
    "DisplayName:UserName": "Nombre de usuario",
    "DisplayName:Email": "Correo electrónico",
    "DisplayName:Name": "Nombre",
    "DisplayName:Surname": "Apellido",
    "DisplayName:Password": "Contraseña",
    "DisplayName:EmailAddress": "Dirección de correo electrónico",
    "DisplayName:PhoneNumber": "Número de teléfono",
    "PersonalSettings": "Configuración personal",
    "PersonalSettingsSaved": "Ajustes personales guardados",
    "PasswordChanged": "Cambiar la contraseña",
    "NewPasswordConfirmFailed": "Por favor, confirme la nueva contraseña.",
    "NewPasswordSameAsOld": "La nueva contraseña debe ser diferente de la contraseña actual.",
    "Manage": "Administrar",
    "MyAccount": "Mi cuenta",
    "DisplayName:Abp.Account.IsSelfRegistrationEnabled": "¿El auto-registro está habilitado?",
    "Description:Abp.Account.IsSelfRegistrationEnabled": "Cuando un usuario puede registrar la cuenta por él/ ella mismo/a",
    "DisplayName:Abp.Account.EnableLocalLogin": "Autenticado con una cuenta local",
    "Description:Abp.Account.EnableLocalLogin": "Indica si el servidor permitirá a los usuarios autenticarse con una cuenta local.",
    "LoggedOutTitle": "Sesión cerrada",
    "LoggedOutText": "La sesión ha sido cerrada y serás redireccionado en breve.",
    "ReturnToText": "Haga clic aquí para volver a la aplicación.",
    "OrLoginWith": "O inicia sesión con:",
    "ForgotPassword": "¿Olvidaste tu contraseña?",
    "SendPasswordResetLink_Information": "Se le enviara un enlace a su e-mail para restablecer la contraseña. Si no recibes el e-mail en unos minutos, por favor vuelve a intentarlo.",
    "PasswordResetMailSentMessage": "Se le envio un e-mail a su correo para restablecer su contraseña. Si no recibes el e-mail en unos minutos, por favor vuelve a intentarlo.",
    "ResetPassword": "Restablecer la contraseña",
    "ConfirmPassword": "Confirmar la contraseña",
    "ResetPassword_Information": "Por favor, introduce tu nueva contraseña.",
    "YourPasswordIsSuccessfullyReset": "Tu contraseña ha sido restablecida satisfactoriamente.",
    "GoToTheApplication": "Ir a la aplicación",
    "BackToLogin": "Volver al inicio de sesión",
    "ProfileTab:Password": "Cambiar contraseña",
    "ProfileTab:PersonalInfo": "Información personal",
    "ReturnToApplication": "Volver a la aplicación",
    "Volo.Account:InvalidEmailAddress": "No se puede encontrar la dirección de e-mail solicitada: {0}",
    "PasswordReset": "Restablecer contraseña",
    "PasswordResetInfoInEmail": "Recibimos una solicitud de recuperación de cuenta. Si inició esta solicitud, haga clic en el siguiente enlace para restablecer su contraseña.",
    "ResetMyPassword": "Restablecer mi contraseña",
    "AccessDenied": "¡Acceso denegado!",
    "AccessDeniedMessage": "No tienes acceso a este recurso.",
    "OrRegisterWith": "O registrarse con:",
    "RegisterUsingYourProviderAccount": "Registrarse con su cuenta de {0} "
  }
}