{
  "culture": "fa",
  "texts": {
    "Menu:Account": "حساب کاربری",
    "UserName": "نام کاربری",
    "EmailAddress": "آدرس ایمیل",
    "UserNameOrEmailAddress": "نام کاربری یا آدرس ایمیل",
    "Password": "گذرواژه",
    "RememberMe": "مرا به خاطر بسپار",
    "UseAnotherServiceToLogin": "برای ورود به سیستم از سرویس دیگری استفاده کنید",
    "UserLockedOutMessage": "حساب کاربری به دلیل تلاش های نامعتبر ورود به سیستم قفل شده است. لطفاً کمی صبر کنید و دوباره امتحان کنید.",
    "InvalidUserNameOrPassword": "نام کاربری یا گذرواژه نامعتبر است!",
    "LoginIsNotAllowed": "شما اجازه ورود ندارید! باید شماره تلفن/ایمیل خود را تأیید کنید.",
    "SelfRegistrationDisabledMessage": "ثبت نام خودکار برای این برنامه غیرفعال است. لطفاً برای ثبت نام کاربر جدید با سرپرست برنامه تماس بگیرید.",
    "LocalLoginDisabledMessage": "ورود محلی برای این برنامه غیرفعال است.",
    "Login": "ورود کاربران",
    "Cancel": "لغو",
    "Register": "ثبت نام",
    "AreYouANewUser": "قبلا ثبت نام نکرده اید؟",
    "AlreadyRegistered": "قبلاً ثبت نام کرده اید؟",
    "InvalidLoginRequest": "درخواست ورود نامعتبر است",
    "ThereAreNoLoginSchemesConfiguredForThisClient": "هیچ طرح ورود به سیستم برای این سرویس گیرنده پیکربندی نشده است.",
    "LogInUsingYourProviderAccount": "با استفاده از حساب {0} خود وارد سیستم شوید",
    "DisplayName:CurrentPassword": "رمز فعلی",
    "DisplayName:NewPassword": "گذرواژه جدید",
    "DisplayName:NewPasswordConfirm": "گذرواژه جدید را تأیید کنید",
    "PasswordChangedMessage": "گذرواژه شما با موفقیت تغییر کرد.",
    "DisplayName:UserName": "نام کاربری",
    "DisplayName:Email": "ایمیل",
    "DisplayName:Name": "نام",
    "DisplayName:Surname": "نام خانوادگی",
    "DisplayName:Password": "گذرواژه",
    "DisplayName:EmailAddress": "آدرس ایمیل",
    "DisplayName:PhoneNumber": "شماره تلفن",
    "PersonalSettings": "تنظیمات شخصی",
    "PersonalSettingsSaved": "تنظیمات شخصی ذخیره گردید",
    "PasswordChanged": "گذرواژه تغییر کرد",
    "NewPasswordConfirmFailed": "لطفاً گذرواژه جدید را تأیید کنید.",
    "NewPasswordSameAsOld": "گذرواژه جدید نباید با گذرواژه قبلی یکسان باشد.",
    "Manage": "مدیریت",
    "MyAccount": "حساب من",
    "DisplayName:Abp.Account.IsSelfRegistrationEnabled": "آیا امکان ثبت نام فعال است",
    "Description:Abp.Account.IsSelfRegistrationEnabled": "آیا کاربر می تواند حساب خود را ثبت کند یا نه.",
    "DisplayName:Abp.Account.EnableLocalLogin": "تأیید اعتبار با یک حساب محلی",
    "Description:Abp.Account.EnableLocalLogin": "نشان می دهد که آیا سرور به کاربران اجازه می دهد با یک حساب محلی احراز هویت کنند.",
    "LoggedOutTitle": "خارج شده",
    "LoggedOutText": "شما از سیستم خارج شده اید و به زودی هدایت می شوید.",
    "ReturnToText": "برای بازگشت به برنامه اینجا را کلیک کنید",
    "OrLoginWith": "یا با:وارد شوید",
    "ForgotPassword": "فراموشی گذرواژه",
    "SendPasswordResetLink_Information": "پیوند بازنشانی گذرواژه برای بازنشانی گذرواژه به ایمیل شما ارسال می شود. اگر در عرض چند دقیقه ایمیلی دریافت نکردید, لطفاً دوباره امتحان کنید.",
    "PasswordResetMailSentMessage": "ایمیل بازیابی حساب به آدرس ایمیل شما ارسال می شود. اگر این ایمیل را در عرض 15 دقیقه در صندوق ورودی خود مشاهده نکردید, آن را در پوشه نامه های ناخواسته خود جستجو کنید. اگر آن را در آنجا پیدا کردید, لطفاً آن را به عنوان علامت گذاری کنید -آشغال نیست-. ",
    "ResetPassword": "بازنشانی گذرواژه",
    "ConfirmPassword": "تأیید (تکرار) گذرواژه",
    "ResetPassword_Information": "لطفاً گذرواژه جدید خود را وارد کنید.",
    "YourPasswordIsSuccessfullyReset": "گذرواژه شما با موفقیت بازنشانی شد.",
    "GoToTheApplication": "رفتن به برنامه",
    "BackToLogin": "بازگشت به صفحه ورود",
    "ProfileTab:Password": "تغییر گذرواژه",
    "ProfileTab:PersonalInfo": "اطلاعات شخصی",
    "ReturnToApplication": "بازگشت به برنامه",
    "Volo.Account:InvalidEmailAddress": "آدرس ایمیل وارد شده را نمی توان پیدا کرد:{0}",
    "PasswordReset": "بازنشانی گذرواژه",
    "PasswordResetInfoInEmail": "ما درخواست بازیابی حساب دریافت کردیم! اگر این درخواست را آغاز کرده اید, برای بازنشانی گذرواژه خود روی پیوند زیر کلیک کنید.",
    "ResetMyPassword": "بازنشانی گذرواژه من",
    "AccessDenied": "دسترسی ممنوع!",
    "AccessDeniedMessage": "شما به این منبع دسترسی ندارید."
  }
}