{
    "culture": "hr",
    "texts": {
        "Menu:Account": "Korisnički račun",
        "UserName": "Korisničko ime",
        "EmailAddress": "Email adresa",
        "UserNameOrEmailAddress": "Korisničko ime ili email adresa",
        "Password": "Lozinka",
        "RememberMe": "Zapamti me",
        "UseAnotherServiceToLogin": "Koristite drugu uslugu za prijavu",
        "UserLockedOutMessage": "Korisnički račun je zaključan zbog nevažećih pokušaja prijave. Pričekajte malo i pokušajte ponovo.",
        "InvalidUserNameOrPassword": "Neispravno korisničko ime ili lozinka!",
        "LoginIsNotAllowed": "Nemate dopuštenje za prijavu! Vaš račun nije aktivan ili treba potvrditi vašu e-poštu/broj telefona.",
        "SelfRegistrationDisabledMessage": "Samoregistracija je onemogućena za ovu aplikaciju. Molimo kontaktirajte administratora aplikacije za registraciju novog korisnika.",
        "LocalLoginDisabledMessage": "Lokalna prijava je onemogućena za ovu aplikaciju.",
        "Login": "Prijavi se",
        "Cancel": "Odustani",
        "Register": "Registracija",
        "AreYouANewUser": "Jeste li novi korisnik?",
        "AlreadyRegistered": "Već registrirani?",
        "InvalidLoginRequest": "Nevažeći zahtjev za prijavu",
        "ThereAreNoLoginSchemesConfiguredForThisClient": "Za ovog klijenta nema konfiguriranih shema prijave.",
        "LogInUsingYourProviderAccount": "Prijavite se koristeći svoj {0} račun",
        "DisplayName:CurrentPassword": "Trenutna lozinka",
        "DisplayName:NewPassword": "Nova lozinka",
        "DisplayName:NewPasswordConfirm": "Potvrdite novu lozinku",
        "PasswordChangedMessage": "Vaša lozinka je uspješno promijenjena.",
        "DisplayName:UserName": "Korisničko ime",
        "DisplayName:Email": "E-mail",
        "DisplayName:Name": "Ime",
        "DisplayName:Surname": "Prezime",
        "DisplayName:Password": "Zaporka",
        "DisplayName:EmailAddress": "Email adresa",
        "DisplayName:PhoneNumber": "Broj telefona",
        "PersonalSettings": "Osobne postavke",
        "PersonalSettingsSaved": "Osobne postavke spremljene",
        "PersonalSettingsChangedConfirmationModalTitle": "Osobni podaci promijenjeni",
        "PersonalSettingsChangedConfirmationModalDescription": "Ako želite primijeniti ove promjene, morate se ponovno prijaviti. Želite li se odjaviti?",
        "PasswordChanged": "Lozinka promijenjena",
        "NewPasswordConfirmFailed": "Molimo potvrdite novu lozinku.",
        "NewPasswordSameAsOld": "Nova lozinka mora se razlikovati od stare.",
        "Manage": "Upravljati",
        "MyAccount": "Moj račun",
        "DisplayName:Abp.Account.IsSelfRegistrationEnabled": "Je li omogućena samoregistracija",
        "Description:Abp.Account.IsSelfRegistrationEnabled": "Može li korisnik sam registrirati račun.",
        "DisplayName:Abp.Account.EnableLocalLogin": "Autentificirajte se s lokalnim računom",
        "Description:Abp.Account.EnableLocalLogin": "Označava hoće li poslužitelj dopustiti korisnicima autentifikaciju s lokalnim računom.",
        "LoggedOutTitle": "Odjavljen/a",
        "LoggedOutText": "Odjavljeni ste i uskoro ćete biti preusmjereni.",
        "ReturnToText": "Kliknite ovdje za povratak na aplikaciju",
        "OrLoginWith": "Ili se prijavite sa:",
        "ForgotPassword": "Zaboravili ste lozinku?",
        "SendPasswordResetLink_Information": "Link za ponovno postavljanje lozinke bit će poslan na vašu e-poštu kako bi ste ponovno postavili lozinku. Ako ne dobijete e-poruku u roku od nekoliko minuta, pokušajte ponovo.",
        "PasswordResetMailSentMessage": "Poruka e-pošte za oporavak računa poslana je na vašu adresu e-pošte. Ako ne vidite ovu e-poruku u pristigloj pošti u roku od 15 minuta, potražite je u mapi bezvrijedne pošte. Ako poruku pronađete tamo, označite je kao -Nije smeće-. ",
        "ResetPassword": "Resetiranje lozinke",
        "ConfirmPassword": "Potvrdite lozinku",
        "ResetPassword_Information": "Unesite svoju novu lozinku.",
        "YourPasswordIsSuccessfullyReset": "Vaša lozinka je uspješno poništena.",
        "GoToTheApplication": "Idite na aplikaciju",
        "BackToLogin": "Natrag na prijavu",
        "ProfileTab:Password": "Promjena lozinke",
        "ProfileTab:PersonalInfo": "Osobne informacije",
        "ReturnToApplication": "Povratak na aplikaciju",
        "Volo.Account:InvalidEmailAddress": "Email adresa nije pronađena: {0}",
        "PasswordReset": "Ponovno postavljanje lozinke",
        "PasswordResetInfoInEmail": "Primili smo zahtjev za oporavak računa! Ako ste vi pokrenuli ovaj zahtjev, kliknite na sljedeću poveznicu za ponovno postavljanje lozinke.",
        "ResetMyPassword": "Resetirati moju lozinku",
        "AccessDenied": "Pristup odbijen!",
        "AccessDeniedMessage": "Nemate pristup ovom resursu."
    }
}
