{
  "culture": "is",
  "texts": {
    "UserName": "Notandanafn",
    "EmailAddress": "Netfang",
    "UserNameOrEmailAddress": "Notandanafn eða netfang",
    "Password": "Lykilorð",
    "RememberMe": "Muna eftir mér",
    "UseAnotherServiceToLogin": "Notaðu aðra þjónustu til að skrá þig inn",
    "UserLockedOutMessage": "Notandareikningnum hefur verið lokað vegna ógildra innskráningartilrauna. Bíddu aðeins og reyndu aftur.",
    "InvalidUserNameOrPassword": "Ógilt notendanafn eða lykilorð!",
    "LoginIsNotAllowed": "Þú hefur ekki leyfi til að skrá þig inn! Þú þarft að staðfesta netfangið þitt/símanúmer.",
    "SelfRegistrationDisabledMessage": "Sjálfsskráning er óvirk fyrir þetta forrit. Vinsamlegast hafðu samband við umsjónarmann hugbúnaðarins til að skrá nýjan notanda.",
    "LocalLoginDisabledMessage": "Staðbundin innskráning er óvirk fyrir þetta forrit.",
    "Login": "Skrá inn",
    "Cancel": "Hætta við",
    "Register": "Skráðu þig",
    "AreYouANewUser": "Ertu nýr notandi?",
    "AlreadyRegistered": "Nú þegar skráð?",
    "InvalidLoginRequest": "Ógild innskráningarbeiðni",
    "ThereAreNoLoginSchemesConfiguredForThisClient": "Það eru engin innskráningarkerfi stillt fyrir þennan viðskiptavin.",
    "LogInUsingYourProviderAccount": "Skráðu þig inn með {0} aðganginum þínum",
    "DisplayName:CurrentPassword": "Núverandi lykilorð",
    "DisplayName:NewPassword": "Nýtt lykilorð",
    "DisplayName:NewPasswordConfirm": "Staðfestu nýtt lykilorð",
    "PasswordChangedMessage": "Lykilorði þínu hefur verið breytt.",
    "DisplayName:UserName": "Notandanafn",
    "DisplayName:Email": "Netfang",
    "DisplayName:Name": "Nanaf",
    "DisplayName:Surname": "Eftirnafn",
    "DisplayName:Password": "Lykilorð",
    "DisplayName:EmailAddress": "Netfang",
    "DisplayName:PhoneNumber": "Símanúmer",
    "PersonalSettings": "Persónulegar stillingar",
    "PersonalSettingsSaved": "Persónulegar stillingar vistaðar",
    "PasswordChanged": "Lykilorði breytt",
    "NewPasswordConfirmFailed": "Vinsamlegast staðfestu nýja lykilorðið.",
    "NewPasswordSameAsOld": "Nýtt lykilorð verður að vera frábrugðið núverandi lykilorði.",
    "Manage": "Umsjá",
    "MyAccount": "Minn aðgangur",
    "DisplayName:Abp.Account.IsSelfRegistrationEnabled": "Er sjálfskráning virk",
    "Description:Abp.Account.IsSelfRegistrationEnabled": "Getur notandi skráð aðganginn sjálfur.",
    "DisplayName:Abp.Account.EnableLocalLogin": "Auðkendu með local aðgangi",
    "Description:Abp.Account.EnableLocalLogin": "Sýnir hvort miðlarinn leyfir notendum að auðkenna með local aðgangi.",
    "LoggedOutTitle": "Skráði sig út",
    "LoggedOutText": "Þú hefur verið skráð/ur út og þér verður vísað áfram bráðlega.",
    "ReturnToText": "Smelltu hér til að fara aftur í forritið",
    "OrLoginWith": "Eða skráðu þig inn með:",
    "ForgotPassword": "Gleymt lykilorð?",
    "SendPasswordResetLink_Information": "Hlekkur til að endurstilla lykilorð verður sendur á netfangið þitt til að endurstilla lykilorðið þitt. Ef þú færð ekki tölvupóst innan nokkurra mínútna skaltu reyna aftur.",
    "PasswordResetMailSentMessage": "Hlekkur til að endurstilla aðganginn þinn verður sendur á netfangið þitt.Ef þú sérð ekki þennan tölvupóst í pósthólfinu þínu innan 15 mínútna skaltu leita að honum í ruslpóstmöppunni þinni. Ef þú finnur það þarna skaltu merkja það sem -Ekki rusl-.",
    "ResetPassword": "Endur stilla lykilorð",
    "ConfirmPassword": "Staðfestu lykilorðið",
    "ResetPassword_Information": "Sláðu inn nýja lykilorðið þitt.",
    "YourPasswordIsSuccessfullyReset": "Lykilorðið þitt var endurstillt.",
    "GoToTheApplication": "Farðu í forritið",
    "BackToLogin": "Aftur til að skrá þig inn",
    "ProfileTab:Password": "Breyta lykilorði",
    "ProfileTab:PersonalInfo": "Persónulegar upplýsingar",
    "ReturnToApplication": "Fara aftur í forritið",
    "Volo.Account:InvalidEmailAddress": "Finn ekki uppgefið netfang: {0}",
    "PasswordReset": "Endurstilla lykilorð",
    "PasswordResetInfoInEmail": "Við fengum beiðni um endurheimt reiknings! Ef þú stofnaðir þessa beiðni skaltu smella á eftirfarandi krækju til að endurstilla lykilorðið þitt.",
    "ResetMyPassword": "Endurstilla lykilorðið mitt",
    "AccessDenied": "Aðgangi hafnað!",
    "AccessDeniedMessage": "Þú hefur ekki aðgang að þessari auðlind.",
    "OrRegisterWith": "Eða skráðu þig með:",
    "RegisterUsingYourProviderAccount": "Skráðu þig með {0} aðganginum þínum"
  }
}