{
  "culture": "pl-PL",
  "texts": {
    "UserName": "Nazwa użytkownika",
    "EmailAddress": "Adres email",
    "UserNameOrEmailAddress": "Nazwa użytkownia lub adres email",
    "Password": "Hasło",
    "RememberMe": "Zapamiętaj mnie",
    "UseAnotherServiceToLogin": "Użyj innej usługi do zalogowania się",
    "UserLockedOutMessage": "Konto użytkownika zostało zablokowane po nieudanych próbach zalogowania. Odczekaj chwilę i spróbuj ponownie.",
    "InvalidUserNameOrPassword": "Niepoprawna nazwa użytkownika lub hasło!",
    "LoginIsNotAllowed": "Nie możesz się zalogować! Twoje konto jest nieaktywne lub wymaga potwierdzenia adresu e-mail/numeru telefonu.",
    "SelfRegistrationDisabledMessage": "Rejestracja użytkowników jest wyłączona dla tej aplikacji. Skontaktuj się z administratorem aplikacji w celu rejestracji nowego użytkownika.",
    "LocalLoginDisabledMessage": "Logowanie lokalne jest wyłączone dla tej aplikacji.",
    "Login": "Zaloguj",
    "Cancel": "Anuluj",
    "Register": "Zarejestruj",
    "AreYouANewUser": "Czy jesteś nowym użytkownikiem?",
    "AlreadyRegistered": "Już zarejestrowany?",
    "InvalidLoginRequest": "Logowanie nieudane",
    "ThereAreNoLoginSchemesConfiguredForThisClient": "Nie istnieje skonfigurany schemat logowania dla użytkownika.",
    "LogInUsingYourProviderAccount": "Zaloguj używając konta {0}",
    "DisplayName:CurrentPassword": "Aktualne hasło",
    "DisplayName:NewPassword": "Nowe hasło",
    "DisplayName:NewPasswordConfirm": "Potwierdź nowe hasło",
    "PasswordChangedMessage": "Twoje hasło zostało zmienione.",
    "DisplayName:UserName": "Nazwa użytkownika",
    "DisplayName:Email": "E-mail",
    "DisplayName:Name": "Nazwa",
    "DisplayName:Surname": "Nazwisko",
    "DisplayName:Password": "Hasło",
    "DisplayName:EmailAddress": "Adres e-mail",
    "DisplayName:PhoneNumber": "Numer telefonu",
    "PersonalSettings": "Ustawienia osobiste",
    "PersonalSettingsSaved": "Zapisano ustawienia osobiste",
    "PasswordChanged": "Hasło zostało zmienione",
    "NewPasswordConfirmFailed": "Potwierdź nowe hasło.",
    "NewPasswordSameAsOld": "Nowe hasło musi być inne niż poprzednie.",
    "Manage": "Zarządzać",
    "MyAccount": "Moje konto",
    "DisplayName:Abp.Account.IsSelfRegistrationEnabled": "Czy włączona jest samodzielna rejestracja?",
    "Description:Abp.Account.IsSelfRegistrationEnabled": "Czy użytkownik może samodzielnie zarejestrować konto.",
    "DisplayName:Abp.Account.EnableLocalLogin": "Uwierzytelnij się za pomocą konta lokalnego",
    "Description:Abp.Account.EnableLocalLogin": "Wskazuje, czy serwer umożliwi użytkownikom uwierzytelnianie za pomocą konta lokalnego.",
    "LoggedOutTitle": "Wylogowany",
    "LoggedOutText": "Zostałeś wylogowany i wkrótce zostaniesz przekierowany.",
    "ReturnToText": "Kliknij tutaj, aby wrócić do aplikacji",
    "OrLoginWith": "Lub zaloguj się za pomocą:",
    "ForgotPassword": "Zapomniałeś hasła?",
    "SendPasswordResetLink_Information": "Link do resetowania hasła zostanie wysłany na Twój adres e-mail, aby zresetować hasło. Jeśli nie otrzymasz e-maila w ciągu kilku minut, spróbuj ponownie.",
    "PasswordResetMailSentMessage": "E-mail odzyskiwania konta wysłany na Twój adres e-mail. Jeśli nie zobaczysz tego e-maila w skrzynce odbiorczej w ciągu 15 minut, poszukaj go w folderze ze spamem. Jeśli go tam znajdziesz, oznacz go jako -Nie śmieci-.",
    "ResetPassword": "Zresetuj hasło",
    "ConfirmPassword": "Potwierdź hasło",
    "ResetPassword_Information": "Wprowadź nowe hasło.",
    "YourPasswordIsSuccessfullyReset": "Twoje hasło zostało pomyślnie zresetowane.",
    "GoToTheApplication": "Przejdź do aplikacji",
    "BackToLogin": "Powrót do logowania",
    "ProfileTab:Password": "Zmień hasło",
    "ProfileTab:PersonalInfo": "Dane osobiste",
    "ReturnToApplication": "Wróć do aplikacji",
    "Volo.Account:InvalidEmailAddress": "Nie można znaleźć podanego adresu e-mail: {0}",
    "PasswordReset": "Resetowania hasła",
    "PasswordResetInfoInEmail": "Otrzymaliśmy prośbę o odzyskanie konta! Jeśli zainicjowałeś to żądanie, kliknij poniższy link, aby zresetować hasło.",
    "ResetMyPassword": "Zresetować moje hasło",
    "AccessDenied": "Brak dostępu!",
    "AccessDeniedMessage": "Nie masz dostępu do tego zasobu."
  }
}