{
  "culture": "pt-BR",
  "texts": {
    "Menu:Account": "Conta",
    "UserName": "Usuário",
    "EmailAddress": "E-mail",
    "UserNameOrEmailAddress": "Usuário ou e-mail",
    "Password": "Senha",
    "RememberMe": "Lembrar",
    "UseAnotherServiceToLogin": "Usar outro serviço para entrar",
    "UserLockedOutMessage": "Esta conta de usuário está bloqueada devido a muitas tentativas de acesso. Por favor, espere alguns instantes e tente novamente.",
    "InvalidUserNameOrPassword": "Usuário ou senha estão incorretos!",
    "LoginIsNotAllowed": "Você não tem permissão para fazer o login! Sua conta está inativa ou precisa confirmar seu e-mail/número de telefone.",
    "SelfRegistrationDisabledMessage": "Não é permitido que você crie uma nova conta neste site. Contate um administrador para que ele crie uma conta para você.",
    "LocalLoginDisabledMessage": "O login local está desativado para este aplicativo.",
    "Login": "Entrar",
    "Cancel": "Cancelar",
    "Register": "Registre-se",
    "AreYouANewUser": "Você é um novo usuário?",
    "AlreadyRegistered": "Já registrado?",
    "InvalidLoginRequest": "Requisição de acesso inválido!",
    "ThereAreNoLoginSchemesConfiguredForThisClient": "Não existe um esquema de acesso para este usuário",
    "LogInUsingYourProviderAccount": "Acesse utilizando sua conta {0}",
    "DisplayName:CurrentPassword": "Senha atual",
    "DisplayName:NewPassword": "Nova Senha",
    "DisplayName:NewPasswordConfirm": "Confirmação de senha",
    "PasswordChangedMessage": "Sua senha foi alterada com sucesso.",
    "DisplayName:UserName": "Nome de usuário",
    "DisplayName:Email": "E-mail",
    "DisplayName:Name": "Nome",
    "DisplayName:Surname": "Sobrenome",
    "DisplayName:Password": "Senha",
    "DisplayName:EmailAddress": "E-mail",
    "DisplayName:PhoneNumber": "Telefone",
    "PersonalSettings": "Configurações pessoais",
    "PersonalSettingsSaved": "Configurações pessoais salvas",
    "PasswordChanged": "Senha alterada",
    "NewPasswordConfirmFailed": "Por favor, confirme a nova senha.",
    "NewPasswordSameAsOld": "A nova senha deve ser diferente da senha atual.",
    "Manage": "Gerenciar",
    "MyAccount": "Minha conta",
    "DisplayName:Abp.Account.IsSelfRegistrationEnabled": "O autorregistro está habilitado",
    "Description:Abp.Account.IsSelfRegistrationEnabled": "Se um usuário pode registrar a conta por si mesmo.",
    "DisplayName:Abp.Account.EnableLocalLogin": "Autenticar com uma conta local",
    "Description:Abp.Account.EnableLocalLogin": "Indica se o servidor permitirá que os usuários se autentiquem com uma conta local.",
    "LoggedOutTitle": "Desconectado",
    "LoggedOutText": "Você foi desconectado e será redirecionado em breve.",
    "ReturnToText": "Clique aqui para retornar ao aplicativo",
    "OrLoginWith": "Ou faça login com:",
    "ForgotPassword": "Esqueceu sua senha?",
    "SendPasswordResetLink_Information": "Um link de redefinição de senha será enviado ao seu e-mail para redefinir sua senha. Se você não receber um e-mail em alguns minutos, tente novamente.",
    "PasswordResetMailSentMessage": "E-mail de recuperação de conta enviado para o seu endereço de e-mail. Se você não vir este e-mail em sua caixa de entrada em 15 minutos, procure-o na pasta de lixo eletrônico. Se você encontrá-lo lá, marque-o como -Não é Lixo Eletrônico-.",
    "ResetPassword": "Redefinir senha",
    "ConfirmPassword": "Confirme a senha",
    "ResetPassword_Information": "Por favor insira sua nova senha.",
    "YourPasswordIsSuccessfullyReset": "Sua senha foi redefinida com sucesso.",
    "GoToTheApplication": "Vá para o aplicativo",
    "BackToLogin": "Volte ao login",
    "ProfileTab:Password": "Mudar senha",
    "ProfileTab:PersonalInfo": "Informação pessoal",
    "ReturnToApplication": "Voltar ao aplicativo",
    "Volo.Account:InvalidEmailAddress": "Não é possível encontrar o endereço de e-mail fornecido: {0}",
    "PasswordReset": "Redefinição de senha",
    "PasswordResetInfoInEmail": "Recebemos um pedido de recuperação de conta! Se você iniciou esta solicitação, clique no link a seguir para redefinir sua senha.",
    "ResetMyPassword": "Resetar minha senha",
    "AccessDenied": "Acesso negado!",
    "AccessDeniedMessage": "Você não tem acesso a este recurso.",
    "OrRegisterWith": "Ou registre-se com:",
    "RegisterUsingYourProviderAccount": "Registre-se utilizando sua conta {0}"
  }
}