{
  "culture": "ro-RO",
  "texts": {
    "UserName": "Nume de utilizator",
    "EmailAddress": "Adresa de email",
    "UserNameOrEmailAddress": "Nume de utilizator sau adresa de email",
    "Password": "Parola",
    "RememberMe": "Ţine-mă minte",
    "UseAnotherServiceToLogin": "Folisiţi alt serviciu pentru a vă autentifica",
    "UserLockedOutMessage": "Contul a fost blocat din cauza incercărilor eşuate de autentificare. Vă rugăm să aşteptaţi şi să încercaţi din nou.",
    "InvalidUserNameOrPassword": "Nume de utilizator sau parolă invalide!",
    "LoginIsNotAllowed": "Nu ai voie să te autentifici! Contul dvs. este inactiv sau trebuie să vă confirme numărul de e-mail/telefon.",
    "SelfRegistrationDisabledMessage": "Înregistrarea personală este dezactivată pentru această aplicaţie. Vă rugăm să contactaţi administratorul aplicaţiei pentru a înregistra un nou utilizator.",
    "LocalLoginDisabledMessage": "Autentificarea locală este dezactivată pentru această aplicaţie.",
    "Login": "Autentificare",
    "Cancel": "Anulează",
    "Register": "Înregistrare",
    "AreYouANewUser": "Sunteţi un utilizator nou?",
    "AlreadyRegistered": "Deja înregistrat?",
    "InvalidLoginRequest": "Cerere de autentificare invalidă",
    "ThereAreNoLoginSchemesConfiguredForThisClient": "Nu există scheme de autentificare configurate pentru acest client.",
    "LogInUsingYourProviderAccount": "Autentificaţi-vă folosindu-vă contul {0}",
    "DisplayName:CurrentPassword": "Parola curentă",
    "DisplayName:NewPassword": "Parola nouă",
    "DisplayName:NewPasswordConfirm": "Confirmă noua parolă",
    "PasswordChangedMessage": "Parola dumneavoastră a fost schimbată cu succes.",
    "DisplayName:UserName": "Nume de utilizator",
    "DisplayName:Email": "Email",
    "DisplayName:Name": "Nume",
    "DisplayName:Surname": "Nume de familie",
    "DisplayName:Password": "Parolă",
    "DisplayName:EmailAddress": "Adresa de email",
    "DisplayName:PhoneNumber": "Număr de telefon",
    "PersonalSettings": "Setări personale",
    "PersonalSettingsSaved": "Setări personale salvate",
    "PasswordChanged": "Parola schimbată",
    "NewPasswordConfirmFailed": "Vă rugăm să confirmaţi noua parolă.",
    "NewPasswordSameAsOld": "Noua parolă trebuie să fie diferită de cea curentă.",
    "Manage": "Administrează",
    "MyAccount": "Contul meu",
    "DisplayName:Abp.Account.IsSelfRegistrationEnabled": "Este înregistrarea personală activată",
    "Description:Abp.Account.IsSelfRegistrationEnabled": "Dacă un utilizator îşi poate înregistra contul singur(ă).",
    "DisplayName:Abp.Account.EnableLocalLogin": "Autentificaţi-vă cu un cont local",
    "Description:Abp.Account.EnableLocalLogin": "Indică dacă serverul va permite utilizatorilor să se autentifice cu un cont local.",
    "LoggedOutTitle": "Deconectat",
    "LoggedOutText": "V-aţi deconectat şi veţi fi redirectat(ă) curând.",
    "ReturnToText": "Click aici pentru a vă întoarce la aplicaţie",
    "OrLoginWith": "Sau autentificaţi-vă cu:",
    "ForgotPassword": "Aţi uitat parola?",
    "SendPasswordResetLink_Information": "Un link pentru resetarea parolei va fi trimis pe emailul dumneavoastră. Dacă nu primiţi un email în decurs de câteva minute, vă rugăm să reîncercaţi.",
    "PasswordResetMailSentMessage": "Emailul de recuperare al contului a fost trimis la adresa dumneavoastră de email. Dacă nu vedeţi acest email în decurs de 15 minute, cautaţi-l în dosarul de junk/spam. Dacă îl găsiţi acolo, vă rugăm să îl marcaţi ca -Not Junk-/-Not Spam-. ",
    "ResetPassword": "Resetaţi parola",
    "ConfirmPassword": "Confirmaţi (repetaţi) parola",
    "ResetPassword_Information": "Vă rugăm să vă introduceţi noua parola.",
    "YourPasswordIsSuccessfullyReset": "Parola a fost resetată cu succes.",
    "GoToTheApplication": "Navigaţi la aplicaţie",
    "BackToLogin": "Înapoi la autentificare",
    "ProfileTab:Password": "Schimbă parola",
    "ProfileTab:PersonalInfo": "Date personale",
    "ReturnToApplication": "Întoarceţi-vă la aplicaţie",
    "Volo.Account:InvalidEmailAddress": "Nu a putut fi găsită adresa de email: {0}",
    "PasswordReset": "Resetarea parolei",
    "PasswordResetInfoInEmail": "Am primit o cerere de recuperare a contului! Dacă dumneavoastră aţi iniţiat această cerere, daţi click pe următorul link pentru a vă reseta parola.",
    "ResetMyPassword": "Resetează-mi parola",
    "AccessDenied": "Acces interzis!",
    "AccessDeniedMessage": "Nu aveţi acces la această resursă."
  }
}
