{
  "culture": "vi",
  "texts": {
    "UserName": "Tên đăng nhập",
    "EmailAddress": "Địa chỉ email",
    "UserNameOrEmailAddress": "Tên đăng nhập hoặc địa chỉ email",
    "Password": "Mật khẩu",
    "RememberMe": "Ghi nhớ",
    "UseAnotherServiceToLogin": "Sử dụng dịch vụ khác để đăng nhập",
    "UserLockedOutMessage": "Tài khoản người dùng đã bị khóa do các nỗ lực đăng nhập không hợp lệ. Xin vui lòng chờ một lúc và thử lại.",
    "InvalidUserNameOrPassword": "Sai tên tài khoản hoặc mật khẩu!",
    "LoginIsNotAllowed": "Bạn không được phép đăng nhập! Tài khoản của bạn không hoạt động hoặc cần xác nhận email/số điện thoại của bạn.",
    "SelfRegistrationDisabledMessage": "Tự đăng ký người dùng bị vô hiệu hóa cho ứng dụng này. Liên hệ với quản trị viên ứng dụng để đăng ký người dùng mới.",
    "LocalLoginDisabledMessage": "Đăng nhập cục bộ bị vô hiệu hóa cho ứng dụng này.",
    "Login": "Đăng nhập",
    "Cancel": "Hủy bỏ",
    "Register": "Đăng ký",
    "AreYouANewUser": "Bạn có phải là người dùng mới?",
    "AlreadyRegistered": "Đã đăng ký?",
    "InvalidLoginRequest": "Yêu cầu đăng nhập không hợp lệ",
    "ThereAreNoLoginSchemesConfiguredForThisClient": "Không có chương trình đăng nhập được cấu hình cho khách hàng này.",
    "LogInUsingYourProviderAccount": "Đăng nhập bằng tài khoản {0} của bạn",
    "DisplayName:CurrentPassword": "Mật khẩu hiện tại",
    "DisplayName:NewPassword": "Mật khẩu mới",
    "DisplayName:NewPasswordConfirm": "Xác nhận mật khẩu mới",
    "PasswordChangedMessage": "Mật khẩu của bạn đã được thay đổi thành công.",
    "DisplayName:UserName": "tên tài khoản",
    "DisplayName:Email": "E-mail",
    "DisplayName:Name": "Tên",
    "DisplayName:Surname": "Họ",
    "DisplayName:Password": "Mật khẩu",
    "DisplayName:EmailAddress": "Địa chỉ email",
    "DisplayName:PhoneNumber": "Số điện thoại",
    "PersonalSettings": "Thiết lập cá nhân",
    "PersonalSettingsSaved": "Đã lưu cài đặt cá nhân",
    "PasswordChanged": "mật khẩu đã được thay đổi",
    "NewPasswordConfirmFailed": "Vui lòng xác nhận mật khẩu mới.",
    "NewPasswordSameAsOld": "Mật khẩu mới không được giống như mật khẩu cũ.",
    "Manage": "Quản lý",
    "MyAccount": "Tài khoản của tôi",
    "DisplayName:Abp.Account.IsSelfRegistrationEnabled": "Tự đăng ký có được bật không",
    "Description:Abp.Account.IsSelfRegistrationEnabled": "Người dùng có thể đăng ký tài khoản của mình hay không.",
    "DisplayName:Abp.Account.EnableLocalLogin": "Xác thực bằng tài khoản cục bộ",
    "Description:Abp.Account.EnableLocalLogin": "Cho biết máy chủ có cho phép người dùng xác thực bằng tài khoản cục bộ hay không.",
    "LoggedOutTitle": "Đã đăng xuất",
    "LoggedOutText": "Bạn đã đăng xuất và bạn sẽ sớm được chuyển hướng.",
    "ReturnToText": "Nhấn vào đây để quay lại ứng dụng",
    "OrLoginWith": "Hoặc đăng nhập bằng:",
    "ForgotPassword": "Quên mật khẩu?",
    "SendPasswordResetLink_Information": "Một liên kết đặt lại mật khẩu sẽ được gửi đến email của bạn để đặt lại mật khẩu của bạn. Nếu bạn không nhận được email trong vòng vài phút, vui lòng thử lại.",
    "PasswordResetMailSentMessage": "Email khôi phục tài khoản đã được gửi đến địa chỉ e-mail của bạn. Nếu bạn không thấy email này trong hộp thư đến của mình trong vòng 15 phút, hãy tìm nó trong thư mục thư rác của bạn. Nếu bạn tìm thấy nó ở đó, vui lòng đánh dấu nó là -Không phải rác-.",
    "ResetPassword": "Đặt lại mật khẩu",
    "ConfirmPassword": "Xác nhận (lặp lại) mật khẩu",
    "ResetPassword_Information": "Vui lòng nhập mật khẩu mới của bạn.",
    "YourPasswordIsSuccessfullyReset": "Mật khẩu của bạn đã được đặt lại thành công.",
    "GoToTheApplication": "Đi tới ứng dụng",
    "BackToLogin": "Quay lại đăng nhập",
    "ProfileTab:Password": "Đổi mật khẩu",
    "ProfileTab:PersonalInfo": "Thông tin cá nhân",
    "ReturnToApplication": "Quay lại ứng dụng",
    "Volo.Account:InvalidEmailAddress": "Không thể tìm thấy địa chỉ email đã cho: {0}",
    "PasswordReset": "Đặt lại mật khẩu",
    "PasswordResetInfoInEmail": "Chúng tôi đã nhận được yêu cầu khôi phục tài khoản! Nếu bạn bắt đầu yêu cầu này, hãy nhấp vào liên kết sau để đặt lại mật khẩu của bạn.",
    "ResetMyPassword": "Đặt lại mật khẩu của tôi",
    "AccessDenied": "Quyền truy cập bị từ chối!",
    "AccessDeniedMessage": "Bạn không có quyền truy cập vào tài nguyên này."
  }
}