{
  "name": "Volo.Abp.TenantManagement.Application.Contracts",
  "hash": "452af0f3ecf21f9919552d72456e0b87",
  "contents": [
    {
      "namespace": "Volo.Abp.TenantManagement",
      "dependsOnModules": [
        {
          "declaringAssemblyName": "Volo.Abp.Ddd.Application.Contracts",
          "namespace": "Volo.Abp.Application",
          "name": "AbpDddApplicationContractsModule"
        },
        {
          "declaringAssemblyName": "Volo.Abp.TenantManagement.Domain.Shared",
          "namespace": "Volo.Abp.TenantManagement",
          "name": "AbpTenantManagementDomainSharedModule"
        },
        {
          "declaringAssemblyName": "Volo.Abp.Authorization.Abstractions",
          "namespace": "Volo.Abp.Authorization",
          "name": "AbpAuthorizationAbstractionsModule"
        }
      ],
      "contentType": "abpModule",
      "name": "AbpTenantManagementApplicationContractsModule",
      "summary": null
    },
    {
      "displayName": "Tenant management",
      "isEnabled": true,
      "contentType": "permission",
      "name": "AbpTenantManagement.Tenants",
      "summary": null
    },
    {
      "displayName": "Create",
      "isEnabled": true,
      "contentType": "permission",
      "name": "AbpTenantManagement.Tenants.Create",
      "summary": null
    },
    {
      "displayName": "Edit",
      "isEnabled": true,
      "contentType": "permission",
      "name": "AbpTenantManagement.Tenants.Update",
      "summary": null
    },
    {
      "displayName": "Delete",
      "isEnabled": true,
      "contentType": "permission",
      "name": "AbpTenantManagement.Tenants.Delete",
      "summary": null
    },
    {
      "displayName": "Manage features",
      "isEnabled": true,
      "contentType": "permission",
      "name": "AbpTenantManagement.Tenants.ManageFeatures",
      "summary": null
    },
    {
      "displayName": "Manage connection strings",
      "isEnabled": true,
      "contentType": "permission",
      "name": "AbpTenantManagement.Tenants.ManageConnectionStrings",
      "summary": null
    }
  ]
}