{
  "name": "Volo.Abp.VirtualFileExplorer.Web",
  "hash": "a0111d975ad317f0bd8bb6a9ed9a6c5c",
  "contents": [
    {
      "namespace": "Volo.Abp.VirtualFileExplorer.Web",
      "dependsOnModules": [
        {
          "declaringAssemblyName": "Volo.Abp.AspNetCore.Mvc.UI.Bootstrap",
          "namespace": "Volo.Abp.AspNetCore.Mvc.UI.Bootstrap",
          "name": "AbpAspNetCoreMvcUiBootstrapModule"
        },
        {
          "declaringAssemblyName": "Volo.Abp.AspNetCore.Mvc.UI.Theme.Shared",
          "namespace": "Volo.Abp.AspNetCore.Mvc.UI.Theme.Shared",
          "name": "AbpAspNetCoreMvcUiThemeSharedModule"
        }
      ],
      "contentType": "abpModule",
      "name": "AbpVirtualFileExplorerWebModule",
      "summary": null
    }
  ]
}