{
  "name": "Volo.Abp.SettingManagement.MongoDB",
  "hash": "3a6a752156846daef4c4439fd353a66d",
  "contents": [
    {
      "namespace": "Volo.Abp.SettingManagement.MongoDB",
      "contentType": "abpModule",
      "name": "AbpSettingManagementMongoDbModule"
    },
    {
      "namespace": "Volo.Abp.SettingManagement.MongoDB",
      "connectionStringName": "AbpSettingManagement",
      "databaseCollections": [
        {
          "entityFullName": "Volo.Abp.SettingManagement.Setting",
          "contentType": "databaseCollection",
          "name": "AbpSettings"
        }
      ],
      "contentType": "mongoDbContext",
      "name": "SettingManagementMongoDbContext"
    }
  ]
}