{
  "name": "Volo.Abp.SettingManagement.MongoDB",
  "hash": "1d033c797d559171795d47c0115ee292",
  "contents": [
    {
      "namespace": "Volo.Abp.SettingManagement.MongoDB",
      "dependsOnModules": [
        {
          "declaringAssemblyName": "Volo.Abp.SettingManagement.Domain",
          "namespace": "Volo.Abp.SettingManagement",
          "name": "AbpSettingManagementDomainModule"
        },
        {
          "declaringAssemblyName": "Volo.Abp.MongoDB",
          "namespace": "Volo.Abp.MongoDB",
          "name": "AbpMongoDbModule"
        }
      ],
      "contentType": "abpModule",
      "name": "AbpSettingManagementMongoDbModule",
      "summary": null
    },
    {
      "namespace": "Volo.Abp.SettingManagement.MongoDB",
      "connectionStringName": "AbpSettingManagement",
      "databaseCollections": [
        {
          "entityFullName": "Volo.Abp.SettingManagement.Setting",
          "contentType": "databaseCollection",
          "name": "AbpSettings",
          "summary": null
        }
      ],
      "contentType": "mongoDbContext",
      "name": "SettingManagementMongoDbContext",
      "summary": null
    }
  ]
}