{
  "name": "Volo.Abp.IdentityServer.MongoDB",
  "hash": "26a3848f2d1556551380bd919b07c87f",
  "contents": [
    {
      "namespace": "Volo.Abp.IdentityServer.MongoDB",
      "dependsOnModules": [
        {
          "declaringAssemblyName": "Volo.Abp.IdentityServer.Domain",
          "namespace": "Volo.Abp.IdentityServer",
          "name": "AbpIdentityServerDomainModule"
        },
        {
          "declaringAssemblyName": "Volo.Abp.MongoDB",
          "namespace": "Volo.Abp.MongoDB",
          "name": "AbpMongoDbModule"
        }
      ],
      "contentType": "abpModule",
      "name": "AbpIdentityServerMongoDbModule",
      "summary": null
    },
    {
      "namespace": "Volo.Abp.IdentityServer.MongoDB",
      "connectionStringName": "AbpIdentityServer",
      "databaseCollections": [
        {
          "entityFullName": "Volo.Abp.IdentityServer.ApiScopes.ApiScope",
          "contentType": "databaseCollection",
          "name": "IdentityServerApiScopes",
          "summary": null
        },
        {
          "entityFullName": "Volo.Abp.IdentityServer.IdentityResources.IdentityResource",
          "contentType": "databaseCollection",
          "name": "IdentityServerIdentityResources",
          "summary": null
        },
        {
          "entityFullName": "Volo.Abp.IdentityServer.Devices.DeviceFlowCodes",
          "contentType": "databaseCollection",
          "name": "IdentityServerDeviceFlowCodes",
          "summary": null
        },
        {
          "entityFullName": "Volo.Abp.IdentityServer.Clients.Client",
          "contentType": "databaseCollection",
          "name": "IdentityServerClients",
          "summary": null
        },
        {
          "entityFullName": "Volo.Abp.IdentityServer.ApiResources.ApiResource",
          "contentType": "databaseCollection",
          "name": "IdentityServerApiResources",
          "summary": null
        },
        {
          "entityFullName": "Volo.Abp.IdentityServer.Grants.PersistedGrant",
          "contentType": "databaseCollection",
          "name": "IdentityServerPersistedGrants",
          "summary": null
        }
      ],
      "contentType": "mongoDbContext",
      "name": "AbpIdentityServerMongoDbContext",
      "summary": null
    }
  ]
}