{
  "name": "Volo.Abp.IdentityServer.MongoDB",
  "hash": "7e165bd58cba0efdaead999f06c2ac91",
  "contents": [
    {
      "namespace": "Volo.Abp.IdentityServer.MongoDB",
      "dependsOnModules": [
        {
          "declaringAssemblyName": "Volo.Abp.IdentityServer.Domain",
          "namespace": "Volo.Abp.IdentityServer",
          "name": "AbpIdentityServerDomainModule"
        },
        {
          "declaringAssemblyName": "Volo.Abp.MongoDB",
          "namespace": "Volo.Abp.MongoDB",
          "name": "AbpMongoDbModule"
        }
      ],
      "implementingInterfaces": [
        {
          "name": "IAbpModule",
          "namespace": "Volo.Abp.Modularity",
          "declaringAssemblyName": "Volo.Abp.Core",
          "fullName": "Volo.Abp.Modularity.IAbpModule"
        },
        {
          "name": "IOnPreApplicationInitialization",
          "namespace": "Volo.Abp.Modularity",
          "declaringAssemblyName": "Volo.Abp.Core",
          "fullName": "Volo.Abp.Modularity.IOnPreApplicationInitialization"
        },
        {
          "name": "IOnApplicationInitialization",
          "namespace": "Volo.Abp",
          "declaringAssemblyName": "Volo.Abp.Core",
          "fullName": "Volo.Abp.IOnApplicationInitialization"
        },
        {
          "name": "IOnPostApplicationInitialization",
          "namespace": "Volo.Abp.Modularity",
          "declaringAssemblyName": "Volo.Abp.Core",
          "fullName": "Volo.Abp.Modularity.IOnPostApplicationInitialization"
        },
        {
          "name": "IOnApplicationShutdown",
          "namespace": "Volo.Abp",
          "declaringAssemblyName": "Volo.Abp.Core",
          "fullName": "Volo.Abp.IOnApplicationShutdown"
        },
        {
          "name": "IPreConfigureServices",
          "namespace": "Volo.Abp.Modularity",
          "declaringAssemblyName": "Volo.Abp.Core",
          "fullName": "Volo.Abp.Modularity.IPreConfigureServices"
        },
        {
          "name": "IPostConfigureServices",
          "namespace": "Volo.Abp.Modularity",
          "declaringAssemblyName": "Volo.Abp.Core",
          "fullName": "Volo.Abp.Modularity.IPostConfigureServices"
        }
      ],
      "contentType": "abpModule",
      "name": "AbpIdentityServerMongoDbModule",
      "summary": null
    },
    {
      "namespace": "Volo.Abp.IdentityServer.MongoDB",
      "connectionStringName": "AbpIdentityServer",
      "databaseCollections": [
        {
          "entityFullName": "Volo.Abp.IdentityServer.Devices.DeviceFlowCodes",
          "contentType": "databaseCollection",
          "name": "IdentityServerDeviceFlowCodes",
          "summary": null
        },
        {
          "entityFullName": "Volo.Abp.IdentityServer.IdentityResources.IdentityResource",
          "contentType": "databaseCollection",
          "name": "IdentityServerIdentityResources",
          "summary": null
        },
        {
          "entityFullName": "Volo.Abp.IdentityServer.Clients.Client",
          "contentType": "databaseCollection",
          "name": "IdentityServerClients",
          "summary": null
        },
        {
          "entityFullName": "Volo.Abp.IdentityServer.ApiScopes.ApiScope",
          "contentType": "databaseCollection",
          "name": "IdentityServerApiScopes",
          "summary": null
        },
        {
          "entityFullName": "Volo.Abp.IdentityServer.Grants.PersistedGrant",
          "contentType": "databaseCollection",
          "name": "IdentityServerPersistedGrants",
          "summary": null
        },
        {
          "entityFullName": "Volo.Abp.IdentityServer.ApiResources.ApiResource",
          "contentType": "databaseCollection",
          "name": "IdentityServerApiResources",
          "summary": null
        }
      ],
      "implementingInterfaces": [
        {
          "name": "IAbpMongoDbContext",
          "namespace": "Volo.Abp.MongoDB",
          "declaringAssemblyName": "Volo.Abp.MongoDB",
          "fullName": "Volo.Abp.MongoDB.IAbpMongoDbContext"
        },
        {
          "name": "ITransientDependency",
          "namespace": "Volo.Abp.DependencyInjection",
          "declaringAssemblyName": "Volo.Abp.Core",
          "fullName": "Volo.Abp.DependencyInjection.ITransientDependency"
        },
        {
          "name": "IAbpIdentityServerMongoDbContext",
          "namespace": "Volo.Abp.IdentityServer.MongoDB",
          "declaringAssemblyName": "Volo.Abp.IdentityServer.MongoDB",
          "fullName": "Volo.Abp.IdentityServer.MongoDB.IAbpIdentityServerMongoDbContext"
        }
      ],
      "contentType": "mongoDbContext",
      "name": "AbpIdentityServerMongoDbContext",
      "summary": null
    }
  ]
}