{
  "culture": "tr",
  "texts": {
    "TheOpenIDConnectRequestCannotBeRetrieved": "OpenID Connect isteği alınamıyor.",
    "TheUserDetailsCannotBbeRetrieved" : "Kullanıcı ayrıntıları alınamıyor.",
    "TheApplicationDetailsCannotBeFound": "Başvuru detayları bulunamadı.",
    "DetailsConcerningTheCallingClientApplicationCannotBeFound": "Çağıran istemci uygulamasıyla ilgili ayrıntılar bulunamıyor.",
    "TheSpecifiedGrantTypeIsNotImplemented.": "Belirtilen hibe türü {0} uygulanmadı.",
    "Authorization": "Yetki",
    "DoYouWantToGrantAccessToYourData": "Do you want to grant {0} access to your data?",
    "ScopesRequested": "İstenen kapsamlar",
    "Accept": "Kabul etmek",
    "Deny": "Reddetmek"
  }
}
