{
  "culture": "zh-Hant",
  "texts": {
    "TheOpenIDConnectRequestCannotBeRetrieved": "無法檢索 OpenID Connect 請求.",
    "TheUserDetailsCannotBbeRetrieved" : "無法檢索用戶詳細信息.",
    "TheApplicationDetailsCannotBeFound": "找不到應用詳情.",
    "DetailsConcerningTheCallingClientApplicationCannotBeFound": "找不到有關調用客戶端應用程序的詳細信息.",
    "TheSpecifiedGrantTypeIsNotImplemented.": "未實施指定的授權類型 {0}.",
    "TheSpecifiedAccessTokenIsBoundToAnAccountThatNoLongerExists": "指定的訪問令牌綁定到不再存在的帳戶.",
    "Authorization": "授權",
    "DoYouWantToGrantAccessToYourData": "是否要授予 {0} 訪問你的數據的權限?",
    "ScopesRequested": "要求的Scope",
    "Accept": "接受",
    "Deny": "拒絕"
  }
}
