{
  "name": "Volo.CmsKit.Common.HttpApi.Client",
  "hash": "5a9c0e5675e6deaf66d56ba4ee6f9d98",
  "contents": [
    {
      "namespace": "Volo.CmsKit",
      "dependsOnModules": [
        {
          "declaringAssemblyName": "Volo.Abp.Http.Client",
          "namespace": "Volo.Abp.Http.Client",
          "name": "AbpHttpClientModule"
        },
        {
          "declaringAssemblyName": "Volo.CmsKit.Common.Application.Contracts",
          "namespace": "Volo.CmsKit",
          "name": "CmsKitCommonApplicationContractsModule"
        }
      ],
      "contentType": "abpModule",
      "name": "CmsKitCommonHttpApiClientModule",
      "summary": null
    }
  ]
}