{
  "name": "Volo.Abp.PermissionManagement.Application.Contracts",
  "hash": "b0860d6a4effb7bbc1bf6ebda4b66938",
  "contents": [
    {
      "namespace": "Volo.Abp.PermissionManagement",
      "dependsOnModules": [
        {
          "declaringAssemblyName": "Volo.Abp.Ddd.Application.Contracts",
          "namespace": "Volo.Abp.Application",
          "name": "AbpDddApplicationContractsModule"
        },
        {
          "declaringAssemblyName": "Volo.Abp.PermissionManagement.Domain.Shared",
          "namespace": "Volo.Abp.PermissionManagement",
          "name": "AbpPermissionManagementDomainSharedModule"
        },
        {
          "declaringAssemblyName": "Volo.Abp.Authorization.Abstractions",
          "namespace": "Volo.Abp.Authorization",
          "name": "AbpAuthorizationAbstractionsModule"
        }
      ],
      "contentType": "abpModule",
      "name": "AbpPermissionManagementApplicationContractsModule",
      "summary": null
    }
  ]
}