{
  "name": "Volo.CmsKit.Public.Web",
  "hash": "",
  "contents": [
    {
      "namespace": "Volo.CmsKit.Public.Web",
      "dependsOnModules": [
        {
          "declaringAssemblyName": "Volo.CmsKit.Public.Application.Contracts",
          "namespace": "Volo.CmsKit.Public",
          "name": "CmsKitPublicApplicationContractsModule"
        },
        {
          "declaringAssemblyName": "Volo.CmsKit.Common.Web",
          "namespace": "Volo.CmsKit.Web",
          "name": "CmsKitCommonWebModule"
        }
      ],
      "implementingInterfaces": [
        {
          "name": "IAbpModule",
          "namespace": "Volo.Abp.Modularity",
          "declaringAssemblyName": "Volo.Abp.Core",
          "fullName": "Volo.Abp.Modularity.IAbpModule"
        },
        {
          "name": "IOnPreApplicationInitialization",
          "namespace": "Volo.Abp.Modularity",
          "declaringAssemblyName": "Volo.Abp.Core",
          "fullName": "Volo.Abp.Modularity.IOnPreApplicationInitialization"
        },
        {
          "name": "IOnApplicationInitialization",
          "namespace": "Volo.Abp",
          "declaringAssemblyName": "Volo.Abp.Core",
          "fullName": "Volo.Abp.IOnApplicationInitialization"
        },
        {
          "name": "IOnPostApplicationInitialization",
          "namespace": "Volo.Abp.Modularity",
          "declaringAssemblyName": "Volo.Abp.Core",
          "fullName": "Volo.Abp.Modularity.IOnPostApplicationInitialization"
        },
        {
          "name": "IOnApplicationShutdown",
          "namespace": "Volo.Abp",
          "declaringAssemblyName": "Volo.Abp.Core",
          "fullName": "Volo.Abp.IOnApplicationShutdown"
        },
        {
          "name": "IPreConfigureServices",
          "namespace": "Volo.Abp.Modularity",
          "declaringAssemblyName": "Volo.Abp.Core",
          "fullName": "Volo.Abp.Modularity.IPreConfigureServices"
        },
        {
          "name": "IPostConfigureServices",
          "namespace": "Volo.Abp.Modularity",
          "declaringAssemblyName": "Volo.Abp.Core",
          "fullName": "Volo.Abp.Modularity.IPostConfigureServices"
        }
      ],
      "contentType": "abpModule",
      "name": "CmsKitPublicWebModule",
      "summary": null
    },
    {
      "namespace": "Volo.CmsKit.Public.Web.Pages.Public.CmsKit.Pages",
      "contentType": "webPage",
      "name": "IndexModel",
      "summary": null
    },
    {
      "namespace": "Volo.CmsKit.Public.Web.Pages.Public.CmsKit.Blogs",
      "contentType": "webPage",
      "name": "BlogPostModel",
      "summary": null
    },
    {
      "namespace": "Volo.CmsKit.Public.Web.Pages.Public.CmsKit.Blogs",
      "contentType": "webPage",
      "name": "IndexModel",
      "summary": null
    }
  ]
}