{
  "name": "Volo.CmsKit.Public.Web",
  "hash": "b8d22415c8ad311eac1c092aa66a6460",
  "contents": [
    {
      "namespace": "Volo.CmsKit.Public.Web",
      "dependsOnModules": [
        {
          "declaringAssemblyName": "Volo.CmsKit.Public.Application.Contracts",
          "namespace": "Volo.CmsKit.Public",
          "name": "CmsKitPublicApplicationContractsModule"
        },
        {
          "declaringAssemblyName": "Volo.CmsKit.Common.Web",
          "namespace": "Volo.CmsKit.Web",
          "name": "CmsKitCommonWebModule"
        }
      ],
      "contentType": "abpModule",
      "name": "CmsKitPublicWebModule",
      "summary": null
    }
  ]
}