{
  "name": "Volo.Abp.BackgroundJobs.DemoApp.Quartz",
  "hash": "964c6b187b8c00f8e13135f128caf4a9",
  "contents": [
    {
      "namespace": "Volo.Abp.BackgroundJobs.DemoApp.Quartz",
      "dependsOnModules": [
        {
          "declaringAssemblyName": "Volo.Abp.BackgroundJobs.DemoApp.Shared",
          "namespace": "Volo.Abp.BackgroundJobs.DemoApp.Shared",
          "name": "DemoAppSharedModule"
        },
        {
          "declaringAssemblyName": "Volo.Abp.Autofac",
          "namespace": "Volo.Abp.Autofac",
          "name": "AbpAutofacModule"
        },
        {
          "declaringAssemblyName": "Volo.Abp.BackgroundJobs.Quartz",
          "namespace": "Volo.Abp.BackgroundJobs.Quartz",
          "name": "AbpBackgroundJobsQuartzModule"
        }
      ],
      "contentType": "abpModule",
      "name": "DemoAppQuartzModule",
      "summary": null
    }
  ]
}