{
  "name": "Volo.Blogging.Admin.Web",
  "hash": "cd39be92edfadb305e0b2a7fc45d24da",
  "contents": [
    {
      "namespace": "Volo.Blogging.Admin",
      "dependsOnModules": [
        {
          "declaringAssemblyName": "Volo.Blogging.Admin.Application.Contracts",
          "namespace": "Volo.Blogging.Admin",
          "name": "BloggingAdminApplicationContractsModule"
        },
        {
          "declaringAssemblyName": "Volo.Abp.AspNetCore.Mvc.UI.Bootstrap",
          "namespace": "Volo.Abp.AspNetCore.Mvc.UI.Bootstrap",
          "name": "AbpAspNetCoreMvcUiBootstrapModule"
        },
        {
          "declaringAssemblyName": "Volo.Abp.AspNetCore.Mvc.UI.Bundling",
          "namespace": "Volo.Abp.AspNetCore.Mvc.UI.Bundling",
          "name": "AbpAspNetCoreMvcUiBundlingModule"
        },
        {
          "declaringAssemblyName": "Volo.Abp.AutoMapper",
          "namespace": "Volo.Abp.AutoMapper",
          "name": "AbpAutoMapperModule"
        }
      ],
      "contentType": "abpModule",
      "name": "BloggingAdminWebModule",
      "summary": null
    }
  ]
}