{
  "name": "Volo.Abp.TenantManagement.HttpApi",
  "hash": "9fecf781f440abaf4fc608227acbd2d1",
  "contents": [
    {
      "namespace": "Volo.Abp.TenantManagement",
      "dependsOnModules": [
        {
          "declaringAssemblyName": "Volo.Abp.TenantManagement.Application.Contracts",
          "namespace": "Volo.Abp.TenantManagement",
          "name": "AbpTenantManagementApplicationContractsModule"
        },
        {
          "declaringAssemblyName": "Volo.Abp.FeatureManagement.HttpApi",
          "namespace": "Volo.Abp.FeatureManagement",
          "name": "AbpFeatureManagementHttpApiModule"
        },
        {
          "declaringAssemblyName": "Volo.Abp.AspNetCore.Mvc",
          "namespace": "Volo.Abp.AspNetCore.Mvc",
          "name": "AbpAspNetCoreMvcModule"
        }
      ],
      "contentType": "abpModule",
      "name": "AbpTenantManagementHttpApiModule",
      "summary": null
    }
  ]
}