{
  "name": "Volo.Abp.PermissionManagement.MongoDB",
  "hash": "33af874bb56ed9db03c5e7b77e15f321",
  "contents": [
    {
      "namespace": "Volo.Abp.PermissionManagement.MongoDB",
      "dependsOnModules": [
        {
          "declaringAssemblyName": "Volo.Abp.PermissionManagement.Domain",
          "namespace": "Volo.Abp.PermissionManagement",
          "name": "AbpPermissionManagementDomainModule"
        },
        {
          "declaringAssemblyName": "Volo.Abp.MongoDB",
          "namespace": "Volo.Abp.MongoDB",
          "name": "AbpMongoDbModule"
        }
      ],
      "implementingInterfaces": [
        {
          "name": "IAbpModule",
          "namespace": "Volo.Abp.Modularity",
          "declaringAssemblyName": "Volo.Abp.Core",
          "fullName": "Volo.Abp.Modularity.IAbpModule"
        },
        {
          "name": "IOnPreApplicationInitialization",
          "namespace": "Volo.Abp.Modularity",
          "declaringAssemblyName": "Volo.Abp.Core",
          "fullName": "Volo.Abp.Modularity.IOnPreApplicationInitialization"
        },
        {
          "name": "IOnApplicationInitialization",
          "namespace": "Volo.Abp",
          "declaringAssemblyName": "Volo.Abp.Core",
          "fullName": "Volo.Abp.IOnApplicationInitialization"
        },
        {
          "name": "IOnPostApplicationInitialization",
          "namespace": "Volo.Abp.Modularity",
          "declaringAssemblyName": "Volo.Abp.Core",
          "fullName": "Volo.Abp.Modularity.IOnPostApplicationInitialization"
        },
        {
          "name": "IOnApplicationShutdown",
          "namespace": "Volo.Abp",
          "declaringAssemblyName": "Volo.Abp.Core",
          "fullName": "Volo.Abp.IOnApplicationShutdown"
        },
        {
          "name": "IPreConfigureServices",
          "namespace": "Volo.Abp.Modularity",
          "declaringAssemblyName": "Volo.Abp.Core",
          "fullName": "Volo.Abp.Modularity.IPreConfigureServices"
        },
        {
          "name": "IPostConfigureServices",
          "namespace": "Volo.Abp.Modularity",
          "declaringAssemblyName": "Volo.Abp.Core",
          "fullName": "Volo.Abp.Modularity.IPostConfigureServices"
        }
      ],
      "contentType": "abpModule",
      "name": "AbpPermissionManagementMongoDbModule",
      "summary": null
    },
    {
      "namespace": "Volo.Abp.PermissionManagement.MongoDB",
      "connectionStringName": "AbpPermissionManagement",
      "databaseCollections": [
        {
          "entityFullName": "Volo.Abp.PermissionManagement.PermissionGroupDefinitionRecord",
          "contentType": "databaseCollection",
          "name": "AbpPermissionGroups",
          "summary": null
        },
        {
          "entityFullName": "Volo.Abp.PermissionManagement.PermissionDefinitionRecord",
          "contentType": "databaseCollection",
          "name": "AbpPermissions",
          "summary": null
        },
        {
          "entityFullName": "Volo.Abp.PermissionManagement.PermissionGrant",
          "contentType": "databaseCollection",
          "name": "AbpPermissionGrants",
          "summary": null
        }
      ],
      "implementingInterfaces": [
        {
          "name": "IAbpMongoDbContext",
          "namespace": "Volo.Abp.MongoDB",
          "declaringAssemblyName": "Volo.Abp.MongoDB",
          "fullName": "Volo.Abp.MongoDB.IAbpMongoDbContext"
        },
        {
          "name": "ITransientDependency",
          "namespace": "Volo.Abp.DependencyInjection",
          "declaringAssemblyName": "Volo.Abp.Core",
          "fullName": "Volo.Abp.DependencyInjection.ITransientDependency"
        },
        {
          "name": "IPermissionManagementMongoDbContext",
          "namespace": "Volo.Abp.PermissionManagement.MongoDB",
          "declaringAssemblyName": "Volo.Abp.PermissionManagement.MongoDB",
          "fullName": "Volo.Abp.PermissionManagement.MongoDB.IPermissionManagementMongoDbContext"
        }
      ],
      "contentType": "mongoDbContext",
      "name": "PermissionManagementMongoDbContext",
      "summary": null
    }
  ]
}