{
  "name": "Volo.Abp.PermissionManagement.MongoDB",
  "hash": "f47b7dcbf29e89c1703bb06e88a4081f",
  "contents": [
    {
      "namespace": "Volo.Abp.PermissionManagement.MongoDB",
      "dependsOnModules": [
        {
          "declaringAssemblyName": "Volo.Abp.PermissionManagement.Domain",
          "namespace": "Volo.Abp.PermissionManagement",
          "name": "AbpPermissionManagementDomainModule"
        },
        {
          "declaringAssemblyName": "Volo.Abp.MongoDB",
          "namespace": "Volo.Abp.MongoDB",
          "name": "AbpMongoDbModule"
        }
      ],
      "contentType": "abpModule",
      "name": "AbpPermissionManagementMongoDbModule",
      "summary": null
    },
    {
      "namespace": "Volo.Abp.PermissionManagement.MongoDB",
      "connectionStringName": "AbpPermissionManagement",
      "databaseCollections": [
        {
          "entityFullName": "Volo.Abp.PermissionManagement.PermissionGroupDefinitionRecord",
          "contentType": "databaseCollection",
          "name": "AbpPermissionGroups",
          "summary": null
        },
        {
          "entityFullName": "Volo.Abp.PermissionManagement.PermissionGrant",
          "contentType": "databaseCollection",
          "name": "AbpPermissionGrants",
          "summary": null
        },
        {
          "entityFullName": "Volo.Abp.PermissionManagement.PermissionDefinitionRecord",
          "contentType": "databaseCollection",
          "name": "AbpPermissions",
          "summary": null
        }
      ],
      "contentType": "mongoDbContext",
      "name": "PermissionManagementMongoDbContext",
      "summary": null
    }
  ]
}