{
  "name": "Volo.Abp.PermissionManagement.Domain",
  "hash": "e87a4a71512b208b9f2c259976bf710b",
  "contents": [
    {
      "namespace": "Volo.Abp.PermissionManagement",
      "dependsOnModules": [
        {
          "declaringAssemblyName": "Volo.Abp.Authorization",
          "namespace": "Volo.Abp.Authorization",
          "name": "AbpAuthorizationModule"
        },
        {
          "declaringAssemblyName": "Volo.Abp.Ddd.Domain",
          "namespace": "Volo.Abp.Domain",
          "name": "AbpDddDomainModule"
        },
        {
          "declaringAssemblyName": "Volo.Abp.PermissionManagement.Domain.Shared",
          "namespace": "Volo.Abp.PermissionManagement",
          "name": "AbpPermissionManagementDomainSharedModule"
        },
        {
          "declaringAssemblyName": "Volo.Abp.Caching",
          "namespace": "Volo.Abp.Caching",
          "name": "AbpCachingModule"
        },
        {
          "declaringAssemblyName": "Volo.Abp.Json",
          "namespace": "Volo.Abp.Json",
          "name": "AbpJsonModule"
        }
      ],
      "contentType": "abpModule",
      "name": "AbpPermissionManagementDomainModule",
      "summary": null
    },
    {
      "namespace": "Volo.Abp.PermissionManagement",
      "entityAnalyzeModel": {
        "namespace": "Volo.Abp.PermissionManagement",
        "primaryKeyType": "Guid",
        "collectionProperties": {},
        "navigationProperties": {},
        "contentType": "entity",
        "name": "PermissionGrant",
        "summary": null
      },
      "contentType": "repositoryInterface",
      "name": "IPermissionGrantRepository",
      "summary": null
    }
  ]
}