{
  "name": "Volo.Abp.PermissionManagement.Domain",
  "hash": "9fd329fd2c4ac29627ab99e563a8f28c",
  "contents": [
    {
      "namespace": "Volo.Abp.PermissionManagement",
      "dependsOnModules": [
        {
          "declaringAssemblyName": "Volo.Abp.Authorization",
          "namespace": "Volo.Abp.Authorization",
          "name": "AbpAuthorizationModule"
        },
        {
          "declaringAssemblyName": "Volo.Abp.Ddd.Domain",
          "namespace": "Volo.Abp.Domain",
          "name": "AbpDddDomainModule"
        },
        {
          "declaringAssemblyName": "Volo.Abp.PermissionManagement.Domain.Shared",
          "namespace": "Volo.Abp.PermissionManagement",
          "name": "AbpPermissionManagementDomainSharedModule"
        },
        {
          "declaringAssemblyName": "Volo.Abp.Caching",
          "namespace": "Volo.Abp.Caching",
          "name": "AbpCachingModule"
        },
        {
          "declaringAssemblyName": "Volo.Abp.Json",
          "namespace": "Volo.Abp.Json",
          "name": "AbpJsonModule"
        }
      ],
      "implementingInterfaces": [
        {
          "name": "IAbpModule",
          "namespace": "Volo.Abp.Modularity",
          "declaringAssemblyName": "Volo.Abp.Core",
          "fullName": "Volo.Abp.Modularity.IAbpModule"
        },
        {
          "name": "IOnPreApplicationInitialization",
          "namespace": "Volo.Abp.Modularity",
          "declaringAssemblyName": "Volo.Abp.Core",
          "fullName": "Volo.Abp.Modularity.IOnPreApplicationInitialization"
        },
        {
          "name": "IOnApplicationInitialization",
          "namespace": "Volo.Abp",
          "declaringAssemblyName": "Volo.Abp.Core",
          "fullName": "Volo.Abp.IOnApplicationInitialization"
        },
        {
          "name": "IOnPostApplicationInitialization",
          "namespace": "Volo.Abp.Modularity",
          "declaringAssemblyName": "Volo.Abp.Core",
          "fullName": "Volo.Abp.Modularity.IOnPostApplicationInitialization"
        },
        {
          "name": "IOnApplicationShutdown",
          "namespace": "Volo.Abp",
          "declaringAssemblyName": "Volo.Abp.Core",
          "fullName": "Volo.Abp.IOnApplicationShutdown"
        },
        {
          "name": "IPreConfigureServices",
          "namespace": "Volo.Abp.Modularity",
          "declaringAssemblyName": "Volo.Abp.Core",
          "fullName": "Volo.Abp.Modularity.IPreConfigureServices"
        },
        {
          "name": "IPostConfigureServices",
          "namespace": "Volo.Abp.Modularity",
          "declaringAssemblyName": "Volo.Abp.Core",
          "fullName": "Volo.Abp.Modularity.IPostConfigureServices"
        }
      ],
      "contentType": "abpModule",
      "name": "AbpPermissionManagementDomainModule",
      "summary": null
    },
    {
      "namespace": "Volo.Abp.PermissionManagement",
      "primaryKeyType": "Guid",
      "properties": [
        {
          "type": "System.Nullable`1[System.Guid]",
          "name": "TenantId",
          "summary": null
        },
        {
          "type": "System.String",
          "name": "Name",
          "summary": null
        },
        {
          "type": "System.String",
          "name": "ProviderName",
          "summary": null
        },
        {
          "type": "System.String",
          "name": "ProviderKey",
          "summary": null
        }
      ],
      "contentType": "entity",
      "name": "PermissionGrant",
      "summary": null
    },
    {
      "namespace": "Volo.Abp.PermissionManagement",
      "entityAnalyzeModel": {
        "namespace": "Volo.Abp.PermissionManagement",
        "primaryKeyType": "Guid",
        "properties": [],
        "contentType": "entity",
        "name": "PermissionGrant",
        "summary": null
      },
      "implementingInterfaces": [
        {
          "name": "IBasicRepository<PermissionGrant, Guid>",
          "namespace": "Volo.Abp.Domain.Repositories",
          "declaringAssemblyName": "Volo.Abp.Ddd.Domain",
          "fullName": "Volo.Abp.Domain.Repositories.IBasicRepository<PermissionGrant, Guid>"
        },
        {
          "name": "IBasicRepository<PermissionGrant>",
          "namespace": "Volo.Abp.Domain.Repositories",
          "declaringAssemblyName": "Volo.Abp.Ddd.Domain",
          "fullName": "Volo.Abp.Domain.Repositories.IBasicRepository<PermissionGrant>"
        },
        {
          "name": "IReadOnlyBasicRepository<PermissionGrant>",
          "namespace": "Volo.Abp.Domain.Repositories",
          "declaringAssemblyName": "Volo.Abp.Ddd.Domain",
          "fullName": "Volo.Abp.Domain.Repositories.IReadOnlyBasicRepository<PermissionGrant>"
        },
        {
          "name": "IRepository",
          "namespace": "Volo.Abp.Domain.Repositories",
          "declaringAssemblyName": "Volo.Abp.Ddd.Domain",
          "fullName": "Volo.Abp.Domain.Repositories.IRepository"
        },
        {
          "name": "IReadOnlyBasicRepository<PermissionGrant, Guid>",
          "namespace": "Volo.Abp.Domain.Repositories",
          "declaringAssemblyName": "Volo.Abp.Ddd.Domain",
          "fullName": "Volo.Abp.Domain.Repositories.IReadOnlyBasicRepository<PermissionGrant, Guid>"
        }
      ],
      "methods": [
        {
          "returnType": "PermissionGrant",
          "name": "FindAsync",
          "summary": null,
          "isAsync": true,
          "isPublic": true,
          "isPrivate": false,
          "isStatic": false,
          "parameters": [
            {
              "type": "String",
              "name": "name",
              "isOptional": false
            },
            {
              "type": "String",
              "name": "providerName",
              "isOptional": false
            },
            {
              "type": "String",
              "name": "providerKey",
              "isOptional": false
            },
            {
              "type": "CancellationToken",
              "name": "cancellationToken",
              "isOptional": true
            }
          ]
        },
        {
          "returnType": "List<PermissionGrant>",
          "name": "GetListAsync",
          "summary": null,
          "isAsync": true,
          "isPublic": true,
          "isPrivate": false,
          "isStatic": false,
          "parameters": [
            {
              "type": "String",
              "name": "providerName",
              "isOptional": false
            },
            {
              "type": "String",
              "name": "providerKey",
              "isOptional": false
            },
            {
              "type": "CancellationToken",
              "name": "cancellationToken",
              "isOptional": true
            }
          ]
        },
        {
          "returnType": "List<PermissionGrant>",
          "name": "GetListAsync",
          "summary": null,
          "isAsync": true,
          "isPublic": true,
          "isPrivate": false,
          "isStatic": false,
          "parameters": [
            {
              "type": "String[]",
              "name": "names",
              "isOptional": false
            },
            {
              "type": "String",
              "name": "providerName",
              "isOptional": false
            },
            {
              "type": "String",
              "name": "providerKey",
              "isOptional": false
            },
            {
              "type": "CancellationToken",
              "name": "cancellationToken",
              "isOptional": true
            }
          ]
        }
      ],
      "contentType": "repositoryInterface",
      "name": "IPermissionGrantRepository",
      "summary": null
    }
  ]
}