{
  "name": "Volo.CmsKit.EntityFrameworkCore",
  "hash": "ef96f7bad127c89ea87cebd296965e18",
  "contents": [
    {
      "namespace": "Volo.CmsKit.EntityFrameworkCore",
      "dependsOnModules": [
        {
          "declaringAssemblyName": "Volo.CmsKit.Domain",
          "namespace": "Volo.CmsKit",
          "name": "CmsKitDomainModule"
        },
        {
          "declaringAssemblyName": "Volo.Abp.Users.EntityFrameworkCore",
          "namespace": "Volo.Abp.Users.EntityFrameworkCore",
          "name": "AbpUsersEntityFrameworkCoreModule"
        },
        {
          "declaringAssemblyName": "Volo.Abp.EntityFrameworkCore",
          "namespace": "Volo.Abp.EntityFrameworkCore",
          "name": "AbpEntityFrameworkCoreModule"
        }
      ],
      "contentType": "abpModule",
      "name": "CmsKitEntityFrameworkCoreModule",
      "summary": null
    },
    {
      "namespace": "Volo.CmsKit.EntityFrameworkCore",
      "connectionStringName": "CmsKit",
      "databaseTables": [],
      "contentType": "efCoreDbContext",
      "name": "CmsKitDbContext",
      "summary": null
    }
  ]
}