{
  "name": "Volo.Abp.TenantManagement.EntityFrameworkCore",
  "hash": "2d864bc42aff952fbf3eaab13be45f30",
  "contents": [
    {
      "namespace": "Volo.Abp.TenantManagement.EntityFrameworkCore",
      "dependsOnModules": [
        {
          "declaringAssemblyName": "Volo.Abp.TenantManagement.Domain",
          "namespace": "Volo.Abp.TenantManagement",
          "name": "AbpTenantManagementDomainModule"
        },
        {
          "declaringAssemblyName": "Volo.Abp.EntityFrameworkCore",
          "namespace": "Volo.Abp.EntityFrameworkCore",
          "name": "AbpEntityFrameworkCoreModule"
        }
      ],
      "implementingInterfaces": [
        {
          "name": "IAbpModule",
          "namespace": "Volo.Abp.Modularity",
          "declaringAssemblyName": "Volo.Abp.Core",
          "fullName": "Volo.Abp.Modularity.IAbpModule"
        },
        {
          "name": "IOnPreApplicationInitialization",
          "namespace": "Volo.Abp.Modularity",
          "declaringAssemblyName": "Volo.Abp.Core",
          "fullName": "Volo.Abp.Modularity.IOnPreApplicationInitialization"
        },
        {
          "name": "IOnApplicationInitialization",
          "namespace": "Volo.Abp",
          "declaringAssemblyName": "Volo.Abp.Core",
          "fullName": "Volo.Abp.IOnApplicationInitialization"
        },
        {
          "name": "IOnPostApplicationInitialization",
          "namespace": "Volo.Abp.Modularity",
          "declaringAssemblyName": "Volo.Abp.Core",
          "fullName": "Volo.Abp.Modularity.IOnPostApplicationInitialization"
        },
        {
          "name": "IOnApplicationShutdown",
          "namespace": "Volo.Abp",
          "declaringAssemblyName": "Volo.Abp.Core",
          "fullName": "Volo.Abp.IOnApplicationShutdown"
        },
        {
          "name": "IPreConfigureServices",
          "namespace": "Volo.Abp.Modularity",
          "declaringAssemblyName": "Volo.Abp.Core",
          "fullName": "Volo.Abp.Modularity.IPreConfigureServices"
        },
        {
          "name": "IPostConfigureServices",
          "namespace": "Volo.Abp.Modularity",
          "declaringAssemblyName": "Volo.Abp.Core",
          "fullName": "Volo.Abp.Modularity.IPostConfigureServices"
        }
      ],
      "contentType": "abpModule",
      "name": "AbpTenantManagementEntityFrameworkCoreModule",
      "summary": null
    },
    {
      "namespace": "Volo.Abp.TenantManagement.EntityFrameworkCore",
      "connectionStringName": "AbpTenantManagement",
      "databaseTables": [
        {
          "entityFullName": "Volo.Abp.TenantManagement.Tenant",
          "contentType": "databaseTable",
          "name": "AbpTenants",
          "summary": null
        },
        {
          "entityFullName": "Volo.Abp.TenantManagement.TenantConnectionString",
          "contentType": "databaseTable",
          "name": "AbpTenantConnectionStrings",
          "summary": null
        }
      ],
      "replacedDbContexts": [],
      "implementingInterfaces": [
        {
          "name": "IInfrastructure<IServiceProvider>",
          "namespace": "Microsoft.EntityFrameworkCore.Infrastructure",
          "declaringAssemblyName": "Microsoft.EntityFrameworkCore",
          "fullName": "Microsoft.EntityFrameworkCore.Infrastructure.IInfrastructure<IServiceProvider>"
        },
        {
          "name": "IDbContextDependencies",
          "namespace": "Microsoft.EntityFrameworkCore.Internal",
          "declaringAssemblyName": "Microsoft.EntityFrameworkCore",
          "fullName": "Microsoft.EntityFrameworkCore.Internal.IDbContextDependencies"
        },
        {
          "name": "IDbSetCache",
          "namespace": "Microsoft.EntityFrameworkCore.Internal",
          "declaringAssemblyName": "Microsoft.EntityFrameworkCore",
          "fullName": "Microsoft.EntityFrameworkCore.Internal.IDbSetCache"
        },
        {
          "name": "IDbContextPoolable",
          "namespace": "Microsoft.EntityFrameworkCore.Internal",
          "declaringAssemblyName": "Microsoft.EntityFrameworkCore",
          "fullName": "Microsoft.EntityFrameworkCore.Internal.IDbContextPoolable"
        },
        {
          "name": "IResettableService",
          "namespace": "Microsoft.EntityFrameworkCore.Infrastructure",
          "declaringAssemblyName": "Microsoft.EntityFrameworkCore",
          "fullName": "Microsoft.EntityFrameworkCore.Infrastructure.IResettableService"
        },
        {
          "name": "IDisposable",
          "namespace": "System",
          "declaringAssemblyName": "System.Private.CoreLib",
          "fullName": "System.IDisposable"
        },
        {
          "name": "IAsyncDisposable",
          "namespace": "System",
          "declaringAssemblyName": "System.Private.CoreLib",
          "fullName": "System.IAsyncDisposable"
        },
        {
          "name": "IAbpEfCoreDbContext",
          "namespace": "Volo.Abp.EntityFrameworkCore",
          "declaringAssemblyName": "Volo.Abp.EntityFrameworkCore",
          "fullName": "Volo.Abp.EntityFrameworkCore.IAbpEfCoreDbContext"
        },
        {
          "name": "IEfCoreDbContext",
          "namespace": "Volo.Abp.EntityFrameworkCore",
          "declaringAssemblyName": "Volo.Abp.EntityFrameworkCore",
          "fullName": "Volo.Abp.EntityFrameworkCore.IEfCoreDbContext"
        },
        {
          "name": "ITransientDependency",
          "namespace": "Volo.Abp.DependencyInjection",
          "declaringAssemblyName": "Volo.Abp.Core",
          "fullName": "Volo.Abp.DependencyInjection.ITransientDependency"
        },
        {
          "name": "ITenantManagementDbContext",
          "namespace": "Volo.Abp.TenantManagement.EntityFrameworkCore",
          "declaringAssemblyName": "Volo.Abp.TenantManagement.EntityFrameworkCore",
          "fullName": "Volo.Abp.TenantManagement.EntityFrameworkCore.ITenantManagementDbContext"
        }
      ],
      "contentType": "efCoreDbContext",
      "name": "TenantManagementDbContext",
      "summary": null
    }
  ]
}