{
  "name": "Volo.Abp.SettingManagement.Web",
  "hash": "0e0fa19e570e2bca7dbd7f02222285e6",
  "contents": [
    {
      "namespace": "Volo.Abp.SettingManagement.Web",
      "dependsOnModules": [
        {
          "declaringAssemblyName": "Volo.Abp.SettingManagement.Application.Contracts",
          "namespace": "Volo.Abp.SettingManagement",
          "name": "AbpSettingManagementApplicationContractsModule"
        },
        {
          "declaringAssemblyName": "Volo.Abp.AutoMapper",
          "namespace": "Volo.Abp.AutoMapper",
          "name": "AbpAutoMapperModule"
        },
        {
          "declaringAssemblyName": "Volo.Abp.AspNetCore.Mvc.UI.Theme.Shared",
          "namespace": "Volo.Abp.AspNetCore.Mvc.UI.Theme.Shared",
          "name": "AbpAspNetCoreMvcUiThemeSharedModule"
        },
        {
          "declaringAssemblyName": "Volo.Abp.SettingManagement.Domain.Shared",
          "namespace": "Volo.Abp.SettingManagement",
          "name": "AbpSettingManagementDomainSharedModule"
        }
      ],
      "contentType": "abpModule",
      "name": "AbpSettingManagementWebModule",
      "summary": null
    }
  ]
}