{
  "name": "Volo.Abp.SettingManagement.Web",
  "hash": "c906ee2ebc7f42afdb0763c28cc9a74d",
  "contents": [
    {
      "namespace": "Volo.Abp.SettingManagement.Web",
      "dependsOnModules": [
        {
          "declaringAssemblyName": "Volo.Abp.SettingManagement.Application.Contracts",
          "namespace": "Volo.Abp.SettingManagement",
          "name": "AbpSettingManagementApplicationContractsModule"
        },
        {
          "declaringAssemblyName": "Volo.Abp.AutoMapper",
          "namespace": "Volo.Abp.AutoMapper",
          "name": "AbpAutoMapperModule"
        },
        {
          "declaringAssemblyName": "Volo.Abp.AspNetCore.Mvc.UI.Theme.Shared",
          "namespace": "Volo.Abp.AspNetCore.Mvc.UI.Theme.Shared",
          "name": "AbpAspNetCoreMvcUiThemeSharedModule"
        },
        {
          "declaringAssemblyName": "Volo.Abp.SettingManagement.Domain.Shared",
          "namespace": "Volo.Abp.SettingManagement",
          "name": "AbpSettingManagementDomainSharedModule"
        }
      ],
      "contentType": "abpModule",
      "name": "AbpSettingManagementWebModule",
      "summary": null
    }
  ]
}