{
  "name": "Volo.Abp.SettingManagement.Domain.Shared",
  "hash": "be52807f1ba04541a7233c06ae4cd2cb",
  "contents": [
    {
      "namespace": "Volo.Abp.SettingManagement",
      "contentType": "abpModule",
      "name": "AbpSettingManagementDomainSharedModule"
    },
    {
      "valueType": "ToggleStringValueType",
      "defaultValue": "true",
      "displayName": "Enable setting management",
      "description": "Enable setting management system in the application.",
      "isAvailableToHost": true,
      "isVisibleToClients": true,
      "contentType": "feature",
      "name": "SettingManagement.Enable"
    }
  ]
}