{
  "name": "Volo.Abp.Identity.Web",
  "hash": "4c99523a83063308f7ca63280e5cd6e2",
  "contents": [
    {
      "namespace": "Volo.Abp.Identity.Web",
      "dependsOnModules": [
        {
          "declaringAssemblyName": "Volo.Abp.Identity.Application.Contracts",
          "namespace": "Volo.Abp.Identity",
          "name": "AbpIdentityApplicationContractsModule"
        },
        {
          "declaringAssemblyName": "Volo.Abp.AutoMapper",
          "namespace": "Volo.Abp.AutoMapper",
          "name": "AbpAutoMapperModule"
        },
        {
          "declaringAssemblyName": "Volo.Abp.PermissionManagement.Web",
          "namespace": "Volo.Abp.PermissionManagement.Web",
          "name": "AbpPermissionManagementWebModule"
        },
        {
          "declaringAssemblyName": "Volo.Abp.AspNetCore.Mvc.UI.Theme.Shared",
          "namespace": "Volo.Abp.AspNetCore.Mvc.UI.Theme.Shared",
          "name": "AbpAspNetCoreMvcUiThemeSharedModule"
        }
      ],
      "contentType": "abpModule",
      "name": "AbpIdentityWebModule",
      "summary": null
    }
  ]
}