{
  "name": "Volo.CmsKit.Domain.Shared",
  "hash": "e50179a46beea8b44ff40d1b677e0e78",
  "contents": [
    {
      "namespace": "Volo.CmsKit",
      "dependsOnModules": [
        {
          "declaringAssemblyName": "Volo.Abp.Validation",
          "namespace": "Volo.Abp.Validation",
          "name": "AbpValidationModule"
        },
        {
          "declaringAssemblyName": "Volo.Abp.GlobalFeatures",
          "namespace": "Volo.Abp.GlobalFeatures",
          "name": "AbpGlobalFeaturesModule"
        },
        {
          "declaringAssemblyName": "Volo.Abp.Features",
          "namespace": "Volo.Abp.Features",
          "name": "AbpFeaturesModule"
        }
      ],
      "contentType": "abpModule",
      "name": "CmsKitDomainSharedModule",
      "summary": null
    }
  ]
}