{
  "name": "Volo.CmsKit.Domain.Shared",
  "hash": "cb1a64a6e78bb61431d4c65b82ace080",
  "contents": [
    {
      "namespace": "Volo.CmsKit",
      "dependsOnModules": [
        {
          "declaringAssemblyName": "Volo.Abp.Validation",
          "namespace": "Volo.Abp.Validation",
          "name": "AbpValidationModule"
        },
        {
          "declaringAssemblyName": "Volo.Abp.GlobalFeatures",
          "namespace": "Volo.Abp.GlobalFeatures",
          "name": "AbpGlobalFeaturesModule"
        },
        {
          "declaringAssemblyName": "Volo.Abp.Features",
          "namespace": "Volo.Abp.Features",
          "name": "AbpFeaturesModule"
        }
      ],
      "contentType": "abpModule",
      "name": "CmsKitDomainSharedModule",
      "summary": null
    }
  ]
}