{
  "culture": "ru",
  "texts": {
    "Volo.IdentityServer:DuplicateIdentityResourceName": "Имя ресурса идентификации уже существует: {Name}",
    "Volo.IdentityServer:DuplicateApiResourceName": "Имя ресурса API уже существует: {Name}",
    "Volo.IdentityServer:DuplicateApiScopeName": "Api Scope name already exist: {Name}",
    "Volo.IdentityServer:DuplicateClientId": "Параметр ClientID уже существует: {ClientId}",
    "UserLockedOut": "Учетная запись пользователя была заблокирована из-за неудачных попыток входа в систему. Пожалуйста, попробуйте позже.",
    "InvalidUserNameOrPassword": "Неверное имя пользователя или пароль!",
    "LoginIsNotAllowed": "Вам не разрешено входить в систему! Ваша учетная запись неактивна или вам необходимо подтвердить адрес электронной почты/номер телефона.",
    "InvalidUsername": "Неверное имя пользователя или пароль!",
    "InvalidAuthenticatorCode": "Неверный код аутентификатора!",
    "TheTargetUserIsNotLinkedToYou": "Целевой пользователь не связан с вами!"
  }
}