{
  "culture": "zh-Hans",
  "texts": {
    "Volo.IdentityServer:DuplicateIdentityResourceName": "Identity资源名称已存在: {Name}",
    "Volo.IdentityServer:DuplicateApiResourceName": "Api资源名称已存在: {Name}",
    "Volo.IdentityServer:DuplicateApiScopeName": "Api Scope已存在: {Name}",
    "Volo.IdentityServer:DuplicateClientId": "ClientId已经存在: {ClientId}",
    "UserLockedOut": "登录失败,用户账户已被锁定.请稍后再试.",
    "InvalidUserNameOrPassword": "用户名或密码错误!",
    "LoginIsNotAllowed": "无法登录!你的账号未激活或者需要验证邮箱地址/手机号.",
    "InvalidUsername": "用户名或密码错误!",
    "InvalidAuthenticatorCode": "验证码无效!",
    "InvalidRecoveryCode": "恢复代码无效!",
    "TheTargetUserIsNotLinkedToYou": "目标用户未和你有关联!"
  }
}
