{
  "culture": "fa",
  "texts": {
    "Menu:IdentityManagement": "مدیریت هویت",
    "Users": "کاربران",
    "NewUser": "کاربر جدید",
    "UserName": "نام کاربر",
    "EmailAddress": "آدرس ایمیل",
    "PhoneNumber": "شماره تلفن",
    "UserInformations": "اطلاعات کاربر",
    "DisplayName:IsDefault": "پیش فرض",
    "DisplayName:IsStatic": "استاتیک",
    "DisplayName:IsPublic": "عمومی",
    "Roles": "نقشها و وظایف",
    "Password": "گذرواژه",
    "PersonalInfo": "مشخصات من",
    "PersonalSettings": "تنظیمات شخصی",
    "UserDeletionConfirmationMessage": " آیا با حذف کاربر {0} موافق هستید؟",
    "RoleDeletionConfirmationMessage": "آیا با حذف نقش/وظیفه {0} موافق هستید؟",
    "DisplayName:RoleName": "نام نقش/وظیفه",
    "DisplayName:UserName": "نام کاربری",
    "DisplayName:Name": "نام",
    "DisplayName:Surname": "نام خانوادگی",
    "DisplayName:Password": "گذرواژه",
    "DisplayName:Email": "آدرس ایمیل",
    "DisplayName:PhoneNumber": "شماره تلفن",
    "DisplayName:TwoFactorEnabled": "احراز هویت دو مرحله ای",
    "DisplayName:IsActive": "فعال",
    "DisplayName:LockoutEnabled": "قفل کردن حساب در صورت عدم موفقیت در ورود به سیستم",
    "NewRole": "نقش/وظیفه جدید",
    "RoleName": "نام نقش/وظیفه",
    "CreationTime": "زمان ایجاد",
    "Permissions": "مجوزها",
    "DisplayName:CurrentPassword": "گذرواژه فعلی",
    "DisplayName:NewPassword": "گذرواژه جدید",
    "DisplayName:NewPasswordConfirm": "گذرواژه جدید را تأیید کنید",
    "PasswordChangedMessage": "گذرواژه شما با موفقیت تغییر یافت.",
    "PersonalSettingsSavedMessage": "تنظیمات شخصی شما با موفقیت ذخیره گردید.",
    "Volo.Abp.Identity:DefaultError": "خطای ناشناخته رخ داده است.",
    "Volo.Abp.Identity:ConcurrencyFailure": "خطای همزمانی رخ داد ولی تغییرات ذخیره گردید.",
    "Volo.Abp.Identity:DuplicateEmail": "ایمیل {0} قبلاً استفاده گردیده است.",
    "Volo.Abp.Identity:DuplicateRoleName": "نام نقشها و وظایف {0} قبلاً استفاده گردیده است.",
    "Volo.Abp.Identity:DuplicateUserName": "نام کاربری '{0}' قبلاً استفاده گردیده است.",
    "Volo.Abp.Identity:InvalidEmail": "ایمیل '{0}' نامعتبر می باشد.",
    "Volo.Abp.Identity:InvalidPasswordHasherCompatibilityMode": "PasswordHasherCompatibilityMode ارائه شده معتبر نیست.",
    "Volo.Abp.Identity:InvalidPasswordHasherIterationCount": "تعداد تکرارها باید یک عدد صحیح مثبت باشد.",
    "Volo.Abp.Identity:InvalidRoleName": "عنوان نقش/وظیفه {0} نامعتبر است.",
    "Volo.Abp.Identity:InvalidToken": "گذرواژه وارد شده معتبر نیست.",
    "Volo.Abp.Identity:InvalidUserName": "نام کاربری '{0}' نامعتبر است، نام کاربری فقط می تواند شامل حروف یا ارقام باشد.",
    "Volo.Abp.Identity:LoginAlreadyAssociated": "یک کاربر با این نام کاربری از قبل موجود می باشد.",
    "Volo.Abp.Identity:PasswordMismatch": "گذرواژه اشتباه است.",
    "Volo.Abp.Identity:PasswordRequiresDigit": "گذرواژه ها باید حداقل یک رقم داشته باشند ('0'-'9').",
    "Volo.Abp.Identity:PasswordRequiresLower": "گذرواژه ها باید حداقل یک حروف کوچک ('a'-'z') داشته باشند.",
    "Volo.Abp.Identity:PasswordRequiresNonAlphanumeric": "گذرواژه ها باید حداقل یک کاراکتر غیر الفبایی داشته باشند.",
    "Volo.Abp.Identity:PasswordRequiresUpper": "رمزهای عبور باید حداقل دارای یک حروف بزرگ ('A'-'Z') باشند.",
    "Volo.Abp.Identity:PasswordTooShort": "گذرواژه ها باید حداقل {0} نویسه داشته باشند.",
    "Volo.Abp.Identity:RoleNotFound": "نقش/وظیفه {0} یافت نشد.",
    "Volo.Abp.Identity:UserAlreadyHasPassword": "کاربر قبلاً گذرواژه تنظیم کرده است.",
    "Volo.Abp.Identity:UserAlreadyInRole": "کاربر قبلاً در این نقش/وظیفه {0} عضو میباشد.",
    "Volo.Abp.Identity:UserLockedOut": "کاربر قفل گردیده است.",
    "Volo.Abp.Identity:UserLockoutNotEnabled": "امکان قفل برای این کاربر فعال نمی باشد.",
    "Volo.Abp.Identity:UserNameNotFound": "کاربر {0} یافت نشد.",
    "Volo.Abp.Identity:UserNotInRole": "کاربر عضو نقش/وظیفه {0} نمی باشد.",
    "Volo.Abp.Identity:PasswordConfirmationFailed": "گذرواژه با تأییدگذرواژه مطابقت ندارد.",
    "Volo.Abp.Identity:010001": "شما نمی توانید حساب شخصی خود را حذف کنید!",
    "Volo.Abp.Identity:010002": "نمی توان بیش از {MaxUserMembershipCount} واحد سازمانی برای کاربر تنظیم کرد!",
    "Volo.Abp.Identity:010003": "نمی توان گذرواژه کاربر خارج از سیستم را تغییر داد!",
    "Volo.Abp.Identity:010004": "در حال حاضر یک واحد سازمانی با نام {0} وجود دارد. نمی توان دو واحد با یک نام را در یک سطح ایجاد نمود.",
    "Volo.Abp.Identity:010005": "نام های استاتیک را نمی توان تغییر نام داد.",
    "Volo.Abp.Identity:010006": "نقش/وظیفه ی استاتیک را نمی توان حذف کرد.",
    "Volo.Abp.Identity:010007": "شما نمی توانید تنظیمات دو مرحله ای خود را تغییر دهید.",
    "Volo.Abp.Identity:010008": "تغییر دادن تنظیمات دو مرحله ای مجاز نمی باشد.",
    "Volo.Abp.Identity:010009": "شما نمی توانید خودتان را معرفی کنید.",
    "Identity.OrganizationUnit.MaxUserMembershipCount": "حداکثر تعداد مجاز عضویت در یک واحد سازمان برای یک کاربر",
    "ThisUserIsNotActiveMessage": "این کاربر غیرفعال میباشد.",
    "Permission:IdentityManagement": "مدیریت هویت",
    "Permission:RoleManagement": "مدیریت نقشها و وظایف",
    "Permission:Create": "ایجاد",
    "Permission:Edit": "ویرایش",
    "Permission:Delete": "حذف",
    "Permission:ChangePermissions": "تغییر مجوزها",
    "Permission:UserManagement": "مدیریت کاربر",
    "Permission:UserLookup": "جستجوی کاربر",
    "DisplayName:Abp.Identity.Password.RequiredLength": "طول مورد نیاز",
    "DisplayName:Abp.Identity.Password.RequiredUniqueChars": "کاراکترهای منحصر به فرد مورد نیاز است",
    "DisplayName:Abp.Identity.Password.RequireNonAlphanumeric": "کارکتر غیر الفبایی مورد نیاز است",
    "DisplayName:Abp.Identity.Password.RequireLowercase": "حروف کوچک مورد نیاز است",
    "DisplayName:Abp.Identity.Password.RequireUppercase": "حروف بزرگ مورد نیاز است",
    "DisplayName:Abp.Identity.Password.RequireDigit": "رقم مورد نیاز است",
    "DisplayName:Abp.Identity.Password.ForceUsersToPeriodicallyChangePassword": "اجبار کاربران به تغییر گذرواژه",
    "DisplayName:Abp.Identity.Password.PasswordChangePeriodDays": "مدت زمان تغییر گذرواژه (روز)",
    "DisplayName:Abp.Identity.Lockout.AllowedForNewUsers": "برای کاربران جدید فعال گردیده است",
    "DisplayName:Abp.Identity.Lockout.LockoutDuration": "مدت زمان قفل شدن (ثانیه)",
    "DisplayName:Abp.Identity.Lockout.MaxFailedAccessAttempts": "حداکثر تلاشهای ناموفق برای دسترسی",
    "DisplayName:Abp.Identity.SignIn.RequireConfittedEmail": "ایمیل معتبر مورد نیاز می باشد",
    "DisplayName:Abp.Identity.SignIn.EnablePhoneNumberConfirmation": "فعال کردن تایید حساب با شماره تلفن",
    "DisplayName:Abp.Identity.SignIn.RequireConfippedPhoneNumber": "شماره تلفن معتبر مورد نیاز میباشد",
    "DisplayName:Abp.Identity.User.IsUserNameUpdateEnabled": "آیا امکان بروزرسانی نام کاربری فعال میباشد",
    "DisplayName:Abp.Identity.User.IsEmailUpdateEnabled": "آیا امکان بروزرسانی آدرس ایمیل فعال میباشد",
    "Description:Abp.Identity.Password.RequiredLength": "حداقل طول گذرواژه موردنیاز.",
    "Description:Abp.Identity.Password.RequiredUniqueChars": "حداقل تعداد کارکترهای منحصر به فرد که گذرواژه باید شامل آنها باشد.",
    "Description:Abp.Identity.Password.RequireNonAlphanumeric": "گذرواژه ها باید دارای یک کاراکتر غیر الفبایی باشند",
    "Description:Abp.Identity.Password.RequireLowercase": " ها باید دارای حروف کوچک ASCII باشند.",
    "Description:Abp.Identity.Password.RequireUppercase": "گذرواژه ها باید دارای حروف بزرگ ASCII باشند.",
    "Description:Abp.Identity.Password.RequireDigit": "گذرواژه ها باید دارای عدد باشند.",
    "Description:Abp.Identity.Password.ForceUsersToPeriodicallyChangePassword": "اجبار کاربران به تغییر گذرواژه بعد از یک مدت زمان مشخص.",
    "Description:Abp.Identity.Password.PasswordChangePeriodDays": "مدت زمانی که کاربر باید بعد از آن گذرواژه خود را تغییر دهد.",
    "Description:Abp.Identity.Lockout.AllowedForNewUsers": "آیا کاربر جدید را می توان قفل کرد.",
    "Description:Abp.Identity.Lockout.LockoutDuration": "مدت زمانی که کاربر هنگام قفل شدن، در حالت قفل باقی می ماند.",
    "Description:Abp.Identity.Lockout.MaxFailedAccessAttempts": "تعداد تلاشهای دسترسی ناموفق قبل از قفل شدن کاربر، با فرض فعال بودن امکان قفل کردن.",
    "Description:Abp.Identity.SignIn.RequireConfirmEmail": "آیا برای ورود به سیستم آدرس ایمیل تأیید شده لازم است یا خیر.",
    "Description:Abp.Identity.SignIn.EnablePhoneNumberConfirmation": "آیا شماره تلفن توسط کاربر قابل تایید باشد یا خیر.",
    "Description:Abp.Identity.SignIn.RequireConfippedPhoneNumber": "آیا برای ورود به سیستم شماره تلفن تأیید شده لازم است یا خیر",
    "Description:Abp.Identity.User.IsUserNameUpdateEnabled": "آیا کاربر می تواند نام کاربری را به روز کند یا خیر.",
    "Description:Abp.Identity.User.IsEmailUpdateEnabled": "آیا کاربر می تواند آدرس ایمیل خود را به روز کند با خیر."
  }
}
