{
  "culture": "fr",
  "texts": {
    "Menu:IdentityManagement": "Gestion de l’identité",
    "Users": "Utilisateurs",
    "NewUser": "Nouvel utilisateur",
    "UserName": "Nom d’utilisateur",
    "Surname": "Nom",
    "EmailAddress": "Adresse e-mail",
    "PhoneNumber": "Numéro de téléphone",
    "UserInformations": "Informations utilisateur",
    "DisplayName:IsDefault": "Par défaut",
    "DisplayName:IsStatic": "Statique",
    "DisplayName:IsPublic": "Public",
    "Roles": "Rôles",
    "Password": "mot de passe",
    "PersonalInfo": "Mon profil",
    "PersonalSettings": "Paramètres personnels",
    "UserDeletionConfirmationMessage": "Les ' {0} ' de l’utilisateur seront supprimés. Vous le confirmez ?",
    "RoleDeletionConfirmationMessage": "Le rôle '{0}' sera supprimé. Vous le confirmez ?",
    "DisplayName:RoleName": "Nom du rôle",
    "DisplayName:UserName": "Nom d’utilisateur",
    "DisplayName:Name": "Prénom",
    "DisplayName:Surname": "Nom",
    "DisplayName:Password": "mot de passe",
    "DisplayName:Email": "Adresse e-mail",
    "DisplayName:PhoneNumber": "Numéro de téléphone",
    "DisplayName:TwoFactorEnabled": "Vérification de deux facteurs",
    "DisplayName:IsActive": "actif",
    "DisplayName:LockoutEnabled": "Verrouiller le compte après l’échec des tentatives de connexion",
    "NewRole": "Nouveau rôle",
    "RoleName": "Nom du rôle",
    "CreationTime": "Temps de création",
    "Permissions": "Autorisations",
    "DisplayName:CurrentPassword": "Mot de passe actuel",
    "DisplayName:NewPassword": "Nouveau mot de passe",
    "DisplayName:NewPasswordConfirm": "Confirmer un nouveau mot de passe",
    "PasswordChangedMessage": "Votre mot de passe a été modifié avec succès.",
    "PersonalSettingsSavedMessage": "Vos paramètres personnels ont été enregistrés avec succès.",
    "Volo.Abp.Identity:DefaultError": "Une défaillance inconnue s’est produite.",
    "Volo.Abp.Identity:ConcurrencyFailure": "La vérification de la simultanéité optimiste a échoué. L'entité sur laquelle vous travaillez a été modifiée par un autre utilisateur. Veuillez annuler vos modifications et réessayer.",
    "Volo.Abp.Identity:DuplicateEmail": "E-mail '{0}' est déjà prise.",
    "Volo.Abp.Identity:DuplicateRoleName": "Le nom de rôle '{0}' est déjà pris.",
    "Volo.Abp.Identity:DuplicateUserName": "Le nom d’utilisateur '{0}' est déjà pris.",
    "Volo.Abp.Identity:InvalidEmail": "Le courrier électronique '{0}' n’est pas valide.",
    "Volo.Abp.Identity:InvalidPasswordHasherCompatibilityMode": "Le passwordHasherCompatibilitéMode fourni n’est pas valide.",
    "Volo.Abp.Identity:InvalidPasswordHasherIterationCount": "Le nombre d’itérations doit être un entier positif.",
    "Volo.Abp.Identity:InvalidRoleName": "Le nom de rôle '{0}' n’est pas valide.",
    "Volo.Abp.Identity:InvalidToken": "Jeton non valide.",
    "Volo.Abp.Identity:InvalidUserName": "Le nom d’utilisateur '{0}' n’est pas valide, ne peut contenir que des lettres ou des chiffres.",
    "Volo.Abp.Identity:LoginAlreadyAssociated": "Un utilisateur avec cette connexion existe déjà.",
    "Volo.Abp.Identity:PasswordMismatch": "Mot de passe incorrect.",
    "Volo.Abp.Identity:PasswordRequiresDigit": "Les mots de passe doivent avoir au moins un chiffre ('0'-'9').",
    "Volo.Abp.Identity:PasswordRequiresLower": "Les mots de passe doivent avoir au moins une minuscule ('a'-'z').",
    "Volo.Abp.Identity:PasswordRequiresNonAlphanumeric": "Les mots de passe doivent avoir au moins un caractère non alphanumérique.",
    "Volo.Abp.Identity:PasswordRequiresUpper": "Les mots de passe doivent avoir au moins une majuscule ('A'-'Z').",
    "Volo.Abp.Identity:PasswordTooShort": "Les mots de passe doivent être au moins {0} caractères.",
    "Volo.Abp.Identity:RoleNotFound": "La {0} de rôle n’existe pas.",
    "Volo.Abp.Identity:UserAlreadyHasPassword": "L’utilisateur dispose déjà d’un jeu de mots de passe.",
    "Volo.Abp.Identity:UserAlreadyInRole": "Utilisateur déjà dans le rôle '{0}'.",
    "Volo.Abp.Identity:UserLockedOut": "L’utilisateur est en lock-out.",
    "Volo.Abp.Identity:UserLockoutNotEnabled": "Le lock-out n’est pas activé pour cet utilisateur.",
    "Volo.Abp.Identity:UserNameNotFound": "La {0} de l’utilisateur n’existe pas.",
    "Volo.Abp.Identity:UserNotInRole": "L’utilisateur n’est pas dans le rôle '{0}'.",
    "Volo.Abp.Identity:PasswordConfirmationFailed": "Le mot de passe ne correspond pas au mot de passe de confirmation.",
    "Volo.Abp.Identity:010001": "Vous ne pouvez pas supprimer votre propre compte!",
    "Volo.Abp.Identity:010002": "Impossible de définir plus de {MaxUserMembershipCount} unité d’organisation pour un utilisateur!",
    "Volo.Abp.Identity:010003": "Impossible de changer le mot de passe d’un utilisateur connecté à l’extérieur!",
    "Volo.Abp.Identity:010004": "Il existe déjà une unité d’organisation dont le nom {0}. Deux unités du même nom ne peuvent pas être créées dans le même niveau.",
    "Volo.Abp.Identity:010005": "Les rôles statiques ne peuvent pas être renommés.",
    "Volo.Abp.Identity:010006": "Les rôles statiques ne peuvent pas être supprimés.",
    "Volo.Abp.Identity:010007": "Vous ne pouvez pas modifier votre paramètre à deux facteurs.",
    "Volo.Abp.Identity:010008": "Il n’est pas permis de changer deux facteurs de réglage.",
    "Volo.Abp.Identity:010009": "Vous ne pouvez pas vous déléguer vous-même.",
    "Identity.OrganizationUnit.MaxUserMembershipCount": "Nombre maximal d’adhésions autorisées à l’unité d’organisation pour un utilisateur",
    "ThisUserIsNotActiveMessage": "Cet utilisateur n'est pas actif.",
    "Permission:IdentityManagement": "Gestion de l’identité",
    "Permission:RoleManagement": "Gestion des rôles",
    "Permission:Create": "Créer",
    "Permission:Edit": "Modifier",
    "Permission:Delete": "Supprimer",
    "Permission:ChangePermissions": "Modifier les autorisations",
    "Permission:UserManagement": "Gestion des utilisateurs",
    "Permission:UserLookup": "Recherche utilisateur",
    "DisplayName:Abp.Identity.Password.RequiredLength": "Longueur requise",
    "DisplayName:Abp.Identity.Password.RequiredUniqueChars": "Nombre de caractères uniques requis",
    "DisplayName:Abp.Identity.Password.RequireNonAlphanumeric": "Caractère non alphanumérique requis",
    "DisplayName:Abp.Identity.Password.RequireLowercase": "Caractère de minuscule requis",
    "DisplayName:Abp.Identity.Password.RequireUppercase": "Caractère de majuscule requis",
    "DisplayName:Abp.Identity.Password.RequireDigit": "Chiffre requis",
    "DisplayName:Abp.Identity.Password.ForceUsersToPeriodicallyChangePassword": "Forcer les utilisateurs à changer leur mot de passe périodiquement",
    "DisplayName:Abp.Identity.Password.PasswordChangePeriodDays": "Période de changement de mot de passe (jours)",
    "DisplayName:Abp.Identity.Lockout.AllowedForNewUsers": "Activé pour les nouveaux utilisateurs",
    "DisplayName:Abp.Identity.Lockout.LockoutDuration": "Durée(secondes) du lock-out",
    "DisplayName:Abp.Identity.Lockout.MaxFailedAccessAttempts": "Max a échoué tentatives d’accès",
    "DisplayName:Abp.Identity.SignIn.RequireConfirmedEmail": "Exiger un e-mail confirmé",
    "DisplayName:Abp.Identity.SignIn.EnablePhoneNumberConfirmation": "Permettre aux utilisateurs de confirmer leur numéro de téléphone",
    "DisplayName:Abp.Identity.SignIn.RequireConfirmedPhoneNumber": "Exiger un numéro de téléphone confirmé",
    "DisplayName:Abp.Identity.User.IsUserNameUpdateEnabled": "Permettre aux utilisateurs de modifier leurs noms d’utilisateur",
    "DisplayName:Abp.Identity.User.IsEmailUpdateEnabled": "Permettre aux utilisateurs de modifier leurs adresses e-mail",
    "Description:Abp.Identity.Password.RequiredLength": "La longueur minimale d’un mot de passe doit être.",
    "Description:Abp.Identity.Password.RequiredUniqueChars": "Nombre minimum de caractères uniques qu’un mot de passe doit contenir.",
    "Description:Abp.Identity.Password.RequireNonAlphanumeric": "Si les mots de passe doivent contenir un caractère non alphanumérique.",
    "Description:Abp.Identity.Password.RequireLowercase": "Si les mots de passe doivent contenir un caractère ASCII minuscule.",
    "Description:Abp.Identity.Password.RequireUppercase": "Si les mots de passe doivent contenir un caractère ASCII majuscule.",
    "Description:Abp.Identity.Password.RequireDigit": "Si les mots de passe doivent contenir un chiffre.",
    "Description:Abp.Identity.Password.ForceUsersToPeriodicallyChangePassword": "Si les utilisateurs doivent changer leur mot de passe périodiquement.",
    "Description:Abp.Identity.Password.PasswordChangePeriodDays": "Période de changement de mot de passe (jours).",
    "Description:Abp.Identity.Lockout.AllowedForNewUsers": "Si un nouvel utilisateur peut être verrouillé.",
    "Description:Abp.Identity.Lockout.LockoutDuration": "Durée pendant laquelle un utilisateur est verrouillé lorsqu’un lock-out se produit.",
    "Description:Abp.Identity.Lockout.MaxFailedAccessAttempts": "Nombre de tentatives d’accès échouées avant qu’un utilisateur ne soit verrouillé, en supposant que le verrouillage est activé.",
    "Description:Abp.Identity.SignIn.RequireConfirmedEmail": "Si une adresse e-mail confirmée est nécessaire pour se connecter.",
    "Description:Abp.Identity.SignIn.EnablePhoneNumberConfirmation": "Si le téléphoneNumber peut être confirmé par l’utilisateur.",
    "Description:Abp.Identity.SignIn.RequireConfirmedPhoneNumber": "Si un numéro de téléphone confirmé est nécessaire pour se connecter.",
    "Description:Abp.Identity.User.IsUserNameUpdateEnabled": "Si le nom d’utilisateur peut être mis à jour par l’utilisateur.",
    "Description:Abp.Identity.User.IsEmailUpdateEnabled": "Si l’e-mail peut être mis à jour par l’utilisateur."
  }
}
