{
  "culture": "nl",
  "texts": {
    "Menu:IdentityManagement": "Identiteitsbeheer",
    "Users": "Gebruikers",
    "NewUser": "Nieuwe Gebruiker",
    "UserName": "Gebruikersnaam",
    "Surname": "Achternaam",
    "EmailAddress": "E-mail adres",
    "PhoneNumber": "Telefoonnummer",
    "UserInformations": "Gebruikers informatie",
    "DisplayName:IsDefault": "Standaard",
    "DisplayName:IsStatic": "Statisch",
    "DisplayName:IsPublic": "Openbaar",
    "Roles": "Rollen",
    "Password": "Wachtwoord",
    "PersonalInfo": "Mijn profiel",
    "PersonalSettings": "Persoonlijke instellingen",
    "UserDeletionConfirmationMessage": "Gebruiker '{0}' wordt verwijderd. Bevestigt U dat?",
    "RoleDeletionConfirmationMessage": "Rol '{0}' wordt verwijderd. Bevestigt U dat?",
    "DisplayName:RoleName": "Rol naam",
    "DisplayName:UserName": "Gebruikersnaam",
    "DisplayName:Name": "Naam",
    "DisplayName:Surname": "Achternaam",
    "DisplayName:Password": "Wachtwoord",
    "DisplayName:Email": "E-mail adres",
    "DisplayName:PhoneNumber": "Telefoonnummer",
    "DisplayName:TwoFactorEnabled": "Tweefactor authenticatie",
    "DisplayName:IsActive": "Actief",
    "DisplayName:LockoutEnabled": "Account vergrendelen na mislukte inlogpogingen",
    "NewRole": "Nieuwe rol",
    "RoleName": "Rol naam",
    "CreationTime": "Creatie tijd",
    "Permissions": "Rechten",
    "DisplayName:CurrentPassword": "Huidig wachtwoord",
    "DisplayName:NewPassword": "Nieuw wachtwoord",
    "DisplayName:NewPasswordConfirm": "Bevestig nieuw wachtwoord",
    "PasswordChangedMessage": "Uw wachtwoord is met succes veranderd.",
    "PersonalSettingsSavedMessage": "Uw persoonlijke instellingen zijn succesvol opgeslagen.",
    "Volo.Abp.Identity:DefaultError": "Er is een onbekende fout opgetreden.",
    "Volo.Abp.Identity:ConcurrencyFailure": "Optimistische gelijktijdigheidscontrole is mislukt. De entiteit waaraan u werkt, is gewijzigd door een andere gebruiker. Negeer uw wijzigingen en probeer het opnieuw.",
    "Volo.Abp.Identity:DuplicateEmail": "E-mail '{0}' is al in gebruik.",
    "Volo.Abp.Identity:DuplicateRoleName": "De rol naam '{0}' is al in gebruik.",
    "Volo.Abp.Identity:DuplicateUserName": "Gebruikersnaam '{0}' is al in gebruik.",
    "Volo.Abp.Identity:InvalidEmail": "E-mailadres '{0}' is ongeldig.",
    "Volo.Abp.Identity:InvalidPasswordHasherCompatibilityMode": "De opgegeven PasswordHasherCompatibilityMode is ongeldig.",
    "Volo.Abp.Identity:InvalidPasswordHasherIterationCount": "De iteratietelling moet een positief geheel getal zijn.",
    "Volo.Abp.Identity:InvalidRoleName": "Rol naam '{0}' is ongeldig.",
    "Volo.Abp.Identity:InvalidToken": "Ongeldig token.",
    "Volo.Abp.Identity:InvalidUserName": "Gebruikersnaam '{0}' is ongeldig, mag alleen letters of cijfers bevatten.",
    "InvalidUserName": "Gebruikersnaam '{0}' is ongeldig.",
    "Volo.Abp.Identity:LoginAlreadyAssociated": "Er bestaat al een gebruiker met deze login.",
    "Volo.Abp.Identity:PasswordMismatch": "Incorrect wachtwoord.",
    "Volo.Abp.Identity:PasswordRequiresDigit": "Wachtwoorden moeten minimaal één cijfer bevatten ('0' - '9').",
    "Volo.Abp.Identity:PasswordRequiresLower": "Wachtwoorden moeten minstens één kleine letter bevatten ('a' - 'z').",
    "Volo.Abp.Identity:PasswordRequiresNonAlphanumeric": "Wachtwoorden moeten minimaal één niet-alfanumeriek teken bevatten.",
    "Volo.Abp.Identity:PasswordRequiresUpper": "Wachtwoorden moeten ten minste één hoofdletter bevatten ('A' - 'Z').",
    "Volo.Abp.Identity:PasswordTooShort": "Wachtwoorden moeten uit minimaal {0} tekens bestaan.",
    "Volo.Abp.Identity:PasswordRequiresUniqueChars": "Wachtwoorden moeten minimaal {0} unieke tekens bevatten.",
    "Volo.Abp.Identity:RoleNotFound": "Rol {0} bestaat niet.",
    "Volo.Abp.Identity:UserAlreadyHasPassword": "Gebruiker heeft al een wachtwoord ingesteld.",
    "Volo.Abp.Identity:UserAlreadyInRole": "Gebruiker al in rol '{0}'.",
    "Volo.Abp.Identity:UserLockedOut": "Gebruiker is geblokkeerd.",
    "Volo.Abp.Identity:UserLockoutNotEnabled": "Lockout is niet ingeschakeld voor deze gebruiker.",
    "Volo.Abp.Identity:UserNameNotFound": "Gebruiker {0} bestaat niet.",
    "Volo.Abp.Identity:UserNotInRole": "Gebruiker speelt geen rol '{0}'.",
    "Volo.Abp.Identity:PasswordConfirmationFailed": "Wachtwoord komt niet overeen met de wachtwoord bevestiging.",
    "Volo.Abp.Identity:NullSecurityStamp": "De beveiligingsstempel van de gebruiker kan niet null zijn.",
    "Volo.Abp.Identity:RecoveryCodeRedemptionFailed": "Herstelcode inwisselen mislukt.",
    "Volo.Abp.Identity:010001": "U kunt uw eigen account niet verwijderen!",
    "Volo.Abp.Identity:010002": "Kan niet meer dan {MaxUserMembershipCount} organisatie-eenheden koppelen aan een gebruiker!",
    "Volo.Abp.Identity:010003": "Kan het wachtwoord van een extern ingelogde gebruiker niet wijzigen!",
    "Volo.Abp.Identity:010004": "Er is al een organisatie-eenheid met naam {0}. Twee eenheden met dezelfde naam kunnen niet op hetzelfde niveau worden gemaakt.",
    "Volo.Abp.Identity:010005": "Statische rollen kunnen niet worden hernoemd.",
    "Volo.Abp.Identity:010006": "Statische rollen kunnen niet worden verwijderd.",
    "Volo.Abp.Identity:010007": "U kunt uw instelling voor tweefactor authenticatie niet wijzigen.",
    "Volo.Abp.Identity:010008": "Het is niet toegestaan om de instelling van tweefactor authenticatie te wijzigen.",
    "Volo.Abp.Identity:010009": "U kunt uzelf niet delegeren.",
    "Identity.OrganizationUnit.MaxUserMembershipCount": "Maximaal toegestande aantal lidmaatschappen van organisatie-eenheden voor een gebruiker",
    "ThisUserIsNotActiveMessage": "Deze gebruiker is niet actief.",
    "Permission:IdentityManagement": "Identiteitsbeheer",
    "Permission:RoleManagement": "Rolbeheer",
    "Permission:Create": "Maak aan",
    "Permission:Edit": "Verander",
    "Permission:Delete": "Verwijder",
    "Permission:ChangePermissions": "Wijzig de rechten",
    "Permission:UserManagement": "Gebruikersbeheer",
    "Permission:UserLookup": "Gebruiker opzoeken",
    "DisplayName:Abp.Identity.Password.RequiredLength": "Vereiste lengte",
    "DisplayName:Abp.Identity.Password.RequiredUniqueChars": "Vereist aantal unieke tekens",
    "DisplayName:Abp.Identity.Password.RequireNonAlphanumeric": "Vereist niet-alfanumeriek teken",
    "DisplayName:Abp.Identity.Password.RequireLowercase": "Vereist kleine letter",
    "DisplayName:Abp.Identity.Password.RequireUppercase": "Vereist hoofdletter",
    "DisplayName:Abp.Identity.Password.RequireDigit": "Vereist cijfer",
    "DisplayName:Abp.Identity.Password.ForceUsersToPeriodicallyChangePassword": "Forceer gebruikers om periodiek hun wachtwoord te wijzigen",
    "DisplayName:Abp.Identity.Password.PasswordChangePeriodDays": "Wachtwoord wijzigen periode (dagen)",
    "DisplayName:Abp.Identity.Lockout.AllowedForNewUsers": "Ingeschakeld voor nieuwe gebruikers",
    "DisplayName:Abp.Identity.Lockout.LockoutDuration": "Blokkeringsduur (seconden)",
    "DisplayName:Abp.Identity.Lockout.MaxFailedAccessAttempts": "Max mislukte toegangspogingen",
    "DisplayName:Abp.Identity.SignIn.RequireConfirmedEmail": "Vereist bevestigde e-mail",
    "DisplayName:Abp.Identity.SignIn.EnablePhoneNumberConfirmation": "Schakel telefoonnummerbevestiging in",
    "DisplayName:Abp.Identity.SignIn.RequireConfirmedPhoneNumber": "Vereist bevestigd telefoonnummer",
    "DisplayName:Abp.Identity.User.IsUserNameUpdateEnabled": "Is gebruikersnaam aktualisering ingeschakeld",
    "DisplayName:Abp.Identity.User.IsEmailUpdateEnabled": "Is e-mail aktualisering ingeschakeld",
    "Description:Abp.Identity.Password.RequiredLength": "De minimale lengte die een wachtwoord moet hebben.",
    "Description:Abp.Identity.Password.RequiredUniqueChars": "Het minimumaantal unieke tekens dat een wachtwoord moet bevatten.",
    "Description:Abp.Identity.Password.RequireNonAlphanumeric": "Als wachtwoorden een niet-alfanumeriek teken moeten bevatten.",
    "Description:Abp.Identity.Password.RequireLowercase": "Als wachtwoorden een ASCII-teken in kleine letters moeten bevatten.",
    "Description:Abp.Identity.Password.RequireUppercase": "Als wachtwoorden een ASCII-teken in hoofdletters moeten bevatten.",
    "Description:Abp.Identity.Password.RequireDigit": "Als wachtwoorden een cijfer moeten bevatten.",
    "Description:Abp.Identity.Password.ForceUsersToPeriodicallyChangePassword": "Of gebruikers verplicht zijn om hun wachtwoord periodiek te wijzigen.",
    "Description:Abp.Identity.Password.PasswordChangePeriodDays": "Het aantal dagen dat een gebruiker zijn wachtwoord moet wijzigen nadat het is ingesteld.",
    "Description:Abp.Identity.Lockout.AllowedForNewUsers": "Of een nieuwe gebruiker kan worden geblokkeerd.",
    "Description:Abp.Identity.Lockout.LockoutDuration": "De duur dat een gebruiker wordt geblokkeerd wanneer een blokkering optreedt.",
    "Description:Abp.Identity.Lockout.MaxFailedAccessAttempts": "Het aantal mislukte toegangspogingen dat is toegestaan voordat een gebruiker wordt geblokkeerd, ervan uitgaande dat blokkering is ingeschakeld.",
    "Description:Abp.Identity.SignIn.RequireConfirmedEmail": "Of een bevestigd e-mail adres vereist is om in te loggen.",
    "Description:Abp.Identity.SignIn.EnablePhoneNumberConfirmation": "Of het telefoonnummer kan worden bevestigd door de gebruiker.",
    "Description:Abp.Identity.SignIn.RequireConfirmedPhoneNumber": "Of een bevestigd telefoonnummer vereist is om in te loggen.",
    "Description:Abp.Identity.User.IsUserNameUpdateEnabled": "Of de gebruikersnaam kan worden bijgewerkt door de gebruiker.",
    "Description:Abp.Identity.User.IsEmailUpdateEnabled": "Of de e-mail door de gebruiker kan worden veranderd.",
    "Details": "Details",
    "CreatedBy": "Gemaakt door",
    "ModifiedBy": "Aangepast door",
    "ModificationTime": "Wijzigingstijd",
    "PasswordUpdateTime": "Tijd voor het bijwerken van het wachtwoord",
    "LockoutEndTime": "Eindtijd uitsluiting",
    "FailedAccessCount": "Aantal mislukte toegangen"
  }
}