{
  "culture": "pl-PL",
  "texts": {
    "Menu:IdentityManagement": "Zarządzanie tożsamością",
    "Users": "Użytkownicy",
    "NewUser": "Nowy użytkownik",
    "UserName": "Nazwa użytkownika",
    "Surname": "Nazwisko",
    "EmailAddress": "Adres email",
    "PhoneNumber": "Numer telefonu",
    "UserInformations": "Notyfikacje Użytkownika",
    "DisplayName:IsDefault": "Domyślny",
    "DisplayName:IsStatic": "Statyczny",
    "DisplayName:IsPublic": "Publiczny",
    "Roles": "Role",
    "Password": "Hasło",
    "PersonalInfo": "Mój profil",
    "PersonalSettings": "Ustawienia personalne",
    "UserDeletionConfirmationMessage": "Użytkownik '{0}' zostanie usunięty. Czy na pewno?",
    "RoleDeletionConfirmationMessage": "Rola '{0}' zostanie usunięta. Czy na pewno?",
    "DisplayName:RoleName": "Nazwa roli",
    "DisplayName:UserName": "Nazwa użytkownika",
    "DisplayName:Name": "Imię",
    "DisplayName:Surname": "Nazwisko",
    "DisplayName:Password": "Hasło",
    "DisplayName:Email": "Adres email",
    "DisplayName:PhoneNumber": "Numer telefonu",
    "DisplayName:TwoFactorEnabled": "Dwustopniowa weryfikacja",
    "DisplayName:IsActive": "Aktywny",
    "DisplayName:LockoutEnabled": "Blokada konta",
    "Description:LockoutEnabled": "Zablokuj konto po nieudanych próbach logowania",
    "NewRole": "Nowa rola",
    "RoleName": "Nazwa roli",
    "CreationTime": "Data utworzenia",
    "Permissions": "Uprawnienia",
    "DisplayName:CurrentPassword": "Aktualne hasło",
    "DisplayName:NewPassword": "Nowe hasło",
    "DisplayName:NewPasswordConfirm": "Powtierdź nowe hasło",
    "PasswordChangedMessage": "Twoje hasło zostało zmienione pomyślnie.",
    "PersonalSettingsSavedMessage": "Twoje personalne ustawienia zostały zapisane pomyślnie.",
    "Volo.Abp.Identity:DefaultError": "Wystąpił niespodziewany błąd.",
    "Volo.Abp.Identity:ConcurrencyFailure": "Optymistyczne sprawdzenie współbieżności nie powiodło się. Jednostka, nad którą pracujesz, została zmodyfikowana przez innego użytkownika. Odrzuć zmiany i spróbuj ponownie.",
    "Volo.Abp.Identity:DuplicateEmail": "Email '{0}' już istnieje.",
    "Volo.Abp.Identity:DuplicateRoleName": "Rola '{0}' już istnieje.",
    "Volo.Abp.Identity:DuplicateUserName": "Nazwa użytkownika '{0}' już istnieje.",
    "Volo.Abp.Identity:InvalidEmail": "Email '{0}' jest niepoprawny.",
    "Volo.Abp.Identity:InvalidPasswordHasherCompatibilityMode": "Dostawca PasswordHasherCompatibilityMode jest niepoprawny.",
    "Volo.Abp.Identity:InvalidPasswordHasherIterationCount": "Wartość iteracji musi być większa od zera.",
    "Volo.Abp.Identity:InvalidRoleName": "Rola '{0}' jest niepoprawna.",
    "Volo.Abp.Identity:InvalidToken": "Niepoprawny token.",
    "Volo.Abp.Identity:InvalidUserName": "Nazwa użytkownika '{0}' jest niepoprawna, może zawierać tylko litery i cyfry.",
    "InvalidUserName": "Nazwa użytkownika '{0}' jest niepoprawna.",
    "Volo.Abp.Identity:LoginAlreadyAssociated": "Użytkownik o tym loginie już istnieje.",
    "Volo.Abp.Identity:PasswordMismatch": "Niepoprawne hasło.",
    "Volo.Abp.Identity:PasswordRequiresDigit": "Hasło musi zawierać przynajmniej jedną cyfrę ('0'-'9').",
    "Volo.Abp.Identity:PasswordRequiresLower": "Hasło musi zawierać przynajmniej jedną małą literę ('a'-'z').",
    "Volo.Abp.Identity:PasswordRequiresNonAlphanumeric": "Hasło musi zawierać przynajmniej jeden znak alfanumeryczny.",
    "Volo.Abp.Identity:PasswordRequiresUpper": "Hasło musi zawierać przynajmniej jedną wielką literę ('A'-'Z').",
    "Volo.Abp.Identity:PasswordTooShort": "Hasło musi zawierać przynajmnie {0} znaków.",
    "Volo.Abp.Identity:PasswordRequiresUniqueChars": "Hasło musi zawierać przynajmniej {0} unikalnych znaków.",
    "Volo.Abp.Identity:RoleNotFound": "Rola {0} nie istnieje.",
    "Volo.Abp.Identity:UserAlreadyHasPassword": "Użytkownik ma już ustawione hasło.",
    "Volo.Abp.Identity:UserAlreadyInRole": "Użytkownik jest już przypisany do roli '{0}'.",
    "Volo.Abp.Identity:UserLockedOut": "Użytkownik jest zablokowany.",
    "Volo.Abp.Identity:UserLockoutNotEnabled": "Blokada nie jest włączona dla tego użytkownika.",
    "Volo.Abp.Identity:UserNameNotFound": "Użytkownik {0} nie istnieje.",
    "Volo.Abp.Identity:UserNotInRole": "Użytkownik nie posiada roli '{0}'.",
    "Volo.Abp.Identity:PasswordConfirmationFailed": "Podane hasła różnią się od siebie.",
    "Volo.Abp.Identity:NullSecurityStamp": "Nie można ustawić pustego znaku bezpieczeństwa.",
    "Volo.Abp.Identity:RecoveryCodeRedemptionFailed": "Nie udało się wykorzystać kodu odzyskiwania.",
    "Volo.Abp.Identity:010001": "Nie możesz usunąć swojego własnego konta!",
    "Volo.Abp.Identity:010002": "Nie można ustawić więcej niż {MaxUserMembershipCount} jednostki organizacyjnej dla użytkownika!",
    "Volo.Abp.Identity:010003": "Nie można zmienić hasła zewnętrznie zalogowanego użytkownika!",
    "Volo.Abp.Identity:010004": "Istnieje już jednostka organizacyjna o nazwie {0}. Nie można utworzyć dwóch jednostek o tej samej nazwie na tym samym poziomie.",
    "Volo.Abp.Identity:010005": "Statyczna rola nie może mieć zmienionej nazwy.",
    "Volo.Abp.Identity:010006": "Statyczna rola nie może zostać usunięta.",
    "Volo.Abp.Identity:010007": "Nie możesz zmienić ustawienia dwóch czynników.",
    "Volo.Abp.Identity:010008": "Nie wolno zmieniać ustawienia dwuczynnikowego.",
    "Volo.Abp.Identity:010009": "Nie możesz delegować swoich uprawnień.",
    "Volo.Abp.Identity:010021" : "Nazwa '{0}' już istnieje.",
    "Identity.OrganizationUnit.MaxUserMembershipCount": "Maksymalna dozwolona liczba członków jednostki organizacyjnej dla użytkownika",
    "ThisUserIsNotActiveMessage": "Ten użytkownik nie jest aktywny.",
    "Permission:IdentityManagement": "Zarządzanie tożsamością",
    "Permission:RoleManagement": "Zarządanie rolami",
    "Permission:Create": "Utwórz",
    "Permission:Edit": "Edytuj",
    "Permission:Delete": "Usuń",
    "Permission:ChangePermissions": "Zmień uprawnienia",
    "Permission:ManageRoles": "Zarządzaj rolami",
    "Permission:UserManagement": "Zarządzanie użytkownikami",
    "Permission:UserLookup": "Wyszukiwanie użytkownika",
    "DisplayName:Abp.Identity.Password.RequiredLength": "Wymagana długość",
    "DisplayName:Abp.Identity.Password.RequiredUniqueChars": "Wymagana liczba unikalnych znaków",
    "DisplayName:Abp.Identity.Password.RequireNonAlphanumeric": "Wymagany znak niealfanumeryczny",
    "DisplayName:Abp.Identity.Password.RequireLowercase": "Wymagana mała litera",
    "DisplayName:Abp.Identity.Password.RequireUppercase": "Wymagana wielka litera",
    "DisplayName:Abp.Identity.Password.RequireDigit": "Wymagana cyfra",
    "DisplayName:Abp.Identity.Password.ForceUsersToPeriodicallyChangePassword": "Wymuś użytkownikom okresowe zmiany hasła",
    "DisplayName:Abp.Identity.Password.PasswordChangePeriodDays": "Okres zmiany hasła (dni)",
    "DisplayName:Abp.Identity.Lockout.AllowedForNewUsers": "Włączone dla nowych użytkowników",
    "DisplayName:Abp.Identity.Lockout.LockoutDuration": "Czas trwania blokady (sekundy)",
    "DisplayName:Abp.Identity.Lockout.MaxFailedAccessAttempts": "Maksymalna liczba nieudanych prób dostępu",
    "DisplayName:Abp.Identity.SignIn.RequireConfirmedEmail": "Wymagaj potwierdzonego adresu e-mail",
    "DisplayName:Abp.Identity.SignIn.EnablePhoneNumberConfirmation": "Zezwalaj użytkownikom na potwierdzanie ich numeru telefonu",
    "DisplayName:Abp.Identity.SignIn.RequireConfirmedPhoneNumber": "Wymagaj potwierdzonego numeru telefonu",
    "DisplayName:Abp.Identity.User.IsUserNameUpdateEnabled": "Zezwalaj użytkownikom na zmianę nazwy użytkownika",
    "DisplayName:Abp.Identity.User.IsEmailUpdateEnabled": "Zezwalaj użytkownikom na zmianę ich adresów e-mail",
    "Description:Abp.Identity.Password.RequiredLength": "Minimalna długość hasła.",
    "Description:Abp.Identity.Password.RequiredUniqueChars": "Minimalna liczba unikalnych znaków, jaką musi zawierać hasło.",
    "Description:Abp.Identity.Password.RequireNonAlphanumeric": "Jeśli hasła muszą zawierać znak inny niż alfanumeryczny.",
    "Description:Abp.Identity.Password.RequireLowercase": "Jeśli hasła muszą zawierać małą literę ASCII.",
    "Description:Abp.Identity.Password.RequireUppercase": "Jeśli hasła muszą zawierać wielką literę ASCII.",
    "Description:Abp.Identity.Password.RequireDigit": "Jeśli hasła muszą zawierać cyfrę.",
    "Description:Abp.Identity.Password.ForceUsersToPeriodicallyChangePassword": "Czy użytkownicy muszą okresowo zmieniać hasło.",
    "Description:Abp.Identity.Password.PasswordChangePeriodDays": "Okres zmiany hasła (dni).",
    "Description:Abp.Identity.Lockout.AllowedForNewUsers": "Czy można zablokować nowego użytkownika.",
    "Description:Abp.Identity.Lockout.LockoutDuration": "Czas, na jaki użytkownik jest zablokowany, gdy nastąpi blokada.",
    "Description:Abp.Identity.Lockout.MaxFailedAccessAttempts": "Liczba nieudanych prób dostępu dopuszczonych przed zablokowaniem użytkownika, przy założeniu, że blokada jest włączona.",
    "Description:Abp.Identity.SignIn.RequireConfirmedEmail": "Czy do zalogowania jest wymagany potwierdzony adres e-mail.",
    "Description:Abp.Identity.SignIn.EnablePhoneNumberConfirmation": "Czy numer telefonu może być potwierdzony przez użytkownika.",
    "Description:Abp.Identity.SignIn.RequireConfirmedPhoneNumber": "Czy do zalogowania jest wymagany potwierdzony numer telefonu.",
    "Description:Abp.Identity.User.IsUserNameUpdateEnabled": "Czy nazwa użytkownika może być aktualizowana przez użytkownika.",
    "Description:Abp.Identity.User.IsEmailUpdateEnabled": "Czy wiadomość e-mail może zostać zaktualizowana przez użytkownika.",
    "Details": "Detale",
    "CreatedBy": "Stworzone przez",
    "ModifiedBy": "Modyfikowane przez",
    "ModificationTime": "Czas modyfikacji",
    "PasswordUpdateTime": "Czas aktualizacji hasła",
    "LockoutEndTime": "Czas zakończenia blokady",
    "FailedAccessCount": "Liczba nieudanych dostępów"
  }
}
