{
  "culture": "pt-BR",
  "texts": {
    "Menu:IdentityManagement": "Acessos",
    "Users": "Usuários",
    "NewUser": "Novo Usuário",
    "UserName": "Usuário",
    "Surname": "Sobrenome",
    "EmailAddress": "E-mail",
    "PhoneNumber": "Telefone",
    "UserInformations": "Informações do Usuário",
    "DisplayName:IsDefault": "Padrão",
    "DisplayName:IsStatic": "Estático",
    "DisplayName:IsPublic": "Público",
    "Roles": "Perfis",
    "Password": "Senha",
    "PersonalInfo": "Meu Perfil",
    "PersonalSettings": "Configurações Pessoais",
    "UserDeletionConfirmationMessage": "O Usuário '{0}' será excluído. Você tem certeza?",
    "RoleDeletionConfirmationMessage": "O Perfil '{0}' será excluído. Você tem certeza?",
    "DisplayName:RoleName": "Perfil",
    "DisplayName:UserName": "Usuário",
    "DisplayName:Name": "Nome",
    "DisplayName:Surname": "Sobrenome",
    "DisplayName:Password": "Senha",
    "DisplayName:Email": "E-mail",
    "DisplayName:PhoneNumber": "Telefone",
    "DisplayName:TwoFactorEnabled": "Verificação em dois fatores",
    "DisplayName:IsActive": "Ativo",
    "DisplayName:LockoutEnabled": "Bloqueio de Conta",
    "Description:LockoutEnabled": "Bloquear conta após tentativas de login falhas",
    "NewRole": "Novo Perfil",
    "RoleName": "Perfil",
    "CreationTime": "Data de Criação",
    "Permissions": "Permissões",
    "DisplayName:CurrentPassword": "Senha Atual",
    "DisplayName:NewPassword": "Nova Senha",
    "DisplayName:NewPasswordConfirm": "Confirmar nova senha",
    "PasswordChangedMessage": "Sua senha foi alterada com sucesso.",
    "PersonalSettingsSavedMessage": "Suas configurações pessoais foram salvas com sucesso.",
    "Volo.Abp.Identity:DefaultError": "Ocorreu uma falha desconhecida.",
    "Volo.Abp.Identity:ConcurrencyFailure": "A verificação de simultaneidade otimista falhou. A entidade em que você está trabalhando foi modificada por outro usuário. Por favor, descarte suas alterações e tente novamente.",
    "Volo.Abp.Identity:DuplicateEmail": "O e-mail '{0}' já está em uso.",
    "Volo.Abp.Identity:DuplicateRoleName": "O nome de perfil '{0}' já está em uso.",
    "Volo.Abp.Identity:DuplicateUserName": "O usuário '{0}' já está em uso.",
    "Volo.Abp.Identity:InvalidEmail": "E-mail '{0}' inválido.",
    "Volo.Abp.Identity:InvalidPasswordHasherCompatibilityMode": "O PasswordHasherCompatibilityMode é inválido.",
    "Volo.Abp.Identity:InvalidPasswordHasherIterationCount": "A contagem de iterações deve ser um inteiro positivo.",
    "Volo.Abp.Identity:InvalidRoleName": "Perfil '{0}' inválido.",
    "Volo.Abp.Identity:InvalidToken": "Token inválido.",
    "Volo.Abp.Identity:InvalidUserName": "Usuário '{0}' é inválido, somente pode conter letras ou números.",
    "InvalidUserName": "Usuário '{0}' é inválido.",
    "Volo.Abp.Identity:LoginAlreadyAssociated": "Um usuário com este login já existe.",
    "Volo.Abp.Identity:PasswordMismatch": "Senha incorreta.",
    "Volo.Abp.Identity:PasswordRequiresDigit": "Senhas devem possuir pelo menos um dígito ('0'-'9').",
    "Volo.Abp.Identity:PasswordRequiresLower": "Senhas devem possuir pelo menos uma letra minúscula ('a'-'z').",
    "Volo.Abp.Identity:PasswordRequiresNonAlphanumeric": "Senhas devem possuir pelo menos um caractere especial.",
    "Volo.Abp.Identity:PasswordRequiresUpper": "Senhas devem possuir pelo menos uma letra maiúscula ('A'-'Z').",
    "Volo.Abp.Identity:PasswordTooShort": "Senhas devem possuir pelo menos {0} caracteres.",
    "Volo.Abp.Identity:PasswordRequiresUniqueChars": "Senhas devem possuir pelo menos {0} caracteres únicos.",
    "Volo.Abp.Identity:RoleNotFound": "Perfil {0} não existe.",
    "Volo.Abp.Identity:UserAlreadyHasPassword": "O usuário já possui uma senha.",
    "Volo.Abp.Identity:UserAlreadyInRole": "Usuário já possui o perfil '{0}'.",
    "Volo.Abp.Identity:UserLockedOut": "O usuário está bloqueado.",
    "Volo.Abp.Identity:UserLockoutNotEnabled": "Este usuário não pode ser bloqueado.",
    "Volo.Abp.Identity:UserNameNotFound": "Usuário {0} não existe.",
    "Volo.Abp.Identity:UserNotInRole": "Usuário não está no perfil '{0}'.",
    "Volo.Abp.Identity:PasswordConfirmationFailed": "A senha não confere com a confirmação de senha.",
    "Volo.Abp.Identity:NullSecurityStamp": "O carimbo de segurança do usuário não pode ser nulo.",
    "Volo.Abp.Identity:RecoveryCodeRedemptionFailed": "Falha ao resgatar o código de recuperação.",
    "Volo.Abp.Identity:010001": "Você não pode deletar sua própria conta!",
    "Volo.Abp.Identity:010002": "Não é possível definir mais de {MaxUserMembershipCount} unidade de organização para um usuário!",
    "Volo.Abp.Identity:010003": "Não é possível alterar a senha de um usuário conectado externamente!",
    "Volo.Abp.Identity:010004": "Já existe uma unidade organizacional com o nome {0}. Duas unidades com o mesmo nome não podem ser criadas no mesmo nível.",
    "Volo.Abp.Identity:010005": "Perfis estáticos não podem ser renomeados.",
    "Volo.Abp.Identity:010006": "Perfis estáticos não podem ser excluídos.",
    "Volo.Abp.Identity:010007": "Você não pode alterar sua configuração de dois fatores.",
    "Volo.Abp.Identity:010008": "Não é permitido alterar a configuração de dois fatores.",
    "Volo.Abp.Identity:010009": "Você não pode delegar a si mesmo.",
    "Volo.Abp.Identity:010021" : "Já existe um(a) {0} com o nome.",
    "Identity.OrganizationUnit.MaxUserMembershipCount": "Contagem máxima permitida de membros da unidade organizacional para um usuário",
    "ThisUserIsNotActiveMessage": "Este usuário não está ativo.",
    "Permission:IdentityManagement": "Acessos",
    "Permission:RoleManagement": "Perfis",
    "Permission:Create": "Criar",
    "Permission:Edit": "Editar",
    "Permission:Delete": "Excluir",
    "Permission:ChangePermissions": "Alterar Permissões",
    "Permission:ManageRoles": "Gerenciar Perfis",
    "Permission:UserManagement": "Usuários",
    "Permission:UserLookup": "Pesquisa de usuário",
    "DisplayName:Abp.Identity.Password.RequiredLength": "Comprimento requerido",
    "DisplayName:Abp.Identity.Password.RequiredUniqueChars": "Número obrigatório de caracteres exclusivos",
    "DisplayName:Abp.Identity.Password.RequireNonAlphanumeric": "Carácter não alfanumérico obrigatório",
    "DisplayName:Abp.Identity.Password.RequireLowercase": "Caractere minúsculo obrigatório",
    "DisplayName:Abp.Identity.Password.RequireUppercase": "Caractere maiúsculo obrigatório",
    "DisplayName:Abp.Identity.Password.RequireDigit": "Dígito requerido",
    "DisplayName:Abp.Identity.Password.ForceUsersToPeriodicallyChangePassword": "Forçar usuários a alterar a senha periodicamente",
    "DisplayName:Abp.Identity.Password.PasswordChangePeriodDays": "Período de alteração de senha (dias)",
    "DisplayName:Abp.Identity.Lockout.AllowedForNewUsers": "Habilitado para novos usuários",
    "DisplayName:Abp.Identity.Lockout.LockoutDuration": "Duração do bloqueio (segundos)",
    "DisplayName:Abp.Identity.Lockout.MaxFailedAccessAttempts": "Máximo de tentativas de acesso malsucedidas",
    "DisplayName:Abp.Identity.SignIn.RequireConfirmedEmail": "Exigir e-mail confirmado",
    "DisplayName:Abp.Identity.SignIn.EnablePhoneNumberConfirmation": "Permitir que os usuários confirmem seu número de telefone",
    "DisplayName:Abp.Identity.SignIn.RequireConfirmedPhoneNumber": "Exigir número de telefone confirmado",
    "DisplayName:Abp.Identity.User.IsUserNameUpdateEnabled": "Permitir que os usuários alterem seus nomes de usuário",
    "DisplayName:Abp.Identity.User.IsEmailUpdateEnabled": "Permitir que os usuários alterem seus endereços de e-mail",
    "Description:Abp.Identity.Password.RequiredLength": "O comprimento mínimo que uma senha deve ter.",
    "Description:Abp.Identity.Password.RequiredUniqueChars": "O número mínimo de caracteres exclusivos que uma senha deve conter.",
    "Description:Abp.Identity.Password.RequireNonAlphanumeric": "Se as senhas devem conter um caractere não alfanumérico.",
    "Description:Abp.Identity.Password.RequireLowercase": "Se as senhas devem conter um caractere ASCII minúsculo.",
    "Description:Abp.Identity.Password.RequireUppercase": "Se as senhas devem conter um caractere ASCII maiúsculo.",
    "Description:Abp.Identity.Password.RequireDigit": "Se as senhas devem conter um dígito.",
    "Description:Abp.Identity.Password.ForceUsersToPeriodicallyChangePassword": "Se os usuários devem alterar sua senha periodicamente.",
    "Description:Abp.Identity.Password.PasswordChangePeriodDays": "O período de dias que um usuário deve esperar antes de alterar sua senha novamente.",
    "Description:Abp.Identity.Lockout.AllowedForNewUsers": "Se um novo usuário pode ser bloqueado.",
    "Description:Abp.Identity.Lockout.LockoutDuration": "A duração que um usuário fica bloqueado quando ocorre um bloqueio.",
    "Description:Abp.Identity.Lockout.MaxFailedAccessAttempts": "O número de tentativas de acesso malsucedidas permitidas antes que um usuário seja bloqueado, assumindo que o bloqueio esteja habilitado.",
    "Description:Abp.Identity.SignIn.RequireConfirmedEmail": "Se um endereço de e-mail confirmado é necessário para fazer login.",
    "Description:Abp.Identity.SignIn.EnablePhoneNumberConfirmation": "Se o número de telefone pode ser confirmado pelo usuário.",
    "Description:Abp.Identity.SignIn.RequireConfirmedPhoneNumber": "Se um número de telefone confirmado é necessário para fazer login.",
    "Description:Abp.Identity.User.IsUserNameUpdateEnabled": "Se o nome de usuário pode ser atualizado pelo usuário.",
    "Description:Abp.Identity.User.IsEmailUpdateEnabled": "Se o e-mail pode ser atualizado pelo usuário.",
    "Details": "Detalhes",
    "CreatedBy": "Criado por",
    "ModifiedBy": "Modificado por",
    "ModificationTime": "Hora da modificação",
    "PasswordUpdateTime": "Hora de atualização da senha",
    "LockoutEndTime": "Hora de término do bloqueio",
    "FailedAccessCount": "Contagem de acessos com falha"
  }
}
