{
  "culture": "sk",
  "texts": {
    "Menu:IdentityManagement": "Správa identít",
    "Users": "Používatelia",
    "NewUser": "Nový používateľ",
    "UserName": "Meno používateľa",
    "Surname": "Priezvisko",
    "EmailAddress": "Emailová adresa",
    "PhoneNumber": "Telefónne číslo",
    "UserInformations": "Informácie o používateľovi",
    "DisplayName:IsDefault": "Predvolený",
    "DisplayName:IsStatic": "Statický",
    "DisplayName:IsPublic": "Verejný",
    "Roles": "Roly",
    "Password": "Heslo",
    "PersonalInfo": "Môj profil",
    "PersonalSettings": "Osobné nastavenia",
    "UserDeletionConfirmationMessage": "Používateľ '{0}' bude vymazaný. Chcete to potvrdiť?",
    "RoleDeletionConfirmationMessage": "Rola '{0}' bude vymazaná. Chcete to potvrdiť?",
    "DisplayName:RoleName": "Názov roly",
    "DisplayName:UserName": "Meno používateľa",
    "DisplayName:Name": "Meno",
    "DisplayName:Surname": "Priezvisko",
    "DisplayName:Password": "Heslo",
    "DisplayName:Email": "Emailová adresa",
    "DisplayName:PhoneNumber": "Telefónne číslo",
    "DisplayName:TwoFactorEnabled": "Dvojfaktorové overenie",
    "DisplayName:IsActive": "Aktívne",
    "DisplayName:LockoutEnabled": "Uzamknúť účet po neúspešných pokusoch o prihlásenie",
    "NewRole": "Nová rola",
    "RoleName": "Názov roly",
    "CreationTime": "Čas vytvorenia",
    "Permissions": "Oprávnenia",
    "DisplayName:CurrentPassword": "Aktuálne heslo",
    "DisplayName:NewPassword": "Nové heslo",
    "DisplayName:NewPasswordConfirm": "Potvrdenie nového hesla",
    "PasswordChangedMessage": "Vaše heslo bolo úspešne zmenené.",
    "PersonalSettingsSavedMessage": "Vaše osobné nastavenia boli úspešne uložené.",
    "Volo.Abp.Identity:DefaultError": "Došlo k neznámej chybe.",
    "Volo.Abp.Identity:ConcurrencyFailure": "Optimistická kontrola súbežnosti zlyhala. Entita, na ktorej pracujete, bola upravená iným používateľom. Zahoďte zmeny a skúste to znova.",
    "Volo.Abp.Identity:DuplicateEmail": "Email '{0}' sa už používa.",
    "Volo.Abp.Identity:DuplicateRoleName": "Názov roly '{0}' sa už používa.",
    "Volo.Abp.Identity:DuplicateUserName": "Užívateľské meno '{0}' sa už používa.",
    "Volo.Abp.Identity:InvalidEmail": "Email '{0}' je neplatný.",
    "Volo.Abp.Identity:InvalidPasswordHasherCompatibilityMode": "Zadaný PasswordHasherCompatibilityMode je neplatný.",
    "Volo.Abp.Identity:InvalidPasswordHasherIterationCount": "Počet iterácií musí byť kladné celé číslo.",
    "Volo.Abp.Identity:InvalidRoleName": "Názov roly '{0}' je neplatný.",
    "Volo.Abp.Identity:InvalidToken": "Neplatný token.",
    "Volo.Abp.Identity:InvalidUserName": "Používateľské meno '{0}' je neplatné, môže obsahovať len písmená alebo číslice.",
    "InvalidUserName": "Používateľské meno '{0}' je neplatné.",
    "Volo.Abp.Identity:LoginAlreadyAssociated": "Používateľ s týmto prihlasovacím menom už existuje.",
    "Volo.Abp.Identity:PasswordMismatch": "Nesprávne heslo.",
    "Volo.Abp.Identity:PasswordRequiresDigit": "Heslá musia obsahovať aspoň jednu číslicu ('0'-'9').",
    "Volo.Abp.Identity:PasswordRequiresLower": "Heslá musia obsahovať aspoň jedno malé písmeno ('a'-'z').",
    "Volo.Abp.Identity:PasswordRequiresNonAlphanumeric": "Heslá musia obsahovať aspoň jeden nealfanumerický znak.",
    "Volo.Abp.Identity:PasswordRequiresUpper": "Heslá musia obsahovať aspoň jedno veľké písmeno ('A'-'Z').",
    "Volo.Abp.Identity:PasswordTooShort": "Heslá musia mať aspoň {0} znakov.",
    "Volo.Abp.Identity:PasswordRequiresUniqueChars": "Heslá nesmú obsahovať viac ako {0} opakujúcich sa znakov.",
    "Volo.Abp.Identity:RoleNotFound": "Rola {0} neexistuje.",
    "Volo.Abp.Identity:UserAlreadyHasPassword": "Používateľ už má nastavené heslo.",
    "Volo.Abp.Identity:UserAlreadyInRole": "Používateľ už má rolu '{0}'.",
    "Volo.Abp.Identity:UserLockedOut": "Používateľ je uzamknutý.",
    "Volo.Abp.Identity:UserLockoutNotEnabled": "Uzamknutie nie je pre tohto používateľa povolené.",
    "Volo.Abp.Identity:UserNameNotFound": "Používateľ {0} neexistuje.",
    "Volo.Abp.Identity:UserNotInRole": "Používateľ nie je v role '{0}'.",
    "Volo.Abp.Identity:PasswordConfirmationFailed": "Heslo sa nezhoduje s potvrdením hesla.",
    "Volo.Abp.Identity:NullSecurityStamp": "Bezpečnostná pečiatka používateľa nemôže byť nulová.",
    "Volo.Abp.Identity:RecoveryCodeRedemptionFailed": "Nastala chyba pri vykonávaní kódu obnovy.",
    "Volo.Abp.Identity:010001": "Nemôžete vymazať svoje vlastné konto!",
    "Volo.Abp.Identity:010002": "Nie je možné nastaviť viac ako {MaxUserMembershipCount} organizačných jednotiek pre používateľa!",
    "Volo.Abp.Identity:010003": "Nie je možné zmeniť heslo externe prihláseného používateľa!",
    "Volo.Abp.Identity:010004": "Už existuje organizačná jednotka s názvom {0}. Dve jednotky s rovnakým názvom nemôžu byť vytvorené na rovnakej úrovni.",
    "Volo.Abp.Identity:010005": "Statické roly nie je možné premenovať.",
    "Volo.Abp.Identity:010006": "Statické roly nie je možné zmazať.",
    "Volo.Abp.Identity:010007": "Dvojfaktorové nastavenie nie je možné zmeniť.",
    "Volo.Abp.Identity:010008": "Dvojfaktorové nastavenie nie je povolené zmeniť.",
    "Volo.Abp.Identity:010009": "Nemôžete delegovať svoje vlastné oprávnenia.",
    "Volo.Abp.Identity:010021" : "Názov '{0}' sa už používa.",
    "Identity.OrganizationUnit.MaxUserMembershipCount": "Maximálny povolený počet členov organizačnej jednotky pre používateľa",
    "ThisUserIsNotActiveMessage": "Tento používateľ nie je aktívny.",
    "Permission:IdentityManagement": "Správa identít",
    "Permission:RoleManagement": "Správa rolí",
    "Permission:Create": "Vytvoriť",
    "Permission:Edit": "Upraviť",
    "Permission:Delete": "Zmazať",
    "Permission:ChangePermissions": "Zmeniť oprávnenia",
    "Permission:UserManagement": "Správa používateľov",
    "Permission:UserLookup": "Vyhľadať používateľov",
    "DisplayName:Abp.Identity.Password.RequiredLength": "Požadovaná dĺžka",
    "DisplayName:Abp.Identity.Password.RequiredUniqueChars": "Požadovaný počet jedinečných znakov",
    "DisplayName:Abp.Identity.Password.RequireNonAlphanumeric": "Požadovaný nealfanumerický znak",
    "DisplayName:Abp.Identity.Password.RequireLowercase": "Požadované malé písmeno",
    "DisplayName:Abp.Identity.Password.RequireUppercase": "Požadované veľké písmeno",
    "DisplayName:Abp.Identity.Password.RequireDigit": "Požadovaná číslica",
    "DisplayName:Abp.Identity.Password.ForceUsersToPeriodicallyChangePassword": "Vynútiť používateľom pravidelne meniť heslo",
    "DisplayName:Abp.Identity.Password.PasswordChangePeriodDays": "Doba platnosti hesla (v dňoch)",
    "DisplayName:Abp.Identity.Lockout.AllowedForNewUsers": "Povolené pre nových používateľov",
    "DisplayName:Abp.Identity.Lockout.LockoutDuration": "Trvanie uzamknutia (v sekundách)",
    "DisplayName:Abp.Identity.Lockout.MaxFailedAccessAttempts": "Maximálny počet neúspešných pokusov o prístup",
    "DisplayName:Abp.Identity.SignIn.RequireConfirmedEmail": "Vyžadovať potvrdenie emailu",
    "DisplayName:Abp.Identity.SignIn.EnablePhoneNumberConfirmation": "Umožniť používateľom potvrdiť svoje telefónne číslo",
    "DisplayName:Abp.Identity.SignIn.RequireConfirmedPhoneNumber": "Vyžadovať potvrdenie telefónneho čísla",
    "DisplayName:Abp.Identity.User.IsUserNameUpdateEnabled": "Umožniť používateľom zmeniť svoje používateľské meno",
    "DisplayName:Abp.Identity.User.IsEmailUpdateEnabled": "Umožniť používateľom zmeniť emailovú adresu",
    "Description:Abp.Identity.Password.RequiredLength": "Minimálna dĺžka, ktorú musí mať heslo.",
    "Description:Abp.Identity.Password.RequiredUniqueChars": "Minimálny počet jedinečných znakov, ktoré musí heslo obsahovať.",
    "Description:Abp.Identity.Password.RequireNonAlphanumeric": "Či heslá musia obsahovať nealfanumerický znak.",
    "Description:Abp.Identity.Password.RequireLowercase": "Či heslá musia obsahovať malé ASCII písmená.",
    "Description:Abp.Identity.Password.RequireUppercase": "Či heslá musia obsahovať veľké ASCII písmená.",
    "Description:Abp.Identity.Password.RequireDigit": "Či heslá musia obsahovať číslicu.",
    "Description:Abp.Identity.Password.ForceUsersToPeriodicallyChangePassword": "Či sa používateľom musí pravidelne meniť heslo.",
    "Description:Abp.Identity.Password.PasswordChangePeriodDays": "Doba platnosti hesla (v dňoch).",
    "Description:Abp.Identity.Lockout.AllowedForNewUsers": "Či môže byť nový používateľ uzamknutý.",
    "Description:Abp.Identity.Lockout.LockoutDuration": "Doba, počas ktorej je používateľ uzamknutý, keď dôjde k uzamknutiu.",
    "Description:Abp.Identity.Lockout.MaxFailedAccessAttempts": "Počet neúspešných pokusov o prístup pred tým, ako bol používateľ uzamknutý za predpokladu, že je uzamknutie povolené.",
    "Description:Abp.Identity.SignIn.RequireConfirmedEmail": "Či sa na prihlásenie vyžaduje potvrdená emailová adresa.",
    "Description:Abp.Identity.SignIn.EnablePhoneNumberConfirmation": "Či môže používateľ potvrdiť telefónne číslo.",
    "Description:Abp.Identity.SignIn.RequireConfirmedPhoneNumber": "Či sa na prihlásenie vyžaduje potvrdené telefónne číslo.",
    "Description:Abp.Identity.User.IsUserNameUpdateEnabled": "Či môže používateľ aktualizovať používateľské meno.",
    "Description:Abp.Identity.User.IsEmailUpdateEnabled": "Či môže používateľ aktualizovať email.",
    "Details": "Podrobnosti",
    "CreatedBy": "Vytvoril",
    "ModifiedBy": "Upravené používateľom",
    "ModificationTime": "Čas úpravy",
    "PasswordUpdateTime": "Čas aktualizácie hesla",
    "LockoutEndTime": "Čas ukončenia uzamknutia",
    "FailedAccessCount": "Počet neúspešných prístupov"
  }
}