{
  "name": "Volo.CmsKit.Public.HttpApi.Client",
  "hash": "18468be9a4de221fffb9badd6c366d09",
  "contents": [
    {
      "namespace": "Volo.CmsKit.Public",
      "dependsOnModules": [
        {
          "declaringAssemblyName": "Volo.CmsKit.Public.Application.Contracts",
          "namespace": "Volo.CmsKit.Public",
          "name": "CmsKitPublicApplicationContractsModule"
        },
        {
          "declaringAssemblyName": "Volo.CmsKit.Common.HttpApi.Client",
          "namespace": "Volo.CmsKit",
          "name": "CmsKitCommonHttpApiClientModule"
        }
      ],
      "contentType": "abpModule",
      "name": "CmsKitPublicHttpApiClientModule",
      "summary": null
    }
  ]
}