{
  "name": "Volo.Blogging.Application.Contracts.Shared",
  "hash": "9fc9106ede1b673d1307cfbbe9bdac63",
  "contents": [
    {
      "namespace": "Volo.Blogging",
      "dependsOnModules": [
        {
          "declaringAssemblyName": "Volo.Blogging.Domain.Shared",
          "namespace": "Volo.Blogging",
          "name": "BloggingDomainSharedModule"
        },
        {
          "declaringAssemblyName": "Volo.Abp.Ddd.Application.Contracts",
          "namespace": "Volo.Abp.Application",
          "name": "AbpDddApplicationContractsModule"
        },
        {
          "declaringAssemblyName": "Volo.Abp.Authorization.Abstractions",
          "namespace": "Volo.Abp.Authorization",
          "name": "AbpAuthorizationAbstractionsModule"
        }
      ],
      "implementingInterfaces": [
        {
          "name": "IAbpModule",
          "namespace": "Volo.Abp.Modularity",
          "declaringAssemblyName": "Volo.Abp.Core",
          "fullName": "Volo.Abp.Modularity.IAbpModule"
        },
        {
          "name": "IOnPreApplicationInitialization",
          "namespace": "Volo.Abp.Modularity",
          "declaringAssemblyName": "Volo.Abp.Core",
          "fullName": "Volo.Abp.Modularity.IOnPreApplicationInitialization"
        },
        {
          "name": "IOnApplicationInitialization",
          "namespace": "Volo.Abp",
          "declaringAssemblyName": "Volo.Abp.Core",
          "fullName": "Volo.Abp.IOnApplicationInitialization"
        },
        {
          "name": "IOnPostApplicationInitialization",
          "namespace": "Volo.Abp.Modularity",
          "declaringAssemblyName": "Volo.Abp.Core",
          "fullName": "Volo.Abp.Modularity.IOnPostApplicationInitialization"
        },
        {
          "name": "IOnApplicationShutdown",
          "namespace": "Volo.Abp",
          "declaringAssemblyName": "Volo.Abp.Core",
          "fullName": "Volo.Abp.IOnApplicationShutdown"
        },
        {
          "name": "IPreConfigureServices",
          "namespace": "Volo.Abp.Modularity",
          "declaringAssemblyName": "Volo.Abp.Core",
          "fullName": "Volo.Abp.Modularity.IPreConfigureServices"
        },
        {
          "name": "IPostConfigureServices",
          "namespace": "Volo.Abp.Modularity",
          "declaringAssemblyName": "Volo.Abp.Core",
          "fullName": "Volo.Abp.Modularity.IPostConfigureServices"
        }
      ],
      "contentType": "abpModule",
      "name": "BloggingApplicationContractsSharedModule",
      "summary": null
    },
    {
      "displayName": "Blogs",
      "isEnabled": true,
      "contentType": "permission",
      "name": "Blogging.Blog",
      "summary": null
    },
    {
      "displayName": "Management",
      "isEnabled": true,
      "contentType": "permission",
      "name": "Blogging.Blog.Management",
      "summary": null
    },
    {
      "displayName": "Edit",
      "isEnabled": true,
      "contentType": "permission",
      "name": "Blogging.Blog.Update",
      "summary": null
    },
    {
      "displayName": "Delete",
      "isEnabled": true,
      "contentType": "permission",
      "name": "Blogging.Blog.Delete",
      "summary": null
    },
    {
      "displayName": "Create",
      "isEnabled": true,
      "contentType": "permission",
      "name": "Blogging.Blog.Create",
      "summary": null
    },
    {
      "displayName": "Clear cache",
      "isEnabled": true,
      "contentType": "permission",
      "name": "Blogging.Blog.ClearCache",
      "summary": null
    },
    {
      "displayName": "Posts",
      "isEnabled": true,
      "contentType": "permission",
      "name": "Blogging.Post",
      "summary": null
    },
    {
      "displayName": "Edit",
      "isEnabled": true,
      "contentType": "permission",
      "name": "Blogging.Post.Update",
      "summary": null
    },
    {
      "displayName": "Delete",
      "isEnabled": true,
      "contentType": "permission",
      "name": "Blogging.Post.Delete",
      "summary": null
    },
    {
      "displayName": "Create",
      "isEnabled": true,
      "contentType": "permission",
      "name": "Blogging.Post.Create",
      "summary": null
    },
    {
      "displayName": "Tags",
      "isEnabled": true,
      "contentType": "permission",
      "name": "Blogging.Tag",
      "summary": null
    },
    {
      "displayName": "Edit",
      "isEnabled": true,
      "contentType": "permission",
      "name": "Blogging.Tag.Update",
      "summary": null
    },
    {
      "displayName": "Delete",
      "isEnabled": true,
      "contentType": "permission",
      "name": "Blogging.Tag.Delete",
      "summary": null
    },
    {
      "displayName": "Create",
      "isEnabled": true,
      "contentType": "permission",
      "name": "Blogging.Tag.Create",
      "summary": null
    },
    {
      "displayName": "Comments",
      "isEnabled": true,
      "contentType": "permission",
      "name": "Blogging.Comment",
      "summary": null
    },
    {
      "displayName": "Edit",
      "isEnabled": true,
      "contentType": "permission",
      "name": "Blogging.Comment.Update",
      "summary": null
    },
    {
      "displayName": "Delete",
      "isEnabled": true,
      "contentType": "permission",
      "name": "Blogging.Comment.Delete",
      "summary": null
    },
    {
      "displayName": "Create",
      "isEnabled": true,
      "contentType": "permission",
      "name": "Blogging.Comment.Create",
      "summary": null
    }
  ]
}