{
  "name": "Volo.ClientSimulation.Demo",
  "hash": "582f816d8db19a3387c7a3a5e15751e0",
  "contents": [
    {
      "namespace": "Volo.ClientSimulation.Demo",
      "dependsOnModules": [
        {
          "declaringAssemblyName": "Volo.Abp.AspNetCore.Mvc.UI.Theme.Basic",
          "namespace": "Volo.Abp.AspNetCore.Mvc.UI.Theme.Basic",
          "name": "AbpAspNetCoreMvcUiBasicThemeModule"
        },
        {
          "declaringAssemblyName": "Volo.Abp.Autofac",
          "namespace": "Volo.Abp.Autofac",
          "name": "AbpAutofacModule"
        },
        {
          "declaringAssemblyName": "Volo.ClientSimulation.Web",
          "namespace": "Volo.ClientSimulation",
          "name": "ClientSimulationWebModule"
        }
      ],
      "contentType": "abpModule",
      "name": "ClientSimulationDemoModule",
      "summary": null
    }
  ]
}