{
  "name": "Volo.ClientSimulation.Demo",
  "hash": "273da3e3975566d229ad16e3bf7ad331",
  "contents": [
    {
      "namespace": "Volo.ClientSimulation.Demo",
      "dependsOnModules": [
        {
          "declaringAssemblyName": "Volo.Abp.AspNetCore.Mvc.UI.Theme.Basic",
          "namespace": "Volo.Abp.AspNetCore.Mvc.UI.Theme.Basic",
          "name": "AbpAspNetCoreMvcUiBasicThemeModule"
        },
        {
          "declaringAssemblyName": "Volo.Abp.Autofac",
          "namespace": "Volo.Abp.Autofac",
          "name": "AbpAutofacModule"
        },
        {
          "declaringAssemblyName": "Volo.ClientSimulation.Web",
          "namespace": "Volo.ClientSimulation",
          "name": "ClientSimulationWebModule"
        }
      ],
      "contentType": "abpModule",
      "name": "ClientSimulationDemoModule",
      "summary": null
    }
  ]
}