{
  "name": "Volo.Abp.BackgroundJobs.MongoDB",
  "hash": "0a592222ebb3efef215734b1617f8548",
  "contents": [
    {
      "namespace": "Volo.Abp.BackgroundJobs.MongoDB",
      "contentType": "abpModule",
      "name": "AbpBackgroundJobsMongoDbModule"
    },
    {
      "namespace": "Volo.Abp.BackgroundJobs.MongoDB",
      "connectionStringName": "AbpBackgroundJobs",
      "databaseCollections": [
        {
          "entityFullName": "Volo.Abp.BackgroundJobs.BackgroundJobRecord",
          "contentType": "databaseCollection",
          "name": "AbpBackgroundJobs"
        }
      ],
      "contentType": "mongoDbContext",
      "name": "BackgroundJobsMongoDbContext"
    }
  ]
}