{
  "culture": "de",
  "texts": {
    "Menu:IdentityManagement": "Identitätsverwaltung",
    "Users": "Benutzer",
    "NewUser": "Neuer Benutzer",
    "UserName": "Benutzername",
    "EmailAddress": "E-Mail-Adresse",
    "PhoneNumber": "Telefonnummer",
    "UserInformations": "Benutzerinformationen",
    "DisplayName:IsDefault": "Standard",
    "DisplayName:IsStatic": "Statisch",
    "DisplayName:IsPublic": "Öffentlich",
    "Roles": "Rollen",
    "Password": "Passwort",
    "PersonalInfo": "Mein Profil",
    "PersonalSettings": "Persönliche Einstellungen",
    "UserDeletionConfirmationMessage": "Der Benutzer '{0}' wird gelöscht. Sind Sie sicher?",
    "RoleDeletionConfirmationMessage": "Die Rolle '{0}' wird gelöscht. Sind Sie sicher?",
    "DisplayName:RoleName": "Rollenname",
    "DisplayName:UserName": "Benutzername",
    "DisplayName:Name": "Name",
    "DisplayName:Surname": "Nachname",
    "DisplayName:Password": "Passwort",
    "DisplayName:Email": "E-Mail-Adresse",
    "DisplayName:PhoneNumber": "Telefonnummer",
    "DisplayName:TwoFactorEnabled": "Zwei-Faktor-Verifizierung",
    "DisplayName:LockoutEnabled": "Konto nach fehlgeschlagenen Anmeldeversuchen sperren",
    "NewRole": "Neue Rolle",
    "RoleName": "Rollenname",
    "CreationTime": "Erstellungszeit",
    "Permissions": "Berechtigungen",
    "DisplayName:CurrentPassword": "Aktuelles Passwort",
    "DisplayName:NewPassword": "Neues Passwort",
    "DisplayName:NewPasswordConfirm": "Neues Passwort bestätigen",
    "PasswordChangedMessage": "Ihr Passwort wurde erfolgreich geändert.",
    "PersonalSettingsSavedMessage": "Ihre persönlichen Einstellungen wurden erfolgreich gespeichert.",
    "Volo.Abp.Identity:DefaultError": "Ein unbekannter Fehler ist aufgetreten.",
    "Volo.Abp.Identity:ConcurrencyFailure": "Optimistischer Nebenläufigkeitsfehler, Objekt wurde geändert.",
    "Volo.Abp.Identity:DuplicateEmail": "E-Mail '{0}' ist bereits vergeben.",
    "Volo.Abp.Identity:DuplicateRoleName": "Der Rollenname '{0}' ist bereits vergeben.",
    "Volo.Abp.Identity:DuplicateUserName": "Der Benutzername '{0}' ist bereits vergeben.",
    "Volo.Abp.Identity:InvalidEmail": "E-Mail '{0}' ist ungültig.",
    "Volo.Abp.Identity:InvalidPasswordHasherCompatibilityMode": "Der angegebene PasswordHasherCompatibilityMode ist ungültig.",
    "Volo.Abp.Identity:InvalidPasswordHasherIterationCount": "Die Iterationszahl muss eine positive Ganzzahl sein.",
    "Volo.Abp.Identity:InvalidRoleName": "Der Rollenname '{0}' ist ungültig.",
    "Volo.Abp.Identity:InvalidToken": "Ungültiges Token.",
    "Volo.Abp.Identity:InvalidUserName": "Benutzername '{0}' ist ungültig, kann nur Buchstaben oder Ziffern enthalten.",
    "Volo.Abp.Identity:LoginAlreadyAssociated": "Ein Benutzer mit diesem Login existiert bereits.",
    "Volo.Abp.Identity:PasswordMismatch": "Falsches Passwort.",
    "Volo.Abp.Identity:PasswordRequiresDigit": "Passwörter müssen mindestens eine Ziffer ('0'-'9') enthalten.",
    "Volo.Abp.Identity:PasswordRequiresLower": "Passwörter müssen mindestens einen Kleinbuchstaben ('a'-'z') enthalten.",
    "Volo.Abp.Identity:PasswordRequiresNonAlphanumeric": "Passwörter müssen mindestens ein Sonderzeichen enthalten.",
    "Volo.Abp.Identity:PasswordRequiresUpper": "Passwörter müssen mindestens einen Großbuchstaben ('A'-'Z') enthalten.",
    "Volo.Abp.Identity:PasswordTooShort": "Passwörter müssen mindestens {0} Zeichen enthalten.",
    "Volo.Abp.Identity:RoleNotFound": "Die Rolle {0} existiert nicht.",
    "Volo.Abp.Identity:UserAlreadyHasPassword": "Der Benutzer hat bereits ein Passwort gesetzt.",
    "Volo.Abp.Identity:UserAlreadyInRole": "Benutzer ist bereits in der Rolle '{0}'.",
    "Volo.Abp.Identity:UserLockedOut": "Benutzer ist ausgesperrt.",
    "Volo.Abp.Identity:UserLockoutNotEnabled": "Aussperrung ist für diesen Benutzer nicht aktiviert.",
    "Volo.Abp.Identity:UserNameNotFound": "Benutzer {0} existiert nicht.",
    "Volo.Abp.Identity:UserNotInRole": "Benutzer ist nicht in der Rolle '{0}'.",
    "Volo.Abp.Identity:PasswordConfirmationFailed": "Passwort stimmt nicht mit dem Bestätigungspasswort überein.",
    "Volo.Abp.Identity:010005": "Statische Rollen können nicht umbenannt werden.",
    "Volo.Abp.Identity:010006": "Statische Rollen können nicht gelöscht werden.",
    "Volo.Abp.Identity:010001": "Sie können Ihr eigenes Konto nicht löschen!",
    "Permission:IdentityManagement": "Identitätsverwaltung",
    "Permission:RoleManagement": "Rollenverwaltung",
    "Permission:Create": "Erstellen",
    "Permission:Edit": "Bearbeiten",
    "Permission:Delete": "Löschen",
    "Permission:ChangePermissions": "Berechtigungen ändern",
    "Permission:UserManagement": "Benutzerverwaltung",
    "Permission:UserLookup": "Benutzer-Lookup",
    "DisplayName:Abp.Identity.Password.RequiredLength": "Erforderliche Länge",
    "DisplayName:Abp.Identity.Password.RequiredUniqueChars": "Erforderliche eindeutige Zeichenanzahl",
    "DisplayName:Abp.Identity.Password.RequireNonAlphanumeric": "Erforderliches Sonderzeichen",
    "DisplayName:Abp.Identity.Password.RequireLowercase": "Erforderliche Kleinbuchstaben",
    "DisplayName:Abp.Identity.Password.RequireUppercase": "Erforderliche Großbuchstaben",
    "DisplayName:Abp.Identity.Password.RequireDigit": "Erforderliche Ziffer",
    "DisplayName:Abp.Identity.Lockout.AllowedForNewUsers": "Aktiviert für neue Benutzer",
    "DisplayName:Abp.Identity.Lockout.LockoutDuration": "Aussperrdauer (Sekunden)",
    "DisplayName:Abp.Identity.Lockout.MaxFailedAccessAttempts": "Max fehlgeschlagene Zugriffsversuche",
    "DisplayName:Abp.Identity.SignIn.RequireConfirmedEmail": "Bestätigte E-Mail erforderlich",
    "DisplayName:Abp.Identity.SignIn.EnablePhoneNumberConfirmation": "Telefonnummer-Bestätigung aktivieren",
    "DisplayName:Abp.Identity.SignIn.RequireConfirmedPhoneNumber": "Bestätigte Telefonnummer erforderlich",
    "DisplayName:Abp.Identity.User.IsUserNameUpdateEnabled": "Ist die Aktualisierung des Benutzernamens aktiviert?",
    "DisplayName:Abp.Identity.User.IsEmailUpdateEnabled": "Ist die E-Mail-Aktualisierung aktiviert?",
    "Description:Abp.Identity.Password.RequiredLength": "Die Mindestlänge, die ein Passwort haben muss.",
    "Description:Abp.Identity.Password.RequiredUniqueChars": "Die Mindestanzahl eindeutiger Zeichen, die ein Passwort enthalten muss.",
    "Description:Abp.Identity.Password.RequireNonAlphanumeric": "Ob Passwörter ein nicht-alphanumerisches Zeichen enthalten müssen.",
    "Description:Abp.Identity.Password.RequireLowercase": "Ob Passwörter ein kleingeschriebenes ASCII-Zeichen enthalten müssen.",
    "Description:Abp.Identity.Password.RequireUppercase": "Ob Passwörter ein ASCII-Zeichen in Großbuchstaben enthalten müssen.",
    "Description:Abp.Identity.Password.RequireDigit": "Ob Passwörter eine Ziffer enthalten müssen.",
    "Description:Abp.Identity.Lockout.AllowedForNewUsers": "Ob ein neuer Benutzer ausgesperrt werden kann.",
    "Description:Abp.Identity.Lockout.LockoutDuration": "Die Dauer, für die ein Benutzer ausgesperrt ist, wenn eine Sperre auftritt.",
    "Description:Abp.Identity.Lockout.MaxFailedAccessAttempts": "Die Anzahl der fehlgeschlagenen Zugriffsversuche, die erlaubt sind, bevor ein Benutzer gesperrt wird, vorausgesetzt, die Sperre ist aktiviert.",
    "Description:Abp.Identity.SignIn.RequireConfirmedEmail": "Whether a confirmed email address is required to sign in.",
    "Description:Abp.Identity.SignIn.EnablePhoneNumberConfirmation": "Ob für die Anmeldung eine bestätigte E-Mail-Adresse erforderlich ist.",
    "Description:Abp.Identity.SignIn.RequireConfirmedPhoneNumber": "Ob für die Anmeldung eine bestätigte Telefonnummer erforderlich ist.",
    "Description:Abp.Identity.User.IsUserNameUpdateEnabled": "Ob der Benutzername vom Benutzer aktualisiert werden kann.",
    "Description:Abp.Identity.User.IsEmailUpdateEnabled": "Ob die E-Mail durch den Benutzer aktualisiert werden kann."
  }
}
