{
    "culture": "hu",
    "texts": {
      "Menu:IdentityManagement": "Identitáskezelés",
      "Users": "Felhasználók",
      "NewUser": "Új felhasználó",
      "UserName": "Felhasználónév",
      "EmailAddress": "Email cím",
      "PhoneNumber": "Telefonszám",
      "UserInformations": "Felhasználói információ",
      "DisplayName:IsDefault": "Alapértelmezett",
      "DisplayName:IsStatic": "Statikus",
      "DisplayName:IsPublic": "Publikus",
      "Roles": "Szerepkörök",
      "Password": "Jelszó",
      "PersonalInfo": "Profilom",
      "PersonalSettings": "Személyes beállítások",
      "UserDeletionConfirmationMessage": "'{0}' felhasználó törlődni fog. Jóváhagyja?",
      "RoleDeletionConfirmationMessage": "'{0}' szerepkör törlődni fog. Jóváhagyja?",
      "DisplayName:RoleName": "Szerepkör neve",
      "DisplayName:UserName": "Felhasználó neve",
      "DisplayName:Name": "Név",
      "DisplayName:Surname": "Vezetéknév",
      "DisplayName:Password": "Jelszó",
      "DisplayName:Email": "Email cím",
      "DisplayName:PhoneNumber": "Telefonszám",
      "DisplayName:TwoFactorEnabled": "Kétlépcsős azonosítás",
      "DisplayName:LockoutEnabled": "Fiók zárolása sikertelen bejelentkezési kísérletek után",
      "NewRole": "Új szerepkör",
      "RoleName": "Szerepkör neve",
      "CreationTime": "Létrehozás időpontja",
      "Permissions": "Engedélyek",
      "DisplayName:CurrentPassword": "Jelenlegi jelszó",
      "DisplayName:NewPassword": "Új jelszó",
      "DisplayName:NewPasswordConfirm": "Új jelszó megerősítése",
      "PasswordChangedMessage": "Jelszavát sikeresen megváltoztattuk.",
      "PersonalSettingsSavedMessage": "Személyes beállításait sikeresen mentette.",
      "Volo.Abp.Identity:DefaultError": "Ismeretlen hiba történt.",
      "Volo.Abp.Identity:ConcurrencyFailure": "Optimista párhuzamossági hiba, az objektum módosult.",
      "Volo.Abp.Identity:DuplicateEmail": "Az '{0}' email cím már foglalt.",
      "Volo.Abp.Identity:DuplicateRoleName": "Szerepkör neve '{0}' foglalt.",
      "Volo.Abp.Identity:DuplicateUserName": "'{0}' felahsználónév foglalt.",
      "Volo.Abp.Identity:InvalidEmail": "'{0}' email cím érvénytelen.",
      "Volo.Abp.Identity:InvalidPasswordHasherCompatibilityMode": "A megadott PasswordHasherCompatibilityMode érvénytelen.",
      "Volo.Abp.Identity:InvalidPasswordHasherIterationCount": "Az iterációszámnak pozitív egész számnak kell lennie.",
      "Volo.Abp.Identity:InvalidRoleName": "'{0}' szerepkör név érvénytelen.",
      "Volo.Abp.Identity:InvalidToken": "Érvénytelen token.",
      "Volo.Abp.Identity:InvalidUserName": "'{0}' felhasználónév érvénytelen, csak betűket és számokat tartalmazhat.",
      "Volo.Abp.Identity:LoginAlreadyAssociated": "Az ilyen bejelentkezéssel rendelkező felhasználó már létezik.",
      "Volo.Abp.Identity:PasswordMismatch": "Érvénytelen jelszó.",
      "Volo.Abp.Identity:PasswordRequiresDigit": "A jelszavaknak legalább egy számjegyet kell rendelkezniük ('0'-'9').",
      "Volo.Abp.Identity:PasswordRequiresLower": "A jelszavaknak legalább egy kisbetűvel kell rendelkezniük('a'-'z').",
      "Volo.Abp.Identity:PasswordRequiresNonAlphanumeric": "A jelszavaknak legalább egy nem alfanumerikus karaktkarakterrel kell rendelkezniük.",
      "Volo.Abp.Identity:PasswordRequiresUpper": "A jelszavaknak legalább egy nagybetűvel kell rendelkezniük ('A'-'Z').",
      "Volo.Abp.Identity:PasswordTooShort": "A jelszónak minimum {0} karaktert kell tartalmaznia.",
      "Volo.Abp.Identity:RoleNotFound": "{0} szerepkür nem létezik.",
      "Volo.Abp.Identity:UserAlreadyHasPassword": "A felhasználónak már van jelszava.",
      "Volo.Abp.Identity:UserAlreadyInRole": "A felhasználó már rendelkezik a '{0}' szerepkörrel.",
      "Volo.Abp.Identity:UserLockedOut": "A felhasználó zárolva van.",
      "Volo.Abp.Identity:UserLockoutNotEnabled": "A zárolás nincs engedélyezve ennél a felhasználónál.",
      "Volo.Abp.Identity:UserNameNotFound": "{0} felhasználó nem létezik.",
      "Volo.Abp.Identity:UserNotInRole": "A felhasználó nem rendelkezik a {0} szerepkörrel.",
      "Volo.Abp.Identity:PasswordConfirmationFailed": "A jelszó nem egyezik meg a megerősítési jelszóval.",
      "Volo.Abp.Identity:010001": "Nem törölheti saját fiókját!",
      "Volo.Abp.Identity:010002": "Legfeljebb {MaxUserMembershipCount} szervezeti egységet állíthat be egy felhasználó számára!",
      "Volo.Abp.Identity:010003": "Külsőleg bejelentkezett felhasználó jelszavát nem lehet megváltoztatni!",
      "Volo.Abp.Identity:010004": "Már létezik egy szervezeti egység, amelynek neve {0}. Két azonos nevű egység nem hozható létre ugyanazon a szinten.",
      "Volo.Abp.Identity:010005": "A statikus szerepeket nem lehet átnevezni.",
      "Volo.Abp.Identity:010006": "A statikus szerepeket nem lehet törölni.",
      "Volo.Abp.Identity:010007": "Nem változtathatja meg a kétlépcsős bejelentkezés beállítását.",
      "Volo.Abp.Identity:010008": "Kétlépcsős bejelentkezés beállítás megváltoztatása nem megengedett.",
      "Identity.OrganizationUnit.MaxUserMembershipCount": "A maximálisan megengedett szervezeti egység tagsági szám egy felhasználó számára",
      "Permission:IdentityManagement": "Identitáskezelés",
      "Permission:RoleManagement": "Szerepkörkezelés",
      "Permission:Create": "Létrehozás",
      "Permission:Edit": "Szerkesztés",
      "Permission:Delete": "Törlés",
      "Permission:ChangePermissions": "Engedélyek módosítása",
      "Permission:UserManagement": "Felhasználókezelés",
      "Permission:UserLookup": "Felhaszáló keresés",
      "Feature:IdentityGroup": "Identitás",
      "Feature:TwoFactor": "Kétlépcsős",
      "Feature:TwoFactorDescription": "Kétlépcsős hitelesítés",
      "Feature:TwoFactor.Optional": "Választható",
      "Feature:TwoFactor.Disabled": "Tiltott",
      "Feature:TwoFactor.Forced": "Kényszerített",
      "DisplayName:Abp.Identity.Password.RequiredLength": "Szükséges hossz",
      "DisplayName:Abp.Identity.Password.RequiredUniqueChars": "Szükséges egyedi karakterek száma",
      "DisplayName:Abp.Identity.Password.RequireNonAlphanumeric": "Szükséges nem alfanumerikus karakter",
      "DisplayName:Abp.Identity.Password.RequireLowercase": "Szükséges kisbetű",
      "DisplayName:Abp.Identity.Password.RequireUppercase": "Szükséges nagybetű",
      "DisplayName:Abp.Identity.Password.RequireDigit": "Szükséges számjegy",
      "DisplayName:Abp.Identity.Lockout.AllowedForNewUsers": "Engedélyezve az új felhasználók számára",
      "DisplayName:Abp.Identity.Lockout.LockoutDuration": "A zárolás időtartama (másodpercben)",
      "DisplayName:Abp.Identity.Lockout.MaxFailedAccessAttempts": "Max sikertelen hozzáférési kísérlet",
      "DisplayName:Abp.Identity.SignIn.RequireConfirmedEmail": "Megerősített e-mail megkövetelése",
      "DisplayName:Abp.Identity.SignIn.EnablePhoneNumberConfirmation": "Engedje meg a felhasználóknak, hogy erősítsék meg telefonszámukat",
      "DisplayName:Abp.Identity.SignIn.RequireConfirmedPhoneNumber": "Meg kell erősíteni a telefonszámot",
      "DisplayName:Abp.Identity.User.IsUserNameUpdateEnabled": "Engedje meg a felhasználóknak a felhasználónevük megváltoztatását",
      "DisplayName:Abp.Identity.User.IsEmailUpdateEnabled": "Engedje meg a felhasználóknak, hogy megváltoztassák e-mail címüket",
      "Description:Abp.Identity.Password.RequiredLength": "A jelszó minimális hosszának meg kell lennie.",
      "Description:Abp.Identity.Password.RequiredUniqueChars": "A jelszavak által tartalmazandó egyedi karakterek minimális száma.",
      "Description:Abp.Identity.Password.RequireNonAlphanumeric": "Ha a jelszavaknak nem alfanumerikus karaktert kell tartalmazniuk.",
      "Description:Abp.Identity.Password.RequireLowercase": "Ha a jelszavaknak kisbetűs ASCII karaktert kell tartalmazniuk.",
      "Description:Abp.Identity.Password.RequireUppercase": "Ha a jelszavaknak nagybetűs ASCII karaktert kell tartalmazniuk.",
      "Description:Abp.Identity.Password.RequireDigit": "Ha a jelszavaknak tartalmazniuk kell egy számjegyet.",
      "Description:Abp.Identity.Lockout.AllowedForNewUsers": "Egy új felhasználó zárolható-e.",
      "Description:Abp.Identity.Lockout.LockoutDuration": "Az az időtartam, amelyre a felhasználó zárolva van, amikor zárolás történik.",
      "Description:Abp.Identity.Lockout.MaxFailedAccessAttempts": "A felhasználó zárolása előtt megengedett sikertelen hozzáférési kísérletek száma, feltéve, hogy a zárolás engedélyezve van.",
      "Description:Abp.Identity.SignIn.RequireConfirmedEmail": "Szükség van-e megerősített e-mail címre a bejelentkezéshez.",
      "Description:Abp.Identity.SignIn.EnablePhoneNumberConfirmation": "Meg tudja-e erősíteni a telefonszámot a felhasználó.",
      "Description:Abp.Identity.SignIn.RequireConfirmedPhoneNumber": "Szükség van-e megerősített telefonszámra a bejelentkezéshez.",
      "Description:Abp.Identity.User.IsUserNameUpdateEnabled": "Meg tudja e módosítani a felhasználónevet a felhasználó?.",
      "Description:Abp.Identity.User.IsEmailUpdateEnabled": "Meg tudja-e módosítani az e-mail címét a felhasználó.",
      "DisplayName:Abp.Identity.TwoFactorBehaviour": "Kétlépcsős bejelentkezés viselkedése",
      "Description:Abp.Identity.TwoFactorBehaviour": "Kétlépcsős bejelentkezés viselkedése",
      "DisplayName:Abp.Identity.UsersCanChange": "Lehetővé teszi a felhasználóknak a kétlépcsős beállítások megváltoztatását.",
      "Description:Abp.Identity.UsersCanChange": "Lehetővé teszi a felhasználóknak a kétlépcsős beállítások megváltoztatását."
    }
  }
  