{
  "culture": "it",
  "texts": {
    "Menu:IdentityManagement": "Gestione dell'identità",
    "Users": "Utenti",
    "NewUser": "Nuovo utente",
    "UserName": "Nome utente",
    "EmailAddress": "Indirizzo e-mail",
    "PhoneNumber": "Numero di telefono",
    "UserInformations": "Informazioni utente",
    "DisplayName:IsDefault": "Predefinito",
    "DisplayName:IsStatic": "Statico",
    "DisplayName:IsPublic": "Pubblico",
    "Roles": "Ruoli",
    "Password": "Password",
    "PersonalInfo": "Il mio profilo",
    "PersonalSettings": "Impostazioni personali",
    "UserDeletionConfirmationMessage": "L'utente '{0}' verrà eliminato. Lo confermi?",
    "RoleDeletionConfirmationMessage": "Il ruolo '{0}' verrà eliminato. Lo confermi?",
    "DisplayName:RoleName": "Nome del ruolo",
    "DisplayName:UserName": "Nome utente",
    "DisplayName:Name": "Nome",
    "DisplayName:Surname": "Cognome",
    "DisplayName:Password": "Password",
    "DisplayName:Email": "Indirizzo e-mail",
    "DisplayName:PhoneNumber": "Numero di telefono",
    "DisplayName:TwoFactorEnabled": "Verifica a due fattori",
    "DisplayName:LockoutEnabled": "Blocca account dopo tentativi di accesso falliti",
    "NewRole": "Nuovo ruolo",
    "RoleName": "Nome del ruolo",
    "CreationTime": "Orario di creazione",
    "Permissions": "Autorizzazioni",
    "DisplayName:CurrentPassword": "Password attuale",
    "DisplayName:NewPassword": "Nuova password",
    "DisplayName:NewPasswordConfirm": "Conferma la nuova password",
    "PasswordChangedMessage": "La tua password è stata cambiata con successo.",
    "PersonalSettingsSavedMessage": "Le tue impostazioni personali sono state salvate con successo.",
    "Volo.Abp.Identity:DefaultError": "Si è verificato un errore sconosciuto.",
    "Volo.Abp.Identity:ConcurrencyFailure": "Errore di concorrenza ottimistica, l'oggetto è stato modificato.",
    "Volo.Abp.Identity:DuplicateEmail": "L'email '{0}' è già stata accettata.",
    "Volo.Abp.Identity:DuplicateRoleName": "Il nome del ruolo '{0}' è già stato utilizzato.",
    "Volo.Abp.Identity:DuplicateUserName": "Il nome utente '{0}' è già in uso.",
    "Volo.Abp.Identity:InvalidEmail": "L'email '{0}' non è valida.",
    "Volo.Abp.Identity:InvalidPasswordHasherCompatibilityMode": "Il PasswordHasherCompatibilityMode fornito non è valido.",
    "Volo.Abp.Identity:InvalidPasswordHasherIterationCount": "Il conteggio delle iterazioni deve essere un numero intero positivo.",
    "Volo.Abp.Identity:InvalidRoleName": "Il nome del ruolo '{0}' non è valido.",
    "Volo.Abp.Identity:InvalidToken": "Token non valido.",
    "Volo.Abp.Identity:InvalidUserName": "Il nome utente '{0}' non è valido, può contenere solo lettere o cifre.",
    "Volo.Abp.Identity:LoginAlreadyAssociated": "Esiste già un utente con questo accesso.",
    "Volo.Abp.Identity:PasswordMismatch": "Password errata.",
    "Volo.Abp.Identity:PasswordRequiresDigit": "Le password devono contenere almeno una cifra ('0'-'9').",
    "Volo.Abp.Identity:PasswordRequiresLower": "Le password devono contenere almeno una minuscola ('a'-'z').",
    "Volo.Abp.Identity:PasswordRequiresNonAlphanumeric": "Le password devono contenere almeno un carattere non alfanumerico.",
    "Volo.Abp.Identity:PasswordRequiresUpper": "Le password devono contenere almeno una maiuscola ('A'-'Z').",
    "Volo.Abp.Identity:PasswordTooShort": "Le password devono contenere almeno {0} caratteri.",
    "Volo.Abp.Identity:RoleNotFound": "Il ruolo {0} non esiste.",
    "Volo.Abp.Identity:UserAlreadyHasPassword": "L'utente ha già una password impostata.",
    "Volo.Abp.Identity:UserAlreadyInRole": "Utente già nel ruolo '{0}'.",
    "Volo.Abp.Identity:UserLockedOut": "L'utente è bloccato.",
    "Volo.Abp.Identity:UserLockoutNotEnabled": "Il blocco non è abilitato per questo utente.",
    "Volo.Abp.Identity:UserNameNotFound": "L'utente {0} non esiste.",
    "Volo.Abp.Identity:UserNotInRole": "L'utente non è nel ruolo '{0}'.",
    "Volo.Abp.Identity:PasswordConfirmationFailed": "La password non corrisponde alla password di conferma.",
    "Volo.Abp.Identity:010001": "Non puoi cancellare il tuo account!",
    "Volo.Abp.Identity:010002": "Impossibile impostare più di {MaxUserMembershipCount} unità organizzativa per un utente!",
    "Volo.Abp.Identity:010003": "Non è possibile Modifica la password di un utente connesso esternamente!",
    "Volo.Abp.Identity:010004": "Esiste già un'unità organizzativa con nome {0}. Non è possibile creare due unità con lo stesso nome nello stesso livello.",
    "Volo.Abp.Identity:010005": "I ruoli statici non possono essere rinominati.",
    "Volo.Abp.Identity:010006": "I ruoli statici non possono essere eliminati.",
    "Volo.Abp.Identity:010007": "Non puoi Modifica l'impostazione dei due fattori.",
    "Volo.Abp.Identity:010008": "Non è consentito Modifica l'impostazione a due fattori.",
    "Identity.OrganizationUnit.MaxUserMembershipCount": "Numero massimo consentito di membri dell'unità organizzativa per un utente",
    "Permission:IdentityManagement": "Gestione dell'identità",
    "Permission:RoleManagement": "Gestione dei ruoli",
    "Permission:Create": "Crea",
    "Permission:Edit": "Modifica",
    "Permission:Delete": "Elimina",
    "Permission:ChangePermissions": "Modifica le autorizzazioni",
    "Permission:UserManagement": "Gestione utenti",
    "Permission:UserLookup": "Ricerca utente",
    "DisplayName:Abp.Identity.Password.RequiredLength": "Lunghezza richiesta",
    "DisplayName:Abp.Identity.Password.RequiredUniqueChars": "Numero di caratteri univoci richiesto",
    "DisplayName:Abp.Identity.Password.RequireNonAlphanumeric": "Carattere non alfanumerico richiesto",
    "DisplayName:Abp.Identity.Password.RequireLowercase": "Carattere minuscolo richiesto",
    "DisplayName:Abp.Identity.Password.RequireUppercase": "Carattere maiuscolo obbligatorio",
    "DisplayName:Abp.Identity.Password.RequireDigit": "Cifra richiesta",
    "DisplayName:Abp.Identity.Lockout.AllowedForNewUsers": "Abilitato per i nuovi utenti",
    "DisplayName:Abp.Identity.Lockout.LockoutDuration": "Durata blocco (secondi)",
    "DisplayName:Abp.Identity.Lockout.MaxFailedAccessAttempts": "Numero massimo di tentativi di accesso non riusciti",
    "DisplayName:Abp.Identity.SignIn.RequireConfirmedEmail": "Richiedi email confermata",
    "DisplayName:Abp.Identity.SignIn.EnablePhoneNumberConfirmation": "Consenti agli utenti di confermare il proprio numero di telefono",
    "DisplayName:Abp.Identity.SignIn.RequireConfirmedPhoneNumber": "Richiedi un numero di telefono confermato",
    "DisplayName:Abp.Identity.User.IsUserNameUpdateEnabled": "Consenti agli utenti di Modifica i propri nomi utente",
    "DisplayName:Abp.Identity.User.IsEmailUpdateEnabled": "Consenti agli utenti di Modifica i propri indirizzi email",
    "Description:Abp.Identity.Password.RequiredLength": "La lunghezza minima che deve essere una password.",
    "Description:Abp.Identity.Password.RequiredUniqueChars": "Il numero minimo di caratteri univoci che una password deve contenere.",
    "Description:Abp.Identity.Password.RequireNonAlphanumeric": "Se le password devono contenere un carattere non alfanumerico.",
    "Description:Abp.Identity.Password.RequireLowercase": "Se le password devono contenere un carattere ASCII minuscolo.",
    "Description:Abp.Identity.Password.RequireUppercase": "Se le password devono contenere un carattere ASCII maiuscolo.",
    "Description:Abp.Identity.Password.RequireDigit": "Se le password devono contenere una cifra.",
    "Description:Abp.Identity.Lockout.AllowedForNewUsers": "Se un nuovo utente può essere bloccato.",
    "Description:Abp.Identity.Lockout.LockoutDuration": "La durata per cui un utente viene bloccato quando si verifica un blocco.",
    "Description:Abp.Identity.Lockout.MaxFailedAccessAttempts": "Il numero di tentativi di accesso non riusciti consentiti prima che un utente venga bloccato, a condizione che il blocco sia abilitato.",
    "Description:Abp.Identity.SignIn.RequireConfirmedEmail": "Indica se è necessario un indirizzo email confermato per accedere.",
    "Description:Abp.Identity.SignIn.EnablePhoneNumberConfirmation": "Se il phoneNumber può essere confermato dall'utente.",
    "Description:Abp.Identity.SignIn.RequireConfirmedPhoneNumber": "Indica se è necessario un numero di telefono confermato per accedere.",
    "Description:Abp.Identity.User.IsUserNameUpdateEnabled": "Se il nome utente può essere aggiornato dall'utente.",
    "Description:Abp.Identity.User.IsEmailUpdateEnabled": "Se l'email può essere aggiornata dall'utente."
  }
}