{
  "culture": "pl-PL",
  "texts": {
    "Menu:IdentityManagement": "Zarządzanie tożsamością",
    "Users": "Użytkownicy",
    "NewUser": "Nowy użytkownik",
    "UserName": "Nazwa użytkownika",
    "EmailAddress": "Adres email",
    "PhoneNumber": "Numer telefonu",
    "UserInformations": "Notyfikacje użytkownika",
    "DisplayName:IsDefault": "Domyślny",
    "DisplayName:IsStatic": "Statyczny",
    "DisplayName:IsPublic": "Publiczny",
    "Roles": "Role",
    "Password": "Hasło",
    "PersonalInfo": "Mój profil",
    "PersonalSettings": "Ustawienia personalne",
    "UserDeletionConfirmationMessage": "Użytkownik '{0}' zostanie usunięty. Czy na pewno?",
    "RoleDeletionConfirmationMessage": "Rola '{0}' zostanie usunięta. Czy na pewno?",
    "DisplayName:RoleName": "Nazwa roli",
    "DisplayName:UserName": "Nazwa użytkownika",
    "DisplayName:Name": "Imię",
    "DisplayName:Surname": "Nazwisko",
    "DisplayName:Password": "Hasło",
    "DisplayName:Email": "Adres email",
    "DisplayName:PhoneNumber": "Numer telefonu",
    "DisplayName:TwoFactorEnabled": "Dwustopniowa weryfikacja",
    "DisplayName:LockoutEnabled": "Blokowanie konta po nieudanych próbach zalogowania",
    "NewRole": "Nowa rola",
    "RoleName": "Nazwa roli",
    "CreationTime": "Data utworzenia",
    "Permissions": "Uprawnienia",
    "DisplayName:CurrentPassword": "Aktualne hasło",
    "DisplayName:NewPassword": "Nowe hasło",
    "DisplayName:NewPasswordConfirm": "Powtierdź nowe hasło",
    "PasswordChangedMessage": "Twoje hasło zostało zmienione pomyślnie.",
    "PersonalSettingsSavedMessage": "Twoje personalne ustawienia zostały zapisane pomyślnie.",
    "Volo.Abp.Identity:DefaultError": "Wystąpił niespodziewany błąd.",
    "Volo.Abp.Identity:ConcurrencyFailure": "Optymistyczny błąd współbierzności, obiekt został zmodyfikowany.",
    "Volo.Abp.Identity:DuplicateEmail": "Email '{0}' już istnieje.",
    "Volo.Abp.Identity:DuplicateRoleName": "Rola '{0}' już istnieje.",
    "Volo.Abp.Identity:DuplicateUserName": "Nazwa użytkownika '{0}' już istnieje.",
    "Volo.Abp.Identity:InvalidEmail": "Email '{0}' jest niepoprawny.",
    "Volo.Abp.Identity:InvalidPasswordHasherCompatibilityMode": "Dostawca PasswordHasherCompatibilityMode jest niepoprawny.",
    "Volo.Abp.Identity:InvalidPasswordHasherIterationCount": "Wartość iteracji musi być większa od zera.",
    "Volo.Abp.Identity:InvalidRoleName": "Rola '{0}' jest niepoprawna.",
    "Volo.Abp.Identity:InvalidToken": "Niepoprawny token.",
    "Volo.Abp.Identity:InvalidUserName": "Nazwa użytkownika '{0}' jest niepoprawna, może zawierać tylko litery i cyfry.",
    "Volo.Abp.Identity:LoginAlreadyAssociated": "Użytkownik o tym loginie już istnieje.",
    "Volo.Abp.Identity:PasswordMismatch": "Niepoprawne hasło.",
    "Volo.Abp.Identity:PasswordRequiresDigit": "Hasło musi zawierać przynajmniej jedną cyfrę ('0'-'9').",
    "Volo.Abp.Identity:PasswordRequiresLower": "Hasło musi zawierać przynajmniej jedną małą literę ('a'-'z').",
    "Volo.Abp.Identity:PasswordRequiresNonAlphanumeric": "Hasło musi zawierać przynajmniej jeden znak alfanumeryczny.",
    "Volo.Abp.Identity:PasswordRequiresUpper": "Hasło musi zawierać przynajmniej jedną wielką literę ('A'-'Z').",
    "Volo.Abp.Identity:PasswordTooShort": "Hasło musi zawierać przynajmnie {0} znaków.",
    "Volo.Abp.Identity:RoleNotFound": "Rola {0} nie istnieje.",
    "Volo.Abp.Identity:UserAlreadyHasPassword": "Użytkownik ma już ustawione hasło.",
    "Volo.Abp.Identity:UserAlreadyInRole": "Użytkownik jest już przypisany do roli '{0}'.",
    "Volo.Abp.Identity:UserLockedOut": "Użytkownik jest zablokowany.",
    "Volo.Abp.Identity:UserLockoutNotEnabled": "Blokada nie jest włączona dla tego użytkownika.",
    "Volo.Abp.Identity:UserNameNotFound": "Użytkownik {0} nie istnieje.",
    "Volo.Abp.Identity:UserNotInRole": "Użytkownik nie posiada roli '{0}'.",
    "Volo.Abp.Identity:PasswordConfirmationFailed": "Podane hasła różnią się od siebie.",
    "Volo.Abp.Identity:010005": "Statyczna rola nie może mieć zmienionej nazwy.",
    "Volo.Abp.Identity:010006": "Statyczna rola nie może zostać usunięta.",
    "Volo.Abp.Identity:010001": "Nie możesz usunąć swojego własnego konta!",
    "Permission:IdentityManagement": "Zarządzanie tożsamością",
    "Permission:RoleManagement": "Zarządanie rolami",
    "Permission:Create": "Utwórz",
    "Permission:Edit": "Edytuj",
    "Permission:Delete": "Usuń",
    "Permission:ChangePermissions": "Zmień uprawnienia",
    "Permission:UserManagement": "Zarządzanie użytkownikami",
    "Permission:UserLookup": "Wyszukiwanie użytkownika"
  }
}
