{
  "culture": "pt-BR",
  "texts": {
    "Menu:IdentityManagement": "Acessos",
    "Users": "Usuários",
    "NewUser": "Novo Usuário",
    "UserName": "Usuário",
    "EmailAddress": "E-mail",
    "PhoneNumber": "Telefone",
    "UserInformations": "Informações do Usuário",
    "DisplayName:IsDefault": "Padrão",
    "DisplayName:IsStatic": "Estático",
    "DisplayName:IsPublic": "Público",
    "Roles": "Perfis",
    "Password": "Senha",
    "PersonalInfo": "Meu Perfil",
    "PersonalSettings": "Configurações Pessoais",
    "UserDeletionConfirmationMessage": "O Usuário '{0}' será excluído. Você tem certeza?",
    "RoleDeletionConfirmationMessage": "O Perfil '{0}' será excluído. Você tem certeza?",
    "DisplayName:RoleName": "Perfil",
    "DisplayName:UserName": "Usuário",
    "DisplayName:Name": "Nome",
    "DisplayName:Surname": "Sobrenome",
    "DisplayName:Password": "Senha",
    "DisplayName:Email": "E-mail",
    "DisplayName:PhoneNumber": "Telefone",
    "DisplayName:TwoFactorEnabled": "Verificação em dois fatores",
    "DisplayName:LockoutEnabled": "Bloquear conta após falhas ao entrar",
    "NewRole": "Novo Perfil",
    "RoleName": "Perfil",
    "CreationTime": "Data de Criação",
    "Permissions": "Permissões",
    "DisplayName:CurrentPassword": "Senha Atual",
    "DisplayName:NewPassword": "Nova Senha",
    "DisplayName:NewPasswordConfirm": "Confirmar nova senha",
    "PasswordChangedMessage": "Sua senha foi alterada com sucesso.",
    "PersonalSettingsSavedMessage": "Suas configurações pessoais foram salvas com sucesso.",
    "Volo.Abp.Identity:DefaultError": "Ocorreu uma falha desconhecida.",
    "Volo.Abp.Identity:ConcurrencyFailure": "Falha de concorrência otimista, o objeto foi modificado.",
    "Volo.Abp.Identity:DuplicateEmail": "O e-mail '{0}' já está em uso.",
    "Volo.Abp.Identity:DuplicateRoleName": "O nome de perfil '{0}' já está em uso.",
    "Volo.Abp.Identity:DuplicateUserName": "O usuário '{0}' já está em uso.",
    "Volo.Abp.Identity:InvalidEmail": "E-mail '{0}' inválido.",
    "Volo.Abp.Identity:InvalidPasswordHasherCompatibilityMode": "O PasswordHasherCompatibilityMode é inválido.",
    "Volo.Abp.Identity:InvalidPasswordHasherIterationCount": "A contagem de iterações deve ser um inteiro positivo.",
    "Volo.Abp.Identity:InvalidRoleName": "Perfil '{0}' inválido.",
    "Volo.Abp.Identity:InvalidToken": "Token inválido.",
    "Volo.Abp.Identity:InvalidUserName": "Usuário '{0}' é inválido, somente pode conter letras ou números.",
    "Volo.Abp.Identity:LoginAlreadyAssociated": "Um usuário com este login já existe.",
    "Volo.Abp.Identity:PasswordMismatch": "Senha incorreta.",
    "Volo.Abp.Identity:PasswordRequiresDigit": "Senhas devem possuir pelo menos um dígito ('0'-'9').",
    "Volo.Abp.Identity:PasswordRequiresLower": "Senhas devem possuir pelo menos uma letra minúscula ('a'-'z').",
    "Volo.Abp.Identity:PasswordRequiresNonAlphanumeric": "Senhas devem possuir pelo menos um caractere especial.",
    "Volo.Abp.Identity:PasswordRequiresUpper": "Senhas devem possuir pelo menos uma letra maiúscula ('A'-'Z').",
    "Volo.Abp.Identity:PasswordTooShort": "Senhas devem possuir pelo menos {0} caracteres.",
    "Volo.Abp.Identity:RoleNotFound": "Perfil {0} não existe.",
    "Volo.Abp.Identity:UserAlreadyHasPassword": "O usuário já possui uma senha.",
    "Volo.Abp.Identity:UserAlreadyInRole": "Usuário já possui o perfil '{0}'.",
    "Volo.Abp.Identity:UserLockedOut": "O usuário está bloqueado.",
    "Volo.Abp.Identity:UserLockoutNotEnabled": "Este usuário não pode ser bloqueado.",
    "Volo.Abp.Identity:UserNameNotFound": "Usuário {0} não existe.",
    "Volo.Abp.Identity:UserNotInRole": "Usuário não está no perfil '{0}'.",
    "Volo.Abp.Identity:PasswordConfirmationFailed": "A senha não confere com a confirmação de senha.",
    "Volo.Abp.Identity:010005": "Perfis estáticos não podem ser renomeados.",
    "Volo.Abp.Identity:010006": "Perfis estáticos não podem ser excluídos.",
    "Volo.Abp.Identity:010004": "Já existe uma unidade organizacional com o nome {0}. Duas unidades com o mesmo nome não pode ser criada no mesmo nível.",
    "Volo.Abp.Identity:010001": "Você não pode deletar sua própria conta!",
    "Permission:IdentityManagement": "Acessos",
    "Permission:RoleManagement": "Perfis",
    "Permission:Create": "Criar",
    "Permission:Edit": "Editar",
    "Permission:Delete": "Excluir",
    "Permission:ChangePermissions": "Alterar Permissões",
    "Permission:UserManagement": "Usuários",
    "Permission:UserLookup": "Pesquisa de usuário"
  }
}
