{
  "name": "Volo.Abp.Users.MongoDB",
  "hash": "82e8e7c375e34c2056666943d773d7b8",
  "contents": [
    {
      "namespace": "Volo.Abp.Users.MongoDB",
      "dependsOnModules": [
        {
          "declaringAssemblyName": "Volo.Abp.Users.Domain",
          "namespace": "Volo.Abp.Users",
          "name": "AbpUsersDomainModule"
        },
        {
          "declaringAssemblyName": "Volo.Abp.MongoDB",
          "namespace": "Volo.Abp.MongoDB",
          "name": "AbpMongoDbModule"
        }
      ],
      "contentType": "abpModule",
      "name": "AbpUsersMongoDbModule",
      "summary": null
    }
  ]
}