{
  "name": "Volo.Abp.Users.MongoDB",
  "hash": "6237102f4f2e2a53aacdefe11a91610c",
  "contents": [
    {
      "namespace": "Volo.Abp.Users.MongoDB",
      "dependsOnModules": [
        {
          "declaringAssemblyName": "Volo.Abp.Users.Domain",
          "namespace": "Volo.Abp.Users",
          "name": "AbpUsersDomainModule"
        },
        {
          "declaringAssemblyName": "Volo.Abp.MongoDB",
          "namespace": "Volo.Abp.MongoDB",
          "name": "AbpMongoDbModule"
        }
      ],
      "contentType": "abpModule",
      "name": "AbpUsersMongoDbModule",
      "summary": null
    }
  ]
}