{
  "culture": "fi",
  "texts": {
    "Settings": "asetukset",
    "SuccessfullySaved": "Tallentaminen onnistui",
    "Permission:SettingManagement": "Asetusten hallinta",
    "Permission:Emailing": "Sähköpostiviestit",
    "Menu:Emailing": "Sähköpostiviestit",
    "SmtpHost": "Isäntä",
    "SmtpPort": "Satama",
    "SmtpUserName": "Käyttäjänimi",
    "SmtpPassword": "Salasana",
    "SmtpDomain": "Verkkotunnus",
    "SmtpEnableSsl": "Ota käyttöön ssl",
    "SmtpUseDefaultCredentials": "Käytä oletusarvoisia tunnistetietoja",
    "DefaultFromAddress": "Oletus osoitteesta",
    "DefaultFromDisplayName": "Oletus näyttönimestä",
    "Feature:SettingManagementGroup": "Asetusten hallinta",
    "Feature:SettingManagementEnable": "Ota asetusten hallinta käyttöön",
    "Feature:SettingManagementEnableDescription": "Ota asetustenhallintajärjestelmä käyttöön sovelluksessa.",
    "Feature:AllowChangingEmailSettings": "Salli sähköpostiasetusten muuttaminen.",
    "Feature:AllowChangingEmailSettingsDescription": "Salli sähköpostiasetusten muuttaminen."
  }
}
