{
  "culture": "nl",
  "texts": {
    "Settings": "Instellingen",
    "SuccessfullySaved": "Succesvol opgeslagen",
    "Permission:SettingManagement": "Instellingenbeheer",
    "Permission:Emailing": "E-mail",
    "Menu:Emailing": "E-mail",
    "SmtpHost": "Host",
    "SmtpPort": "Poort",
    "SmtpUserName": "Gebruikersnaam",
    "SmtpPassword": "Wachtwoord",
    "SmtpDomain": "Domein",
    "SmtpEnableSsl": "Gebruik ssl",
    "SmtpUseDefaultCredentials": "Gebruik standaard inloggegevens",
    "DefaultFromAddress": "Standaard 'van'-adres",
    "DefaultFromDisplayName": "Standaard 'van'-adres weergavenaam",
    "Feature:SettingManagementGroup": "Instellingsbeheer",
    "Feature:SettingManagementEnable": "Instellingenbeheer inschakelen",
    "Feature:SettingManagementEnableDescription": "Schakel het instellingsbeheersysteem in de toepassing in.",
    "Feature:AllowTenantsToChangeEmailSettings": "Sta huurders toe om e-mailinstellingen te wijzigen.",
    "Feature:AllowTenantsToChangeEmailSettingsDescription": "Sta huurders toe om e-mailinstellingen te wijzigen."
  }
}