{
  "name": "Volo.Abp.AuditLogging.EntityFrameworkCore",
  "hash": "b9ce87b806448d2bb93d7d25a4e6cc6a",
  "contents": [
    {
      "namespace": "Volo.Abp.AuditLogging.EntityFrameworkCore",
      "dependsOnModules": [
        {
          "declaringAssemblyName": "Volo.Abp.AuditLogging.Domain",
          "namespace": "Volo.Abp.AuditLogging",
          "name": "AbpAuditLoggingDomainModule"
        },
        {
          "declaringAssemblyName": "Volo.Abp.EntityFrameworkCore",
          "namespace": "Volo.Abp.EntityFrameworkCore",
          "name": "AbpEntityFrameworkCoreModule"
        }
      ],
      "contentType": "abpModule",
      "name": "AbpAuditLoggingEntityFrameworkCoreModule",
      "summary": null
    },
    {
      "namespace": "Volo.Abp.AuditLogging.EntityFrameworkCore",
      "connectionStringName": "AbpAuditLogging",
      "databaseTables": [
        {
          "entityFullName": "Volo.Abp.AuditLogging.AuditLog",
          "contentType": "databaseTable",
          "name": "AbpAuditLogs",
          "summary": null
        },
        {
          "entityFullName": "Volo.Abp.AuditLogging.AuditLogAction",
          "contentType": "databaseTable",
          "name": "AbpAuditLogActions",
          "summary": null
        },
        {
          "entityFullName": "Volo.Abp.AuditLogging.EntityChange",
          "contentType": "databaseTable",
          "name": "AbpEntityChanges",
          "summary": null
        },
        {
          "entityFullName": "Volo.Abp.AuditLogging.EntityPropertyChange",
          "contentType": "databaseTable",
          "name": "AbpEntityPropertyChanges",
          "summary": null
        }
      ],
      "contentType": "efCoreDbContext",
      "name": "AbpAuditLoggingDbContext",
      "summary": null
    }
  ]
}