{
  "name": "Volo.Abp.PermissionManagement.Domain.Identity",
  "hash": "54e283dc90f2e0c60bbd0c51ecfe75d3",
  "contents": [
    {
      "namespace": "Volo.Abp.PermissionManagement.Identity",
      "dependsOnModules": [
        {
          "declaringAssemblyName": "Volo.Abp.Identity.Domain.Shared",
          "namespace": "Volo.Abp.Identity",
          "name": "AbpIdentityDomainSharedModule"
        },
        {
          "declaringAssemblyName": "Volo.Abp.PermissionManagement.Domain",
          "namespace": "Volo.Abp.PermissionManagement",
          "name": "AbpPermissionManagementDomainModule"
        }
      ],
      "contentType": "abpModule",
      "name": "AbpPermissionManagementDomainIdentityModule",
      "summary": null
    }
  ]
}