{
  "name": "Volo.CmsKit.HttpApi.Host",
  "hash": "7a947e11444863ea030ed9243db7db41",
  "contents": [
    {
      "namespace": "Volo.CmsKit",
      "dependsOnModules": [
        {
          "declaringAssemblyName": "Volo.CmsKit.Application",
          "namespace": "Volo.CmsKit",
          "name": "CmsKitApplicationModule"
        },
        {
          "declaringAssemblyName": "Volo.CmsKit.EntityFrameworkCore",
          "namespace": "Volo.CmsKit.EntityFrameworkCore",
          "name": "CmsKitEntityFrameworkCoreModule"
        },
        {
          "declaringAssemblyName": "Volo.CmsKit.HttpApi",
          "namespace": "Volo.CmsKit",
          "name": "CmsKitHttpApiModule"
        },
        {
          "declaringAssemblyName": "Volo.Abp.AspNetCore.Mvc.UI.MultiTenancy",
          "namespace": "Volo.Abp.AspNetCore.Mvc.UI.MultiTenancy",
          "name": "AbpAspNetCoreMvcUiMultiTenancyModule"
        },
        {
          "declaringAssemblyName": "Volo.Abp.Autofac",
          "namespace": "Volo.Abp.Autofac",
          "name": "AbpAutofacModule"
        },
        {
          "declaringAssemblyName": "Volo.Abp.Caching.StackExchangeRedis",
          "namespace": "Volo.Abp.Caching.StackExchangeRedis",
          "name": "AbpCachingStackExchangeRedisModule"
        },
        {
          "declaringAssemblyName": "Volo.Abp.EntityFrameworkCore.SqlServer",
          "namespace": "Volo.Abp.EntityFrameworkCore.SqlServer",
          "name": "AbpEntityFrameworkCoreSqlServerModule"
        },
        {
          "declaringAssemblyName": "Volo.Abp.AuditLogging.EntityFrameworkCore",
          "namespace": "Volo.Abp.AuditLogging.EntityFrameworkCore",
          "name": "AbpAuditLoggingEntityFrameworkCoreModule"
        },
        {
          "declaringAssemblyName": "Volo.Abp.PermissionManagement.EntityFrameworkCore",
          "namespace": "Volo.Abp.PermissionManagement.EntityFrameworkCore",
          "name": "AbpPermissionManagementEntityFrameworkCoreModule"
        },
        {
          "declaringAssemblyName": "Volo.Abp.SettingManagement.EntityFrameworkCore",
          "namespace": "Volo.Abp.SettingManagement.EntityFrameworkCore",
          "name": "AbpSettingManagementEntityFrameworkCoreModule"
        },
        {
          "declaringAssemblyName": "Volo.Abp.AspNetCore.Serilog",
          "namespace": "Volo.Abp.AspNetCore.Serilog",
          "name": "AbpAspNetCoreSerilogModule"
        },
        {
          "declaringAssemblyName": "Volo.Abp.BlobStoring.Database.EntityFrameworkCore",
          "namespace": "Volo.Abp.BlobStoring.Database.EntityFrameworkCore",
          "name": "BlobStoringDatabaseEntityFrameworkCoreModule"
        }
      ],
      "contentType": "abpModule",
      "name": "CmsKitHttpApiHostModule",
      "summary": null
    }
  ]
}