{
  "name": "Volo.Abp.AspNetCore.Components.Server.BasicTheme",
  "hash": "0de17c2b2b1879d133e410d6d0f8a2b8",
  "contents": [
    {
      "namespace": "Volo.Abp.AspNetCore.Components.Server.BasicTheme",
      "dependsOnModules": [
        {
          "declaringAssemblyName": "Volo.Abp.AspNetCore.Components.Web.BasicTheme",
          "namespace": "Volo.Abp.AspNetCore.Components.Web.BasicTheme",
          "name": "AbpAspNetCoreComponentsWebBasicThemeModule"
        },
        {
          "declaringAssemblyName": "Volo.Abp.AspNetCore.Components.Server.Theming",
          "namespace": "Volo.Abp.AspNetCore.Components.Server.Theming",
          "name": "AbpAspNetCoreComponentsServerThemingModule"
        }
      ],
      "implementingInterfaces": [
        {
          "name": "IAbpModule",
          "namespace": "Volo.Abp.Modularity",
          "declaringAssemblyName": "Volo.Abp.Core",
          "fullName": "Volo.Abp.Modularity.IAbpModule"
        },
        {
          "name": "IOnPreApplicationInitialization",
          "namespace": "Volo.Abp.Modularity",
          "declaringAssemblyName": "Volo.Abp.Core",
          "fullName": "Volo.Abp.Modularity.IOnPreApplicationInitialization"
        },
        {
          "name": "IOnApplicationInitialization",
          "namespace": "Volo.Abp",
          "declaringAssemblyName": "Volo.Abp.Core",
          "fullName": "Volo.Abp.IOnApplicationInitialization"
        },
        {
          "name": "IOnPostApplicationInitialization",
          "namespace": "Volo.Abp.Modularity",
          "declaringAssemblyName": "Volo.Abp.Core",
          "fullName": "Volo.Abp.Modularity.IOnPostApplicationInitialization"
        },
        {
          "name": "IOnApplicationShutdown",
          "namespace": "Volo.Abp",
          "declaringAssemblyName": "Volo.Abp.Core",
          "fullName": "Volo.Abp.IOnApplicationShutdown"
        },
        {
          "name": "IPreConfigureServices",
          "namespace": "Volo.Abp.Modularity",
          "declaringAssemblyName": "Volo.Abp.Core",
          "fullName": "Volo.Abp.Modularity.IPreConfigureServices"
        },
        {
          "name": "IPostConfigureServices",
          "namespace": "Volo.Abp.Modularity",
          "declaringAssemblyName": "Volo.Abp.Core",
          "fullName": "Volo.Abp.Modularity.IPostConfigureServices"
        }
      ],
      "contentType": "abpModule",
      "name": "AbpAspNetCoreComponentsServerBasicThemeModule",
      "summary": null
    }
  ]
}