{
  "name": "Volo.Abp.AspNetCore.Components.Server.BasicTheme",
  "hash": "3ec597ffa0e621e6e5fe39a5cc444f8f",
  "contents": [
    {
      "namespace": "Volo.Abp.AspNetCore.Components.Server.BasicTheme",
      "dependsOnModules": [
        {
          "declaringAssemblyName": "Volo.Abp.AspNetCore.Components.Web.BasicTheme",
          "namespace": "Volo.Abp.AspNetCore.Components.Web.BasicTheme",
          "name": "AbpAspNetCoreComponentsWebBasicThemeModule"
        },
        {
          "declaringAssemblyName": "Volo.Abp.AspNetCore.Components.Server.Theming",
          "namespace": "Volo.Abp.AspNetCore.Components.Server.Theming",
          "name": "AbpAspNetCoreComponentsServerThemingModule"
        }
      ],
      "contentType": "abpModule",
      "name": "AbpAspNetCoreComponentsServerBasicThemeModule",
      "summary": null
    }
  ]
}