{
  "name": "Volo.Docs.Application.Contracts",
  "hash": "5d673fdf2a2a25b50957e4f0daa6bbb4",
  "contents": [
    {
      "namespace": "Volo.Docs",
      "dependsOnModules": [
        {
          "declaringAssemblyName": "Volo.Docs.Domain.Shared",
          "namespace": "Volo.Docs",
          "name": "DocsDomainSharedModule"
        },
        {
          "declaringAssemblyName": "Volo.Abp.Ddd.Application.Contracts",
          "namespace": "Volo.Abp.Application",
          "name": "AbpDddApplicationContractsModule"
        }
      ],
      "contentType": "abpModule",
      "name": "DocsApplicationContractsModule",
      "summary": null
    }
  ]
}