{
  "culture": "cs",
  "texts": {
    "UserName": "Uživatelské jméno",
    "EmailAddress": "Email",
    "UserNameOrEmailAddress": "Uživatelské jméno nebo email",
    "Password": "Heslo",
    "RememberMe": "Zapamatovat si mě",
    "UseAnotherServiceToLogin": "Použít jinou službu k přihlášení",
    "UserLockedOutMessage": "Tento účet byl uzamčen z důvodu neúspěšných přihlášení. Přihlaste se prosím později.",
    "InvalidUserNameOrPassword": "Neplatné uživatelské jméno nebo heslo!",
    "LoginIsNotAllowed": "Není vám dovoleno se přihlásit! Musíte první potvrdit email/telefonní číslo.",
    "SelfRegistrationDisabledMessage": "Vlastní registrace uživatele není povolena. K vytvoření účtu kontaktujte správce.",
    "LocalLoginDisabledMessage": "Místní přihlášení je pro tuto aplikaci zakázáno.",
    "Login": "Přihlásit",
    "Cancel": "Zrušit",
    "Register": "Registrovat",
    "AreYouANewUser": "Jste nový uživatel?",
    "AlreadyRegistered": "Jste už zaregistrovaní?",
    "InvalidLoginRequest": "Neplatný požadavek k přihlášení",
    "ThereAreNoLoginSchemesConfiguredForThisClient": "Pro tohoto klienta nejsou nakonfigurovány žádné přihlašovací schémata.",
    "LogInUsingYourProviderAccount": "Přihlásit pomocí vašeho účtu {0}",
    "DisplayName:CurrentPassword": "Současné heslo",
    "DisplayName:NewPassword": "Nové heslo",
    "DisplayName:NewPasswordConfirm": "Potvrzení nového hesla",
    "PasswordChangedMessage": "Vaše heslo bylo úspěšně změněno.",
    "DisplayName:UserName": "Uživatelské jméno",
    "DisplayName:Email": "Email",
    "DisplayName:Name": "Jméno",
    "DisplayName:Surname": "Příjmení",
    "DisplayName:Password": "Heslo",
    "DisplayName:EmailAddress": "Email adresa",
    "DisplayName:PhoneNumber": "Telefonní číslo",
    "PersonalSettings": "Osobní nastavení",
    "PersonalSettingsSaved": "Osobní nastavení uloženo",
    "PasswordChanged": "Heslo změněno",
    "NewPasswordConfirmFailed": "Potvrďte nové heslo.",
    "Manage": "Spravovat",
    "MyAccount": "Můj účet",
    "DisplayName:Abp.Account.IsSelfRegistrationEnabled": "Je povolena automatická registrace",
    "Description:Abp.Account.IsSelfRegistrationEnabled": "Zda si uživatel může účet zaregistrovat sám.",
    "DisplayName:Abp.Account.EnableLocalLogin": "Ověření pomocí místního účtu",
    "Description:Abp.Account.EnableLocalLogin": "Označuje, zda server umožní uživatelům ověřovat se pomocí místního účtu.",
    "LoggedOutTitle": "Odhlášeno",
    "LoggedOutText": "Byli jste odhlášeni a brzy budete přesměrováni.",
    "ReturnToText": "Kliknutím sem se vrátíte do aplikace"
  }
}
