{
  "culture": "pl-PL",
  "texts": {
    "UserName": "Nazwa użytkownika",
    "EmailAddress": "Adres email",
    "UserNameOrEmailAddress": "Nazwa użytkownia lub adres email",
    "Password": "Hasło",
    "RememberMe": "Zapamiętaj mnie",
    "UseAnotherServiceToLogin": "Użyj innej usługi do zalogowania się",
    "UserLockedOutMessage": "Konto użytkownika zostało zablokowane po nieudanych próbach zalogowania. Odczekaj chwilę i spróbuj ponownie.",
    "InvalidUserNameOrPassword": "Niepoprawna nazwa użytkownika lub hasło!",
    "LoginIsNotAllowed": "Nie jesteś uprawniony do logowania! Musisz potwierdzić swój email/numer telefonu.",
    "SelfRegistrationDisabledMessage": "Rejestracja użytkowników jest wyłączona dla tej aplikacji. Skontaktuj się z administratorem aplikacji w celu rejestracji nowego użytkownika.",
    "Login": "Zaloguj",
    "Cancel": "Anuluj",
    "Register": "Zarejestruj",
    "InvalidLoginRequest": "Logowanie nieudane",
    "ThereAreNoLoginSchemesConfiguredForThisClient": "Nie istnieje skonfigurany schemat logowania dla użytkownika.",
    "LogInUsingYourProviderAccount": "Zaloguj używając konta {0}"
  }
}