{
  "culture": "vi",
  "texts": {
    "UserName": "Tên đăng nhập",
    "EmailAddress": "Địa chỉ email",
    "UserNameOrEmailAddress": "Tên đăng nhập hoặc địa chỉ email",
    "Password": "Mật khẩu",
    "RememberMe": "Ghi nhớ",
    "UseAnotherServiceToLogin": "Sử dụng dịch vụ khác để đăng nhập",
    "UserLockedOutMessage": "Tài khoản người dùng đã bị khóa do các nỗ lực đăng nhập không hợp lệ. Xin vui lòng chờ một lúc và thử lại.",
    "InvalidUserNameOrPassword": "Sai tên tài khoản hoặc mật khẩu!",
    "LoginIsNotAllowed": "Bạn không được phép đăng nhập! Bạn cần xác nhận email/số điện thoại của bạn.",
    "SelfRegistrationDisabledMessage": "Tự đăng ký người dùng bị vô hiệu hóa cho ứng dụng này. Liên hệ với quản trị viên ứng dụng để đăng ký người dùng mới.",
    "Login": "Đăng nhập",
    "Cancel": "Hủy bỏ",
    "Register": "Đăng ký",
    "InvalidLoginRequest": "Yêu cầu đăng nhập không hợp lệ",
    "ThereAreNoLoginSchemesConfiguredForThisClient": "Không có chương trình đăng nhập được cấu hình cho khách hàng này.",
    "LogInUsingYourProviderAccount": "Đăng nhập bằng tài khoản {0} của bạn"
  }
}
