{
  "culture": "fr",
  "texts": {
    "Settings": "Paramètres",
    "SuccessfullySaved": "Enregistré avec succès",
    "Permission:SettingManagement": "Gestion des paramètres",
    "Permission:Emailing": "Envoi par e-mail",
    "Menu:Emailing": "Envoi par e-mail",
    "SmtpHost": "Hôte",
    "SmtpPort": "Port",
    "SmtpUserName": "Nom d'utilisateur",
    "SmtpPassword": "Mot de passe",
    "SmtpDomain": "Domaine",
    "SmtpEnableSsl": "Activer SSL",
    "SmtpUseDefaultCredentials": "Utiliser les informations d'identification par défaut",
    "DefaultFromAddress": "Adresse par défaut",
    "DefaultFromDisplayName": "Valeur par défaut du nom d'affichage"
  }
}