{
  "name": "Volo.Abp.FeatureManagement.EntityFrameworkCore",
  "hash": "b0c908c44aaf0d22ce27a410ebbcabfc",
  "contents": [
    {
      "namespace": "Volo.Abp.FeatureManagement.EntityFrameworkCore",
      "dependsOnModules": [
        {
          "declaringAssemblyName": "Volo.Abp.FeatureManagement.Domain",
          "namespace": "Volo.Abp.FeatureManagement",
          "name": "AbpFeatureManagementDomainModule"
        },
        {
          "declaringAssemblyName": "Volo.Abp.EntityFrameworkCore",
          "namespace": "Volo.Abp.EntityFrameworkCore",
          "name": "AbpEntityFrameworkCoreModule"
        }
      ],
      "contentType": "abpModule",
      "name": "AbpFeatureManagementEntityFrameworkCoreModule",
      "summary": null
    },
    {
      "namespace": "Volo.Abp.FeatureManagement.EntityFrameworkCore",
      "connectionStringName": "AbpFeatureManagement",
      "databaseTables": [
        {
          "entityFullName": "Volo.Abp.FeatureManagement.FeatureValue",
          "contentType": "databaseTable",
          "name": "AbpFeatureValues",
          "summary": null
        }
      ],
      "contentType": "efCoreDbContext",
      "name": "FeatureManagementDbContext",
      "summary": null
    }
  ]
}