{
  "name": "Volo.Abp.AspNetCore.Mvc.UI.Theme.Basic",
  "hash": "1342d58d067d434fe8dfa7dc4859d306",
  "contents": [
    {
      "namespace": "Volo.Abp.AspNetCore.Mvc.UI.Theme.Basic",
      "dependsOnModules": [
        {
          "declaringAssemblyName": "Volo.Abp.AspNetCore.Mvc.UI.Theme.Shared",
          "namespace": "Volo.Abp.AspNetCore.Mvc.UI.Theme.Shared",
          "name": "AbpAspNetCoreMvcUiThemeSharedModule"
        },
        {
          "declaringAssemblyName": "Volo.Abp.AspNetCore.Mvc.UI.MultiTenancy",
          "namespace": "Volo.Abp.AspNetCore.Mvc.UI.MultiTenancy",
          "name": "AbpAspNetCoreMvcUiMultiTenancyModule"
        }
      ],
      "contentType": "abpModule",
      "name": "AbpAspNetCoreMvcUiBasicThemeModule",
      "summary": null
    }
  ]
}