{
  "name": "Volo.Abp.Identity.EntityFrameworkCore",
  "hash": "1a49ef9a167e2d613a5d2016badff805",
  "contents": [
    {
      "namespace": "Volo.Abp.Identity.EntityFrameworkCore",
      "dependsOnModules": [
        {
          "declaringAssemblyName": "Volo.Abp.Identity.Domain",
          "namespace": "Volo.Abp.Identity",
          "name": "AbpIdentityDomainModule"
        },
        {
          "declaringAssemblyName": "Volo.Abp.Users.EntityFrameworkCore",
          "namespace": "Volo.Abp.Users.EntityFrameworkCore",
          "name": "AbpUsersEntityFrameworkCoreModule"
        }
      ],
      "contentType": "abpModule",
      "name": "AbpIdentityEntityFrameworkCoreModule",
      "summary": null
    },
    {
      "namespace": "Volo.Abp.Identity.EntityFrameworkCore",
      "connectionStringName": "AbpIdentity",
      "databaseTables": [
        {
          "entityFullName": "Volo.Abp.Identity.IdentityClaimType",
          "contentType": "databaseTable",
          "name": "AbpClaimTypes",
          "summary": null
        },
        {
          "entityFullName": "Volo.Abp.Identity.IdentityLinkUser",
          "contentType": "databaseTable",
          "name": "AbpLinkUsers",
          "summary": null
        },
        {
          "entityFullName": "Volo.Abp.Identity.IdentityRole",
          "contentType": "databaseTable",
          "name": "AbpRoles",
          "summary": null
        },
        {
          "entityFullName": "Volo.Abp.Identity.IdentityRoleClaim",
          "contentType": "databaseTable",
          "name": "AbpRoleClaims",
          "summary": null
        },
        {
          "entityFullName": "Volo.Abp.Identity.IdentitySecurityLog",
          "contentType": "databaseTable",
          "name": "AbpSecurityLogs",
          "summary": null
        },
        {
          "entityFullName": "Volo.Abp.Identity.IdentityUser",
          "contentType": "databaseTable",
          "name": "AbpUsers",
          "summary": null
        },
        {
          "entityFullName": "Volo.Abp.Identity.IdentityUserClaim",
          "contentType": "databaseTable",
          "name": "AbpUserClaims",
          "summary": null
        },
        {
          "entityFullName": "Volo.Abp.Identity.IdentityUserLogin",
          "contentType": "databaseTable",
          "name": "AbpUserLogins",
          "summary": null
        },
        {
          "entityFullName": "Volo.Abp.Identity.IdentityUserOrganizationUnit",
          "contentType": "databaseTable",
          "name": "AbpUserOrganizationUnits",
          "summary": null
        },
        {
          "entityFullName": "Volo.Abp.Identity.IdentityUserRole",
          "contentType": "databaseTable",
          "name": "AbpUserRoles",
          "summary": null
        },
        {
          "entityFullName": "Volo.Abp.Identity.IdentityUserToken",
          "contentType": "databaseTable",
          "name": "AbpUserTokens",
          "summary": null
        },
        {
          "entityFullName": "Volo.Abp.Identity.OrganizationUnit",
          "contentType": "databaseTable",
          "name": "AbpOrganizationUnits",
          "summary": null
        },
        {
          "entityFullName": "Volo.Abp.Identity.OrganizationUnitRole",
          "contentType": "databaseTable",
          "name": "AbpOrganizationUnitRoles",
          "summary": null
        }
      ],
      "contentType": "efCoreDbContext",
      "name": "IdentityDbContext",
      "summary": "Base class for the Entity Framework database context used for identity."
    }
  ]
}