{
  "name": "Volo.Abp.VirtualFileExplorer.DemoApp",
  "hash": "ca8dd0364057406a1217f44359cdcd6b",
  "contents": [
    {
      "namespace": "Volo.Abp.VirtualFileExplorer.DemoApp",
      "dependsOnModules": [
        {
          "declaringAssemblyName": "Volo.Abp.Autofac",
          "namespace": "Volo.Abp.Autofac",
          "name": "AbpAutofacModule"
        },
        {
          "declaringAssemblyName": "Volo.Abp.AspNetCore.Mvc.UI.Theme.Basic",
          "namespace": "Volo.Abp.AspNetCore.Mvc.UI.Theme.Basic",
          "name": "AbpAspNetCoreMvcUiBasicThemeModule"
        },
        {
          "declaringAssemblyName": "Volo.Abp.VirtualFileExplorer.Web",
          "namespace": "Volo.Abp.VirtualFileExplorer.Web",
          "name": "AbpVirtualFileExplorerWebModule"
        }
      ],
      "contentType": "abpModule",
      "name": "AbpVirtualFileExplorerDemoAppModule",
      "summary": null
    }
  ]
}