{
  "culture": "tr",
  "texts": {
    "Volo.IdentityServer:DuplicateIdentityResourceName": "Identity Resource adı zaten mevcut: {Name}",
    "Volo.IdentityServer:DuplicateApiResourceName": "Api Resource adı zaten mevcut: {Name}",
    "Volo.IdentityServer:DuplicateClientId": "ClientId already zaten mevcut: {ClientId}",
    "UserLockedOut": "Kullanıcı hesabı hatalı giriş denemeleri nedeniyle kilitlenmiştir. Lütfen bir süre bekleyip tekrar deneyin.",
    "InvalidUserNameOrPassword": "Kullanıcı adı ya da şifre geçersiz!",
    "LoginIsNotAllowed": "Giriş yapmanıza izin verilmiyor! Hesabınız etkin değil veya e-postanızı/telefon numaranızı onaylamanız gerekiyor.",
    "InvalidUsername": "Kullanıcı adı ya da şifre geçersiz!",
    "InvalidAuthenticatorCode": "Geçersiz kimlik doğrulama kodu!",
    "TheTargetUserIsNotLinkedToYou": "Hedef kullanıcı sizinle bağlantılı değil!"
  }
}
