{
  "culture": "de",
  "texts": {
    "Documents": "Dokumente",
    "BackToWebsite": "Zurück zur Website",
    "Contributors": "Mitwirkende",
    "ShareOn": "Teilen auf",
    "Version": "Version",
    "Edit": "Bearbeiten",
    "LastEditTime": "Letzte Bearbeitung",
    "Delete": "Löschen",
    "ClearCache": "Cache leeren",
    "ClearCacheConfirmationMessage": "Sind Sie sicher, alle Caches für das Projekt \"{0}\" zu löschen?",
    "ReIndexAllProjects": "Alle Projekte neu indizieren",
    "ReIndexProject": "Projekt neu indizieren",
    "ReIndexProjectConfirmationMessage": "Sind Sie sicher, dass Sie das Projekt \"{0}\" neu indizieren?",
    "SuccessfullyReIndexProject": "Neuindizierung für Projekt \"{0}\"",
    "ReIndexAllProjectConfirmationMessage": "Sind Sie sicher, alle Projekte neu zu indizieren?",
    "SuccessfullyReIndexAllProject": "Alle Projekte erfolgreich neu indizieren",
    "InThisDocument": "In diesem Dokument",
    "GoToTop": "Nach oben",
    "Projects": "Projekt(e)",
    "NoProjectWarning": "Es gibt noch keine Projekte!",
    "DocumentNotFound": "Hoppla, das angeforderte Dokument wurde nicht gefunden!",
    "ProjectNotFound": "Hoppla, das angeforderte Projekt wurde nicht gefunden!",
    "NavigationDocumentNotFound": "Diese Version hat kein Navigationsdokument!",
    "DocumentNotFoundInSelectedLanguage": "Das Dokument wurde nicht in der von Ihnen gewünschten Sprache gefunden. Das Dokument wird in der Standardsprache angezeigt.",
    "FilterTopics": "Themen filtern",
    "FullSearch": "In Dokumenten suchen",
    "Volo.Docs.Domain:010001": "Elastic search ist nicht aktiviert.",
    "MultipleVersionDocumentInfo": "Dieses Dokument hat mehrere Versionen. Wählen Sie die für Sie am besten geeigneten Optionen aus.",
    "New": "Neu",
    "Upd": "Upd",
    "NewExplanation": "Erstellt in den letzten zwei Wochen.",
    "UpdatedExplanation": "Aktualisiert in den letzten zwei Wochen.",
    "Volo.Docs.Domain:010002": "Kurzname {ShortName} existiert bereits.",
    "Preview": "Vorschau",
    "Search": "Suchen",
    "SearchResults": "Suchergebnisse"
  }
}
