{
    "culture": "hu",
    "texts": {
      "Documents": "Dokumnetumok",
      "BackToWebsite": "Vissza a weboldalra",
      "Contributors": "Közreműködők",
      "ShareOn": "Ossza meg",
      "Version": "Verzió",
      "Edit": "Szerkesztés",
      "LastEditTime": "Utolsó módosítás",
      "Delete": "Törlés",
      "ClearCache": "Gyorsítótár törlése",
      "ClearCacheConfirmationMessage": "Biztosan törli az összes gyorsítótárat a projekthez \"{0}\"",
      "ReIndexAllProjects": "Újraindexálja az össze projectet",
      "ReIndexProject": "Project újraindexálása",
      "ReIndexProjectConfirmationMessage":"Biztosan újraindexeli a projektet \"{0}\"",
      "SuccessfullyReIndexProject": "Sikeresen újraindexelte a projektet \"{0}\"",
      "ReIndexAllProjectConfirmationMessage": "Biztosan újraindexeli az összes projektet?",
      "SuccessfullyReIndexAllProject": "Minden projekt újraindexelése sikeres",
      "InThisDocument": "Ebben a dokumentumban",
      "GoToTop": "Menj a tetejére",
      "Projects": "Projekt(ek)",
      "NoProjectWarning": "Még nincsenek projektek!",
      "DocumentNotFound": "Hoppá, a kért dokumentum nem található!",
      "ProjectNotFound": "Hoppá, a kért projekt nem található!",
      "NavigationDocumentNotFound": "Ez a verzió nem tartalmaz navigációs dokumentumot!",
      "DocumentNotFoundInSelectedLanguage": "A kívánt nyelven található dokumentum nem található. Megjelenik az alapértelmezett nyelvű dokumentum.",
      "FilterTopics": "Témák szűrése",
      "FullSearch": "Keresés a dokumentumokban",
      "Volo.Docs.Domain:010001": "A Elastic search nincs engedélyezve.",
      "MultipleVersionDocumentInfo": "Ennek a dokumentumnak több változata van. Válassza ki az Ön számára legmegfelelőbb lehetőségeket.",
      "New": "Új",
      "Upd": "Mód",
      "NewExplanation": "Az elmúlt két hétben készült.",
      "UpdatedExplanation": "Az elmúlt két hétben frissült.",
      "Volo.Docs.Domain:010002": "Rövid név {ShortName} már létezik."
    }
  }
  