﻿{
  "culture": "pl-PL",
  "texts": {
    "Documents": "Dokumenty",
    "BackToWebsite": "Powrót do strony",
    "Contributors": "Współtwórcy",
    "ShareOn": "Udostępnij",
    "Version": "Wersja",
    "Edit": "Edytuj",
    "Delete": "Usuń",
    "InThisDocument": "W tym dokumencie",
    "GoToTop": "Idź do góry",
    "Projects": "Projekt(y)",
    "NoProjectWarning": "Projekt nie istnieje!",
    "DocumentNotFound": "Oops, żądany dokument nie istnieje!",
    "NavigationDocumentNotFound": "Ta wersja nie posiada tego dokumentu!"
  }
}