﻿{
  "culture": "sl",
  "texts": {
    "Documents": "Dokumenti",
    "BackToWebsite": "Nazaj na spletno stran",
    "Contributors": "Sodelujoči",
    "ShareOn": "Deli na",
    "Version": "Verzija",
    "Edit": "Uredi",
    "LastEditTime": "Zadnje urejanje",
    "Delete": "Izbriši",
    "InThisDocument": "V tem dokumentu",
    "GoToTop": "Pojdi na vrh",
    "Projects": "Projekt(i)",
    "NoProjectWarning": "Ni še nobenega projekta!",
    "DocumentNotFound": "Ups, zahtevanega dokumenta ni bilo mogoče najti!",
    "NavigationDocumentNotFound": "Ta verzija nima navigacijskega dokumenta!",
    "DocumentNotFoundInSelectedLanguage": "Dokumenta v želenem jeziku ni mogoče najti. Prikazan je dokument v privzetem jeziku.",
    "FilterTopics": "Filtriraj teme",
    "MultipleVersionDocumentInfo": "Ta dokument ima več verzij. Izberite možnosti, ki so najprimernejše.",
    "New": "Nov",
    "Upd": "Posod.",
    "NewExplanation": "Ustvarjeno v zadnjih dveh tednih.",
    "UpdatedExplanation": "Posodobljeno v zadnjih dveh tednih."
  }
}