{
  "culture": "zh-Hant",
  "texts": {
    "Documents": "文件",
    "BackToWebsite": "返回主網站",
    "Contributors": "貢獻者",
    "ShareOn": "分享到",
    "Version": "版本",
    "Edit": "編輯",
    "LastEditTime": "上次編輯",
    "Delete": "刪除",
    "ClearCacheConfirmationMessage": "你確定刪除此專案全部的快取 \"{0}\"",
    "InThisDocument": "在此文件中",
    "GoToTop": "到最上方",
    "Projects": "專案",
    "NoProjectWarning": "沒有專案!",
    "DocumentNotFound": "找不到要求的文件!",
    "ProjectNotFound": "找不到請求的項目!",
    "NavigationDocumentNotFound": "這個版本沒有導覽文件!",
    "DocumentNotFoundInSelectedLanguage": "本文件不適用於所選語系，將以預設語系顯示.",
    "FilterTopics": "過濾主題",
    "FullSearch": "搜索文件",
    "Volo.Docs.Domain:010001": "Elastic search未啟用.",
    "MultipleVersionDocumentInfo": "此份文件有多個版本。請選擇一個最適合的。",
    "New": "新文檔",
    "Upd": "更新",
    "NewExplanation": "在最近兩周內創建.",
    "UpdatedExplanation": "在最近兩周內更新.",
    "Volo.Docs.Domain:010002": "簡稱 {ShortName} 已經存在."
  }
}