{
  "name": "Volo.CmsKit.Admin.HttpApi.Client",
  "hash": "d43dff8661f31f6f50a93db9fd822727",
  "contents": [
    {
      "namespace": "Volo.CmsKit.Admin",
      "dependsOnModules": [
        {
          "declaringAssemblyName": "Volo.CmsKit.Admin.Application.Contracts",
          "namespace": "Volo.CmsKit.Admin",
          "name": "CmsKitAdminApplicationContractsModule"
        },
        {
          "declaringAssemblyName": "Volo.CmsKit.Common.HttpApi.Client",
          "namespace": "Volo.CmsKit",
          "name": "CmsKitCommonHttpApiClientModule"
        }
      ],
      "contentType": "abpModule",
      "name": "CmsKitAdminHttpApiClientModule",
      "summary": null
    }
  ]
}