{
  "name": "Volo.Docs.Admin.Application",
  "hash": "9114a8162fd71b827647a43d3e11884d",
  "contents": [
    {
      "namespace": "Volo.Docs.Admin",
      "dependsOnModules": [
        {
          "declaringAssemblyName": "Volo.Docs.Domain",
          "namespace": "Volo.Docs",
          "name": "DocsDomainModule"
        },
        {
          "declaringAssemblyName": "Volo.Docs.Admin.Application.Contracts",
          "namespace": "Volo.Docs.Admin",
          "name": "DocsAdminApplicationContractsModule"
        },
        {
          "declaringAssemblyName": "Volo.Abp.Caching",
          "namespace": "Volo.Abp.Caching",
          "name": "AbpCachingModule"
        },
        {
          "declaringAssemblyName": "Volo.Abp.AutoMapper",
          "namespace": "Volo.Abp.AutoMapper",
          "name": "AbpAutoMapperModule"
        },
        {
          "declaringAssemblyName": "Volo.Abp.Ddd.Application",
          "namespace": "Volo.Abp.Application",
          "name": "AbpDddApplicationModule"
        }
      ],
      "contentType": "abpModule",
      "name": "DocsAdminApplicationModule",
      "summary": null
    },
    {
      "namespace": "Volo.Docs.Admin.Projects",
      "baseClass": {
        "name": "ApplicationService",
        "namespace": "Volo.Abp.Application.Services",
        "declaringAssemblyName": "Volo.Abp.Ddd.Application"
      },
      "implementingInterfaces": [
        {
          "name": "IApplicationService",
          "namespace": "Volo.Abp.Application.Services",
          "declaringAssemblyName": "Volo.Abp.Ddd.Application.Contracts"
        },
        {
          "name": "IRemoteService",
          "namespace": "Volo.Abp",
          "declaringAssemblyName": "Volo.Abp.Core"
        },
        {
          "name": "IAvoidDuplicateCrossCuttingConcerns",
          "namespace": "Volo.Abp.Aspects",
          "declaringAssemblyName": "Volo.Abp.Core"
        },
        {
          "name": "IValidationEnabled",
          "namespace": "Volo.Abp.Validation",
          "declaringAssemblyName": "Volo.Abp.Validation"
        },
        {
          "name": "IUnitOfWorkEnabled",
          "namespace": "Volo.Abp.Uow",
          "declaringAssemblyName": "Volo.Abp.Uow"
        },
        {
          "name": "IAuditingEnabled",
          "namespace": "Volo.Abp.Auditing",
          "declaringAssemblyName": "Volo.Abp.Auditing.Contracts"
        },
        {
          "name": "IGlobalFeatureCheckingEnabled",
          "namespace": "Volo.Abp.GlobalFeatures",
          "declaringAssemblyName": "Volo.Abp.GlobalFeatures"
        },
        {
          "name": "ITransientDependency",
          "namespace": "Volo.Abp.DependencyInjection",
          "declaringAssemblyName": "Volo.Abp.Core"
        },
        {
          "name": "IProjectAdminAppService",
          "namespace": "Volo.Docs.Admin.Projects",
          "declaringAssemblyName": "Volo.Docs.Admin.Application.Contracts"
        }
      ],
      "methods": [
        {
          "returnType": "PagedResultDto<ProjectDto>",
          "isAsync": true,
          "name": "GetListAsync",
          "summary": null,
          "parameters": [
            {
              "type": "PagedAndSortedResultRequestDto",
              "name": "input",
              "isOptional": false
            }
          ]
        },
        {
          "returnType": "ProjectDto",
          "isAsync": true,
          "name": "GetAsync",
          "summary": null,
          "parameters": [
            {
              "type": "Guid",
              "name": "id",
              "isOptional": false
            }
          ]
        },
        {
          "returnType": "ProjectDto",
          "isAsync": true,
          "name": "CreateAsync",
          "summary": null,
          "parameters": [
            {
              "type": "CreateProjectDto",
              "name": "input",
              "isOptional": false
            }
          ]
        },
        {
          "returnType": "ProjectDto",
          "isAsync": true,
          "name": "UpdateAsync",
          "summary": null,
          "parameters": [
            {
              "type": "Guid",
              "name": "id",
              "isOptional": false
            },
            {
              "type": "UpdateProjectDto",
              "name": "input",
              "isOptional": false
            }
          ]
        },
        {
          "returnType": "Void",
          "isAsync": true,
          "name": "DeleteAsync",
          "summary": null,
          "parameters": [
            {
              "type": "Guid",
              "name": "id",
              "isOptional": false
            }
          ]
        },
        {
          "returnType": "Void",
          "isAsync": true,
          "name": "ReindexAsync",
          "summary": null,
          "parameters": [
            {
              "type": "ReindexInput",
              "name": "input",
              "isOptional": false
            }
          ]
        },
        {
          "returnType": "Void",
          "isAsync": true,
          "name": "ReindexAllAsync",
          "summary": null,
          "parameters": []
        },
        {
          "returnType": "List<ProjectWithoutDetailsDto>",
          "isAsync": true,
          "name": "GetListWithoutDetailsAsync",
          "summary": null,
          "parameters": []
        }
      ],
      "contentType": "applicationService",
      "name": "ProjectAdminAppService",
      "summary": null
    },
    {
      "namespace": "Volo.Docs.Admin.Documents",
      "baseClass": {
        "name": "ApplicationService",
        "namespace": "Volo.Abp.Application.Services",
        "declaringAssemblyName": "Volo.Abp.Ddd.Application"
      },
      "implementingInterfaces": [
        {
          "name": "IApplicationService",
          "namespace": "Volo.Abp.Application.Services",
          "declaringAssemblyName": "Volo.Abp.Ddd.Application.Contracts"
        },
        {
          "name": "IRemoteService",
          "namespace": "Volo.Abp",
          "declaringAssemblyName": "Volo.Abp.Core"
        },
        {
          "name": "IAvoidDuplicateCrossCuttingConcerns",
          "namespace": "Volo.Abp.Aspects",
          "declaringAssemblyName": "Volo.Abp.Core"
        },
        {
          "name": "IValidationEnabled",
          "namespace": "Volo.Abp.Validation",
          "declaringAssemblyName": "Volo.Abp.Validation"
        },
        {
          "name": "IUnitOfWorkEnabled",
          "namespace": "Volo.Abp.Uow",
          "declaringAssemblyName": "Volo.Abp.Uow"
        },
        {
          "name": "IAuditingEnabled",
          "namespace": "Volo.Abp.Auditing",
          "declaringAssemblyName": "Volo.Abp.Auditing.Contracts"
        },
        {
          "name": "IGlobalFeatureCheckingEnabled",
          "namespace": "Volo.Abp.GlobalFeatures",
          "declaringAssemblyName": "Volo.Abp.GlobalFeatures"
        },
        {
          "name": "ITransientDependency",
          "namespace": "Volo.Abp.DependencyInjection",
          "declaringAssemblyName": "Volo.Abp.Core"
        },
        {
          "name": "IDocumentAdminAppService",
          "namespace": "Volo.Docs.Admin.Documents",
          "declaringAssemblyName": "Volo.Docs.Admin.Application.Contracts"
        }
      ],
      "methods": [
        {
          "returnType": "Void",
          "isAsync": true,
          "name": "ClearCacheAsync",
          "summary": null,
          "parameters": [
            {
              "type": "ClearCacheInput",
              "name": "input",
              "isOptional": false
            }
          ]
        },
        {
          "returnType": "Void",
          "isAsync": true,
          "name": "PullAllAsync",
          "summary": null,
          "parameters": [
            {
              "type": "PullAllDocumentInput",
              "name": "input",
              "isOptional": false
            }
          ]
        },
        {
          "returnType": "Void",
          "isAsync": true,
          "name": "PullAsync",
          "summary": null,
          "parameters": [
            {
              "type": "PullDocumentInput",
              "name": "input",
              "isOptional": false
            }
          ]
        },
        {
          "returnType": "PagedResultDto<DocumentDto>",
          "isAsync": true,
          "name": "GetAllAsync",
          "summary": null,
          "parameters": [
            {
              "type": "GetAllInput",
              "name": "input",
              "isOptional": false
            }
          ]
        },
        {
          "returnType": "Void",
          "isAsync": true,
          "name": "RemoveFromCacheAsync",
          "summary": null,
          "parameters": [
            {
              "type": "Guid",
              "name": "documentId",
              "isOptional": false
            }
          ]
        },
        {
          "returnType": "Void",
          "isAsync": true,
          "name": "ReindexAsync",
          "summary": null,
          "parameters": [
            {
              "type": "Guid",
              "name": "documentId",
              "isOptional": false
            }
          ]
        },
        {
          "returnType": "List<DocumentInfoDto>",
          "isAsync": true,
          "name": "GetFilterItemsAsync",
          "summary": null,
          "parameters": []
        }
      ],
      "contentType": "applicationService",
      "name": "DocumentAdminAppService",
      "summary": null
    }
  ]
}