{
  "name": "Volo.Blogging.Admin.HttpApi.Client",
  "hash": "3c18ac9eda422806cb4bba72a39ad229",
  "contents": [
    {
      "namespace": "Volo.Blogging.Admin",
      "dependsOnModules": [
        {
          "declaringAssemblyName": "Volo.Blogging.Admin.Application.Contracts",
          "namespace": "Volo.Blogging.Admin",
          "name": "BloggingAdminApplicationContractsModule"
        },
        {
          "declaringAssemblyName": "Volo.Abp.Http.Client",
          "namespace": "Volo.Abp.Http.Client",
          "name": "AbpHttpClientModule"
        }
      ],
      "implementingInterfaces": [
        {
          "name": "IAbpModule",
          "namespace": "Volo.Abp.Modularity",
          "declaringAssemblyName": "Volo.Abp.Core",
          "fullName": "Volo.Abp.Modularity.IAbpModule"
        },
        {
          "name": "IOnPreApplicationInitialization",
          "namespace": "Volo.Abp.Modularity",
          "declaringAssemblyName": "Volo.Abp.Core",
          "fullName": "Volo.Abp.Modularity.IOnPreApplicationInitialization"
        },
        {
          "name": "IOnApplicationInitialization",
          "namespace": "Volo.Abp",
          "declaringAssemblyName": "Volo.Abp.Core",
          "fullName": "Volo.Abp.IOnApplicationInitialization"
        },
        {
          "name": "IOnPostApplicationInitialization",
          "namespace": "Volo.Abp.Modularity",
          "declaringAssemblyName": "Volo.Abp.Core",
          "fullName": "Volo.Abp.Modularity.IOnPostApplicationInitialization"
        },
        {
          "name": "IOnApplicationShutdown",
          "namespace": "Volo.Abp",
          "declaringAssemblyName": "Volo.Abp.Core",
          "fullName": "Volo.Abp.IOnApplicationShutdown"
        },
        {
          "name": "IPreConfigureServices",
          "namespace": "Volo.Abp.Modularity",
          "declaringAssemblyName": "Volo.Abp.Core",
          "fullName": "Volo.Abp.Modularity.IPreConfigureServices"
        },
        {
          "name": "IPostConfigureServices",
          "namespace": "Volo.Abp.Modularity",
          "declaringAssemblyName": "Volo.Abp.Core",
          "fullName": "Volo.Abp.Modularity.IPostConfigureServices"
        }
      ],
      "contentType": "abpModule",
      "name": "BloggingAdminHttpApiClientModule",
      "summary": null
    }
  ]
}