{
  "name": "Volo.Abp.FeatureManagement.Domain.Shared",
  "hash": "6d6b2d0884f86a1c813909ef40e475c3",
  "contents": [
    {
      "namespace": "Volo.Abp.FeatureManagement",
      "dependsOnModules": [
        {
          "declaringAssemblyName": "Volo.Abp.Validation",
          "namespace": "Volo.Abp.Validation",
          "name": "AbpValidationModule"
        },
        {
          "declaringAssemblyName": "Volo.Abp.Json.SystemTextJson",
          "namespace": "Volo.Abp.Json.SystemTextJson",
          "name": "AbpJsonSystemTextJsonModule"
        }
      ],
      "contentType": "abpModule",
      "name": "AbpFeatureManagementDomainSharedModule",
      "summary": null
    }
  ]
}