{
  "name": "Volo.Abp.FeatureManagement.Domain.Shared",
  "hash": "27676187267c8c6f25e3a0e71bef5c43",
  "contents": [
    {
      "namespace": "Volo.Abp.FeatureManagement",
      "dependsOnModules": [
        {
          "declaringAssemblyName": "Volo.Abp.Validation",
          "namespace": "Volo.Abp.Validation",
          "name": "AbpValidationModule"
        },
        {
          "declaringAssemblyName": "Volo.Abp.Json.SystemTextJson",
          "namespace": "Volo.Abp.Json.SystemTextJson",
          "name": "AbpJsonSystemTextJsonModule"
        }
      ],
      "contentType": "abpModule",
      "name": "AbpFeatureManagementDomainSharedModule",
      "summary": null
    }
  ]
}