{
  "name": "Volo.Abp.FeatureManagement.Domain.Shared",
  "hash": "275d48c40a9d52fb529cbcf4ecfe1688",
  "contents": [
    {
      "namespace": "Volo.Abp.FeatureManagement",
      "dependsOnModules": [
        {
          "declaringAssemblyName": "Volo.Abp.Validation",
          "namespace": "Volo.Abp.Validation",
          "name": "AbpValidationModule"
        }
      ],
      "contentType": "abpModule",
      "name": "AbpFeatureManagementDomainSharedModule",
      "summary": null
    }
  ]
}