{
  "name": "Volo.Abp.FeatureManagement.Domain.Shared",
  "hash": "eaee99a2644ead49e6f9e97ec79c0451",
  "contents": [
    {
      "namespace": "Volo.Abp.FeatureManagement",
      "dependsOnModules": [
        {
          "declaringAssemblyName": "Volo.Abp.Validation",
          "namespace": "Volo.Abp.Validation",
          "name": "AbpValidationModule"
        },
        {
          "declaringAssemblyName": "Volo.Abp.Json.SystemTextJson",
          "namespace": "Volo.Abp.Json.SystemTextJson",
          "name": "AbpJsonSystemTextJsonModule"
        }
      ],
      "contentType": "abpModule",
      "name": "AbpFeatureManagementDomainSharedModule",
      "summary": null
    }
  ]
}