{
  "name": "Volo.Abp.BackgroundJobs.Domain",
  "hash": "c0811e61839d11b4fd1e15e9695b6caa",
  "contents": [
    {
      "namespace": "Volo.Abp.BackgroundJobs",
      "dependsOnModules": [
        {
          "declaringAssemblyName": "Volo.Abp.BackgroundJobs.Domain.Shared",
          "namespace": "Volo.Abp.BackgroundJobs",
          "name": "AbpBackgroundJobsDomainSharedModule"
        },
        {
          "declaringAssemblyName": "Volo.Abp.BackgroundJobs",
          "namespace": "Volo.Abp.BackgroundJobs",
          "name": "AbpBackgroundJobsModule"
        },
        {
          "declaringAssemblyName": "Volo.Abp.AutoMapper",
          "namespace": "Volo.Abp.AutoMapper",
          "name": "AbpAutoMapperModule"
        }
      ],
      "contentType": "abpModule",
      "name": "AbpBackgroundJobsDomainModule",
      "summary": null
    },
    {
      "baseClass": {
        "name": "AggregateRoot<Guid>",
        "namespace": "Volo.Abp.Domain.Entities",
        "declaringAssemblyName": "Volo.Abp.Ddd.Domain"
      },
      "implementingInterfaces": [
        {
          "name": "IEntity",
          "namespace": "Volo.Abp.Domain.Entities",
          "declaringAssemblyName": "Volo.Abp.Ddd.Domain"
        },
        {
          "name": "IEntity<Guid>",
          "namespace": "Volo.Abp.Domain.Entities",
          "declaringAssemblyName": "Volo.Abp.Ddd.Domain"
        },
        {
          "name": "IAggregateRoot<Guid>",
          "namespace": "Volo.Abp.Domain.Entities",
          "declaringAssemblyName": "Volo.Abp.Ddd.Domain"
        },
        {
          "name": "IAggregateRoot",
          "namespace": "Volo.Abp.Domain.Entities",
          "declaringAssemblyName": "Volo.Abp.Ddd.Domain"
        },
        {
          "name": "IGeneratesDomainEvents",
          "namespace": "Volo.Abp.Domain.Entities",
          "declaringAssemblyName": "Volo.Abp.Ddd.Domain"
        },
        {
          "name": "IHasExtraProperties",
          "namespace": "Volo.Abp.Data",
          "declaringAssemblyName": "Volo.Abp.ObjectExtending"
        },
        {
          "name": "IHasConcurrencyStamp",
          "namespace": "Volo.Abp.Domain.Entities",
          "declaringAssemblyName": "Volo.Abp.Data"
        },
        {
          "name": "IHasCreationTime",
          "namespace": "Volo.Abp.Auditing",
          "declaringAssemblyName": "Volo.Abp.Auditing.Contracts"
        }
      ],
      "methods": [],
      "namespace": "Volo.Abp.BackgroundJobs",
      "primaryKeyType": "Guid",
      "collectionProperties": {},
      "navigationProperties": {},
      "contentType": "aggregateRoot",
      "name": "BackgroundJobRecord",
      "summary": null
    },
    {
      "namespace": "Volo.Abp.BackgroundJobs",
      "entityAnalyzeModel": {
        "namespace": "Volo.Abp.BackgroundJobs",
        "primaryKeyType": "Guid",
        "collectionProperties": {},
        "navigationProperties": {},
        "contentType": "entity",
        "name": "BackgroundJobRecord",
        "summary": null
      },
      "contentType": "repositoryInterface",
      "name": "IBackgroundJobRepository",
      "summary": null
    }
  ]
}