{
  "culture": "da",
  "texts": {
    "UserName": "Brugernavn",
    "EmailAddress": "Email",
    "UserNameOrEmailAddress": "Brugernavn eller email",
    "Password": "Kodeord",
    "RememberMe": "Husk mig",
    "UseAnotherServiceToLogin": "Brug en anden service til at logge ind",
    "UserLockedOutMessage": "Brugerkontoen er blevet låst grundet forkerte login forsøg. Vent venligst og prøv igen.",
    "InvalidUserNameOrPassword": "Forkert brugernavn eller kodeord!",
    "LoginIsNotAllowed": "Du kan ikke logge ind! Du skal bekræfte den angivne email/telefonnummer.",
    "SelfRegistrationDisabledMessage": "Selvregistrering er deaktiveret for denne applikation. Kontakt venligst applikationens administrator for at registrere en ny bruger.",
    "LocalLoginDisabledMessage": "Lokalt login er deaktiveret for denne appliaktion.",
    "Login": "Login",
    "Cancel": "Annullér",
    "Register": "Registrér",
    "AreYouANewUser": "Er du ny bruger?",
    "AlreadyRegistered": "Allerede registreret?",
    "InvalidLoginRequest": "Forkert login forespørgsel",
    "ThereAreNoLoginSchemesConfiguredForThisClient": "Der er ingen konfigurerede login skemaer for denne klient.",
    "LogInUsingYourProviderAccount": "Login med din {0} konto",
    "DisplayName:CurrentPassword": "Nuværende kodeord",
    "DisplayName:NewPassword": "Nyt kodeord",
    "DisplayName:NewPasswordConfirm": "Bekræft nyt kodeord",
    "PasswordChangedMessage": "Dit kodeord er blevet ændret.",
    "DisplayName:UserName": "Brugernavn",
    "DisplayName:Email": "Email",
    "DisplayName:Name": "Fornavn",
    "DisplayName:Surname": "Efternavn",
    "DisplayName:Password": "Kodeord",
    "DisplayName:EmailAddress": "Email",
    "DisplayName:PhoneNumber": "Telefonnummer",
    "PersonalSettings": "Personlige indstillinger",
    "PersonalSettingsSaved": "Personlige indstillinger gemt",
    "PasswordChanged": "Kodeord gemt",
    "NewPasswordConfirmFailed": "Bekræft venligst det nye kodeord.",
    "Manage": "Administrer",
    "MyAccount": "Min konto",
    "DisplayName:Abp.Account.IsSelfRegistrationEnabled": "Er registrering aktiveret",
    "Description:Abp.Account.IsSelfRegistrationEnabled": "Om en bruger kan registrere kontoen selv.",
    "DisplayName:Abp.Account.EnableLocalLogin": "Godkende med en lokal konto",
    "Description:Abp.Account.EnableLocalLogin": "Indikerer om serveren vil tillade brugere at logge ind med lokal konto.",
    "LoggedOutTitle": "Logget ud",
    "LoggedOutText": "Du er blevet logget ud og vil blive videresendt snarest.",
    "ReturnToText": "Klik her for at returnere til applikationen",
    "OrLoginWith": "Eller login med:",
    "ForgotPassword": "Glemt kodeord?",
    "SendPasswordResetLink_Information": "Et link til at nulstille dit kodeord vil blive sendt til din email. Hvis du ikke modtager en email indenfor et par minutter, venligst prøv igen.",
    "PasswordResetMailSentMessage": "Gendannelse af konto er sendt til din email. Hvis du ikke har modtaget emailen indenfor 15 minutter, kig i din spam folder. Hvis du finder den dér, venligst markér den som -Ikke Spam-. ",
    "ResetPassword": "Nulstil Kodeord",
    "ConfirmPassword": "Bekræft (gentag) kodeordet",
    "ResetPassword_Information": "Venligst indtast dit nye kodeord.",
    "YourPasswordIsSuccessfullyReset": "Dit kodeord blev ændret.",
    "GoToTheApplication": "Gå til applikationen",
    "BackToLogin": "Tilbage til login",
    "ProfileTab:Password": "Skift kodeord",
    "ProfileTab:PersonalInfo": "Personlig info",
    "ReturnToApplication": "Gå tilbage til applikationen",
    "Volo.Account:InvalidEmailAddress": "Kan ikke finde den angivne email: {0}",
    "PasswordReset": "Nulstil kodeord",
    "PasswordResetInfoInEmail": "Vi har modtaget en forespørgsel for gendannelse af konto! Hvis du har lavet denne forespørgsel, klik på det efterfølgende link for at nulstille dit kodeord.",
    "ResetMyPassword": "Nulstil mit kodeord",
    "AccessDenied": "Adgang nægtet!",
    "AccessDeniedMessage": "Du har ikke adgang til denne ressource."
  }
}
