{
  "culture": "sk",
  "texts": {
    "Menu:Account": "Účet",
    "UserName": "Používateľské meno",
    "EmailAddress": "Emailová adresa",
    "UserNameOrEmailAddress": "Používateľské meno alebo emailová adresa",
    "Password": "Heslo",
    "RememberMe": "Pamätaj si ma",
    "UseAnotherServiceToLogin": "Použitie inej služby na prihlásenie",
    "UserLockedOutMessage": "Používateľské konto bolo uzamknuté z dôvodu neplatných pokusov o prihlásenie. Chvíľu počkajte a skúste to znova.",
    "InvalidUserNameOrPassword": "Neplatné používateľské meno alebo heslo!",
    "LoginIsNotAllowed": "Nemáte povolenie sa prihlásiť! Váš účet je neaktívny alebo potrebuje potvrdiť váš e -mail/telefónne číslo.",
    "SelfRegistrationDisabledMessage": "Samostatná registrácia je pre túto aplikáciu vypnutá. Ak chcete zaregistrovať nového používateľa, obráťte sa na správcu aplikácie.",
    "LocalLoginDisabledMessage": "Lokálne prihlásenie je pre túto aplikáciu zakázané.",
    "Login": "Prihlásiť",
    "Cancel": "Zrušiť",
    "Register": "Registrovať",
    "AreYouANewUser": "Ste nový používateľ?",
    "AlreadyRegistered": "Už ste zaregistrovaný?",
    "InvalidLoginRequest": "Neplatná žiadosť o prihlásenie",
    "ThereAreNoLoginSchemesConfiguredForThisClient": "Pre tohto klienta nie sú nakonfigurované žiadne prihlasovacie schémy.",
    "LogInUsingYourProviderAccount": "Prihláste sa pomocou svojho {0} konta",
    "DisplayName:CurrentPassword": "Aktuálne heslo",
    "DisplayName:NewPassword": "Nové heslo",
    "DisplayName:NewPasswordConfirm": "Potvrdte nové heslo",
    "PasswordChangedMessage": "Vaše heslo bolo úspešne zmenené.",
    "DisplayName:UserName": "Používateľské meno",
    "DisplayName:Email": "Email",
    "DisplayName:Name": "Meno",
    "DisplayName:Surname": "Priezvisko",
    "DisplayName:Password": "Heslo",
    "DisplayName:EmailAddress": "Emailová adresa",
    "DisplayName:PhoneNumber": "Telefónne číslo",
    "PersonalSettings": "Osobné nastavenia",
    "PersonalSettingsSaved": "Osobné nastavenia boli uložené",
    "PasswordChanged": "Heslo bolo zmenené",
    "NewPasswordConfirmFailed": "Prosím potvrďte nové heslo.",
    "NewPasswordSameAsOld": "Nové heslo musí byť odlišné od aktuálneho.",
    "Manage": "Spravovať",
    "MyAccount": "Môj účet",
    "DisplayName:Abp.Account.IsSelfRegistrationEnabled": "Je povolená samoregistrácia",
    "Description:Abp.Account.IsSelfRegistrationEnabled": "Či si používateľ môže účet zaregistrovať sám.",
    "DisplayName:Abp.Account.EnableLocalLogin": "Overenie pomocou lokálneho konta",
    "Description:Abp.Account.EnableLocalLogin": "Označuje, či server umožní používateľom autentifikáciu pomocou lokálneho účtu.",
    "LoggedOutTitle": "Odhlásený",
    "LoggedOutText": "Boli ste odhlásený a čoskoro budete presmerovaný.",
    "ReturnToText": "Kliknite sem pre presmerovanie na {0}",
    "OrLoginWith": "Alebo sa prihláste pomocou:",
    "ForgotPassword": "Zabudli ste heslo?",
    "SendPasswordResetLink_Information": "Na váš email vám bude odoslaný odkaz na obnovenie hesla. Ak do niekoľkých minút nedostanete email, skúste to znova.",
    "PasswordResetMailSentMessage": "Email o obnovení účtu bol odoslaný na vašu emailovú adresu. Ak tento email neuvidíte v doručenej pošte do 15 minút, pozrite sa do priečinku nevyžiadanej pošty (spam). Ak ho tam nájdete, označte ho ako -Nie je spam-.",
    "ResetPassword": "Obnoviť heslo",
    "ConfirmPassword": "Potvrďte (zopakujte) heslo",
    "ResetPassword_Information": "Zadajte svoje nové heslo.",
    "YourPasswordIsSuccessfullyReset": "Vaše heslo bolo úspešne obnovené.",
    "GoToTheApplication": "Prejdite do aplikácie",
    "BackToLogin": "Späť na prihlásenie",
    "ProfileTab:Password": "Zmena hesla",
    "ProfileTab:PersonalInfo": "Osobné informácie",
    "ReturnToApplication": "Späť do aplikácie",
    "Volo.Account:InvalidEmailAddress": "Nie je možné nájsť zadanú emailovú adresu: {0}",
    "PasswordReset": "Obnovenie hesla",
    "PasswordResetInfoInEmail": "Dostali sme žiadosť na obnovenie účtu! Ak ste o zmenu žiadali vy, kliknite na nasledujúci link a obnovte svoje heslo.",
    "ResetMyPassword": "Obnovte moje heslo",
    "AccessDenied": "Prístup zamietnutý!",
    "AccessDeniedMessage": "K tomuto zdroju nemáte prístup."
  }
}