{
  "name": "Volo.Abp.BlobStoring.Database.Domain.Shared",
  "hash": "492b8c1a18aa5b16851a6085bccc598c",
  "contents": [
    {
      "namespace": "Volo.Abp.BlobStoring.Database",
      "dependsOnModules": [
        {
          "declaringAssemblyName": "Volo.Abp.Validation",
          "namespace": "Volo.Abp.Validation",
          "name": "AbpValidationModule"
        }
      ],
      "contentType": "abpModule",
      "name": "BlobStoringDatabaseDomainSharedModule",
      "summary": null
    }
  ]
}