{
  "name": "Volo.CmsKit.Common.HttpApi",
  "hash": "878b36db057f73aa1ddb9b04aabd9d7c",
  "contents": [
    {
      "namespace": "Volo.CmsKit",
      "dependsOnModules": [
        {
          "declaringAssemblyName": "Volo.Abp.AspNetCore.Mvc",
          "namespace": "Volo.Abp.AspNetCore.Mvc",
          "name": "AbpAspNetCoreMvcModule"
        },
        {
          "declaringAssemblyName": "Volo.CmsKit.Common.Application.Contracts",
          "namespace": "Volo.CmsKit",
          "name": "CmsKitCommonApplicationContractsModule"
        }
      ],
      "contentType": "abpModule",
      "name": "CmsKitCommonHttpApiModule",
      "summary": null
    }
  ]
}