{
  "name": "Volo.Abp.PermissionManagement.MongoDB",
  "hash": "a6730310f28fdab00fa2c88fb8d0a1f1",
  "contents": [
    {
      "namespace": "Volo.Abp.PermissionManagement.MongoDB",
      "dependsOnModules": [
        {
          "declaringAssemblyName": "Volo.Abp.PermissionManagement.Domain",
          "namespace": "Volo.Abp.PermissionManagement",
          "name": "AbpPermissionManagementDomainModule"
        },
        {
          "declaringAssemblyName": "Volo.Abp.MongoDB",
          "namespace": "Volo.Abp.MongoDB",
          "name": "AbpMongoDbModule"
        }
      ],
      "contentType": "abpModule",
      "name": "AbpPermissionManagementMongoDbModule",
      "summary": null
    },
    {
      "namespace": "Volo.Abp.PermissionManagement.MongoDB",
      "connectionStringName": "AbpPermissionManagement",
      "databaseCollections": [
        {
          "entityFullName": "Volo.Abp.PermissionManagement.PermissionGrant",
          "contentType": "databaseCollection",
          "name": "AbpPermissionGrants",
          "summary": null
        }
      ],
      "contentType": "mongoDbContext",
      "name": "PermissionManagementMongoDbContext",
      "summary": null
    }
  ]
}