{
  "name": "Volo.Abp.Identity.MongoDB",
  "hash": "2e8b6506e436c7004513c29510b9d8f5",
  "contents": [
    {
      "namespace": "Volo.Abp.Identity.MongoDB",
      "dependsOnModules": [
        {
          "declaringAssemblyName": "Volo.Abp.Identity.Domain",
          "namespace": "Volo.Abp.Identity",
          "name": "AbpIdentityDomainModule"
        },
        {
          "declaringAssemblyName": "Volo.Abp.Users.MongoDB",
          "namespace": "Volo.Abp.Users.MongoDB",
          "name": "AbpUsersMongoDbModule"
        }
      ],
      "contentType": "abpModule",
      "name": "AbpIdentityMongoDbModule",
      "summary": null
    },
    {
      "namespace": "Volo.Abp.Identity.MongoDB",
      "connectionStringName": "AbpIdentity",
      "databaseCollections": [
        {
          "entityFullName": "Volo.Abp.Identity.IdentityClaimType",
          "contentType": "databaseCollection",
          "name": "AbpClaimTypes",
          "summary": null
        },
        {
          "entityFullName": "Volo.Abp.Identity.IdentitySecurityLog",
          "contentType": "databaseCollection",
          "name": "AbpSecurityLogs",
          "summary": null
        },
        {
          "entityFullName": "Volo.Abp.Identity.IdentityLinkUser",
          "contentType": "databaseCollection",
          "name": "AbpLinkUsers",
          "summary": null
        },
        {
          "entityFullName": "Volo.Abp.Identity.OrganizationUnit",
          "contentType": "databaseCollection",
          "name": "AbpOrganizationUnits",
          "summary": null
        },
        {
          "entityFullName": "Volo.Abp.Identity.IdentityUser",
          "contentType": "databaseCollection",
          "name": "AbpUsers",
          "summary": null
        },
        {
          "entityFullName": "Volo.Abp.Identity.IdentityRole",
          "contentType": "databaseCollection",
          "name": "AbpRoles",
          "summary": null
        }
      ],
      "contentType": "mongoDbContext",
      "name": "AbpIdentityMongoDbContext",
      "summary": null
    }
  ]
}