{
  "name": "Volo.CmsKit.Public.Application.Contracts",
  "hash": "8e19787fd61f850b64601e074e792b7a",
  "contents": [
    {
      "namespace": "Volo.CmsKit.Public",
      "dependsOnModules": [
        {
          "declaringAssemblyName": "Volo.CmsKit.Common.Application.Contracts",
          "namespace": "Volo.CmsKit",
          "name": "CmsKitCommonApplicationContractsModule"
        },
        {
          "declaringAssemblyName": "Volo.Abp.EventBus",
          "namespace": "Volo.Abp.EventBus",
          "name": "AbpEventBusModule"
        }
      ],
      "contentType": "abpModule",
      "name": "CmsKitPublicApplicationContractsModule",
      "summary": null
    }
  ]
}