{
  "name": "Volo.CmsKit.Public.Application.Contracts",
  "hash": "fdf5b4f9c7c592f5e981bd775591015e",
  "contents": [
    {
      "namespace": "Volo.CmsKit.Public",
      "dependsOnModules": [
        {
          "declaringAssemblyName": "Volo.CmsKit.Common.Application.Contracts",
          "namespace": "Volo.CmsKit",
          "name": "CmsKitCommonApplicationContractsModule"
        },
        {
          "declaringAssemblyName": "Volo.Abp.EventBus",
          "namespace": "Volo.Abp.EventBus",
          "name": "AbpEventBusModule"
        }
      ],
      "contentType": "abpModule",
      "name": "CmsKitPublicApplicationContractsModule",
      "summary": null
    }
  ]
}