{
  "name": "Volo.Abp.BackgroundJobs.DemoApp.HangFire",
  "hash": "dcc3971645ff72b83d413be31bf47dec",
  "contents": [
    {
      "namespace": "Volo.Abp.BackgroundJobs.DemoApp.HangFire",
      "dependsOnModules": [
        {
          "declaringAssemblyName": "Volo.Abp.BackgroundJobs.DemoApp.Shared",
          "namespace": "Volo.Abp.BackgroundJobs.DemoApp.Shared",
          "name": "DemoAppSharedModule"
        },
        {
          "declaringAssemblyName": "Volo.Abp.Autofac",
          "namespace": "Volo.Abp.Autofac",
          "name": "AbpAutofacModule"
        },
        {
          "declaringAssemblyName": "Volo.Abp.BackgroundJobs.HangFire",
          "namespace": "Volo.Abp.BackgroundJobs.Hangfire",
          "name": "AbpBackgroundJobsHangfireModule"
        }
      ],
      "contentType": "abpModule",
      "name": "DemoAppHangfireModule",
      "summary": null
    }
  ]
}