{
  "name": "Volo.Abp.PermissionManagement.Domain.IdentityServer",
  "hash": "1985f8060cff04b71a81ee7d5e0a5e85",
  "contents": [
    {
      "namespace": "Volo.Abp.PermissionManagement.IdentityServer",
      "dependsOnModules": [
        {
          "declaringAssemblyName": "Volo.Abp.IdentityServer.Domain.Shared",
          "namespace": "Volo.Abp.IdentityServer",
          "name": "AbpIdentityServerDomainSharedModule"
        },
        {
          "declaringAssemblyName": "Volo.Abp.PermissionManagement.Domain",
          "namespace": "Volo.Abp.PermissionManagement",
          "name": "AbpPermissionManagementDomainModule"
        }
      ],
      "implementingInterfaces": [
        {
          "name": "IAbpModule",
          "namespace": "Volo.Abp.Modularity",
          "declaringAssemblyName": "Volo.Abp.Core",
          "fullName": "Volo.Abp.Modularity.IAbpModule"
        },
        {
          "name": "IOnPreApplicationInitialization",
          "namespace": "Volo.Abp.Modularity",
          "declaringAssemblyName": "Volo.Abp.Core",
          "fullName": "Volo.Abp.Modularity.IOnPreApplicationInitialization"
        },
        {
          "name": "IOnApplicationInitialization",
          "namespace": "Volo.Abp",
          "declaringAssemblyName": "Volo.Abp.Core",
          "fullName": "Volo.Abp.IOnApplicationInitialization"
        },
        {
          "name": "IOnPostApplicationInitialization",
          "namespace": "Volo.Abp.Modularity",
          "declaringAssemblyName": "Volo.Abp.Core",
          "fullName": "Volo.Abp.Modularity.IOnPostApplicationInitialization"
        },
        {
          "name": "IOnApplicationShutdown",
          "namespace": "Volo.Abp",
          "declaringAssemblyName": "Volo.Abp.Core",
          "fullName": "Volo.Abp.IOnApplicationShutdown"
        },
        {
          "name": "IPreConfigureServices",
          "namespace": "Volo.Abp.Modularity",
          "declaringAssemblyName": "Volo.Abp.Core",
          "fullName": "Volo.Abp.Modularity.IPreConfigureServices"
        },
        {
          "name": "IPostConfigureServices",
          "namespace": "Volo.Abp.Modularity",
          "declaringAssemblyName": "Volo.Abp.Core",
          "fullName": "Volo.Abp.Modularity.IPostConfigureServices"
        }
      ],
      "contentType": "abpModule",
      "name": "AbpPermissionManagementDomainIdentityServerModule",
      "summary": null
    }
  ]
}