{
  "name": "Volo.Abp.PermissionManagement.Domain.IdentityServer",
  "hash": "c1fd056b5d9b3371d5061601e5324d6a",
  "contents": [
    {
      "namespace": "Volo.Abp.PermissionManagement.IdentityServer",
      "dependsOnModules": [
        {
          "declaringAssemblyName": "Volo.Abp.IdentityServer.Domain.Shared",
          "namespace": "Volo.Abp.IdentityServer",
          "name": "AbpIdentityServerDomainSharedModule"
        },
        {
          "declaringAssemblyName": "Volo.Abp.PermissionManagement.Domain",
          "namespace": "Volo.Abp.PermissionManagement",
          "name": "AbpPermissionManagementDomainModule"
        }
      ],
      "contentType": "abpModule",
      "name": "AbpPermissionManagementDomainIdentityServerModule",
      "summary": null
    }
  ]
}