{
  "name": "Volo.Abp.BackgroundJobs.MongoDB",
  "hash": "c7bf74559ce298df73aff452e7ea82d0",
  "contents": [
    {
      "namespace": "Volo.Abp.BackgroundJobs.MongoDB",
      "dependsOnModules": [
        {
          "declaringAssemblyName": "Volo.Abp.BackgroundJobs.Domain",
          "namespace": "Volo.Abp.BackgroundJobs",
          "name": "AbpBackgroundJobsDomainModule"
        },
        {
          "declaringAssemblyName": "Volo.Abp.MongoDB",
          "namespace": "Volo.Abp.MongoDB",
          "name": "AbpMongoDbModule"
        }
      ],
      "implementingInterfaces": [
        {
          "name": "IAbpModule",
          "namespace": "Volo.Abp.Modularity",
          "declaringAssemblyName": "Volo.Abp.Core",
          "fullName": "Volo.Abp.Modularity.IAbpModule"
        },
        {
          "name": "IOnPreApplicationInitialization",
          "namespace": "Volo.Abp.Modularity",
          "declaringAssemblyName": "Volo.Abp.Core",
          "fullName": "Volo.Abp.Modularity.IOnPreApplicationInitialization"
        },
        {
          "name": "IOnApplicationInitialization",
          "namespace": "Volo.Abp",
          "declaringAssemblyName": "Volo.Abp.Core",
          "fullName": "Volo.Abp.IOnApplicationInitialization"
        },
        {
          "name": "IOnPostApplicationInitialization",
          "namespace": "Volo.Abp.Modularity",
          "declaringAssemblyName": "Volo.Abp.Core",
          "fullName": "Volo.Abp.Modularity.IOnPostApplicationInitialization"
        },
        {
          "name": "IOnApplicationShutdown",
          "namespace": "Volo.Abp",
          "declaringAssemblyName": "Volo.Abp.Core",
          "fullName": "Volo.Abp.IOnApplicationShutdown"
        },
        {
          "name": "IPreConfigureServices",
          "namespace": "Volo.Abp.Modularity",
          "declaringAssemblyName": "Volo.Abp.Core",
          "fullName": "Volo.Abp.Modularity.IPreConfigureServices"
        },
        {
          "name": "IPostConfigureServices",
          "namespace": "Volo.Abp.Modularity",
          "declaringAssemblyName": "Volo.Abp.Core",
          "fullName": "Volo.Abp.Modularity.IPostConfigureServices"
        }
      ],
      "contentType": "abpModule",
      "name": "AbpBackgroundJobsMongoDbModule",
      "summary": null
    },
    {
      "namespace": "Volo.Abp.BackgroundJobs.MongoDB",
      "connectionStringName": "AbpBackgroundJobs",
      "databaseCollections": [
        {
          "entityFullName": "Volo.Abp.BackgroundJobs.BackgroundJobRecord",
          "contentType": "databaseCollection",
          "name": "AbpBackgroundJobs",
          "summary": null
        }
      ],
      "implementingInterfaces": [
        {
          "name": "IAbpMongoDbContext",
          "namespace": "Volo.Abp.MongoDB",
          "declaringAssemblyName": "Volo.Abp.MongoDB",
          "fullName": "Volo.Abp.MongoDB.IAbpMongoDbContext"
        },
        {
          "name": "ITransientDependency",
          "namespace": "Volo.Abp.DependencyInjection",
          "declaringAssemblyName": "Volo.Abp.Core",
          "fullName": "Volo.Abp.DependencyInjection.ITransientDependency"
        },
        {
          "name": "IBackgroundJobsMongoDbContext",
          "namespace": "Volo.Abp.BackgroundJobs.MongoDB",
          "declaringAssemblyName": "Volo.Abp.BackgroundJobs.MongoDB",
          "fullName": "Volo.Abp.BackgroundJobs.MongoDB.IBackgroundJobsMongoDbContext"
        }
      ],
      "contentType": "mongoDbContext",
      "name": "BackgroundJobsMongoDbContext",
      "summary": null
    }
  ]
}