{
  "name": "Volo.CmsKit.Application.Contracts",
  "hash": "ed9cc6f5816bf5897ec47e6755013fe4",
  "contents": [
    {
      "namespace": "Volo.CmsKit",
      "dependsOnModules": [
        {
          "declaringAssemblyName": "Volo.CmsKit.Public.Application.Contracts",
          "namespace": "Volo.CmsKit.Public",
          "name": "CmsKitPublicApplicationContractsModule"
        },
        {
          "declaringAssemblyName": "Volo.CmsKit.Admin.Application.Contracts",
          "namespace": "Volo.CmsKit.Admin",
          "name": "CmsKitAdminApplicationContractsModule"
        }
      ],
      "contentType": "abpModule",
      "name": "CmsKitApplicationContractsModule",
      "summary": null
    }
  ]
}