{
  "name": "Volo.Abp.Users.MongoDB",
  "hash": "76e5f1f3279c8e027155b7ddad8f9271",
  "contents": [
    {
      "namespace": "Volo.Abp.Users.MongoDB",
      "dependsOnModules": [
        {
          "declaringAssemblyName": "Volo.Abp.Users.Domain",
          "namespace": "Volo.Abp.Users",
          "name": "AbpUsersDomainModule"
        },
        {
          "declaringAssemblyName": "Volo.Abp.MongoDB",
          "namespace": "Volo.Abp.MongoDB",
          "name": "AbpMongoDbModule"
        }
      ],
      "contentType": "abpModule",
      "name": "AbpUsersMongoDbModule",
      "summary": null
    }
  ]
}