{
  "name": "Volo.Docs.Admin.Application.Contracts",
  "hash": "f360227950ff4f261afd057fc300a2c0",
  "contents": [
    {
      "namespace": "Volo.Docs.Admin",
      "dependsOnModules": [
        {
          "declaringAssemblyName": "Volo.Docs.Domain.Shared",
          "namespace": "Volo.Docs",
          "name": "DocsDomainSharedModule"
        },
        {
          "declaringAssemblyName": "Volo.Abp.Ddd.Application.Contracts",
          "namespace": "Volo.Abp.Application",
          "name": "AbpDddApplicationContractsModule"
        },
        {
          "declaringAssemblyName": "Volo.Abp.Authorization.Abstractions",
          "namespace": "Volo.Abp.Authorization",
          "name": "AbpAuthorizationAbstractionsModule"
        }
      ],
      "contentType": "abpModule",
      "name": "DocsAdminApplicationContractsModule",
      "summary": null
    },
    {
      "displayName": "Projects",
      "isEnabled": true,
      "contentType": "permission",
      "name": "Docs.Admin.Projects",
      "summary": null
    },
    {
      "displayName": "Edit",
      "isEnabled": true,
      "contentType": "permission",
      "name": "Docs.Admin.Projects.Update",
      "summary": null
    },
    {
      "displayName": "Delete",
      "isEnabled": true,
      "contentType": "permission",
      "name": "Docs.Admin.Projects.Delete",
      "summary": null
    },
    {
      "displayName": "Create",
      "isEnabled": true,
      "contentType": "permission",
      "name": "Docs.Admin.Projects.Create",
      "summary": null
    },
    {
      "displayName": "Documents",
      "isEnabled": true,
      "contentType": "permission",
      "name": "Docs.Admin.Documents",
      "summary": null
    }
  ]
}