{
  "name": "Volo.Abp.Account.Web.IdentityServer",
  "hash": "90a46e5ed22b291c75d762aa12710e12",
  "contents": [
    {
      "namespace": "Volo.Abp.Account.Web",
      "dependsOnModules": [
        {
          "declaringAssemblyName": "Volo.Abp.Account.Web",
          "namespace": "Volo.Abp.Account.Web",
          "name": "AbpAccountWebModule"
        },
        {
          "declaringAssemblyName": "Volo.Abp.IdentityServer.Domain",
          "namespace": "Volo.Abp.IdentityServer",
          "name": "AbpIdentityServerDomainModule"
        }
      ],
      "contentType": "abpModule",
      "name": "AbpAccountWebIdentityServerModule",
      "summary": null
    }
  ]
}