{
  "name": "Volo.Abp.TenantManagement.Domain",
  "hash": "29cb59af622e48219365f87f318f504e",
  "contents": [
    {
      "namespace": "Volo.Abp.TenantManagement",
      "dependsOnModules": [
        {
          "declaringAssemblyName": "Volo.Abp.MultiTenancy",
          "namespace": "Volo.Abp.MultiTenancy",
          "name": "AbpMultiTenancyModule"
        },
        {
          "declaringAssemblyName": "Volo.Abp.TenantManagement.Domain.Shared",
          "namespace": "Volo.Abp.TenantManagement",
          "name": "AbpTenantManagementDomainSharedModule"
        },
        {
          "declaringAssemblyName": "Volo.Abp.Data",
          "namespace": "Volo.Abp.Data",
          "name": "AbpDataModule"
        },
        {
          "declaringAssemblyName": "Volo.Abp.Ddd.Domain",
          "namespace": "Volo.Abp.Domain",
          "name": "AbpDddDomainModule"
        },
        {
          "declaringAssemblyName": "Volo.Abp.AutoMapper",
          "namespace": "Volo.Abp.AutoMapper",
          "name": "AbpAutoMapperModule"
        },
        {
          "declaringAssemblyName": "Volo.Abp.Caching",
          "namespace": "Volo.Abp.Caching",
          "name": "AbpCachingModule"
        }
      ],
      "contentType": "abpModule",
      "name": "AbpTenantManagementDomainModule",
      "summary": null
    },
    {
      "baseClass": {
        "name": "FullAuditedAggregateRoot<Guid>",
        "namespace": "Volo.Abp.Domain.Entities.Auditing",
        "declaringAssemblyName": "Volo.Abp.Ddd.Domain"
      },
      "implementingInterfaces": [
        {
          "name": "IEntity",
          "namespace": "Volo.Abp.Domain.Entities",
          "declaringAssemblyName": "Volo.Abp.Ddd.Domain"
        },
        {
          "name": "IEntity<Guid>",
          "namespace": "Volo.Abp.Domain.Entities",
          "declaringAssemblyName": "Volo.Abp.Ddd.Domain"
        },
        {
          "name": "IAggregateRoot<Guid>",
          "namespace": "Volo.Abp.Domain.Entities",
          "declaringAssemblyName": "Volo.Abp.Ddd.Domain"
        },
        {
          "name": "IAggregateRoot",
          "namespace": "Volo.Abp.Domain.Entities",
          "declaringAssemblyName": "Volo.Abp.Ddd.Domain"
        },
        {
          "name": "IGeneratesDomainEvents",
          "namespace": "Volo.Abp.Domain.Entities",
          "declaringAssemblyName": "Volo.Abp.Ddd.Domain"
        },
        {
          "name": "IHasExtraProperties",
          "namespace": "Volo.Abp.Data",
          "declaringAssemblyName": "Volo.Abp.ObjectExtending"
        },
        {
          "name": "IHasConcurrencyStamp",
          "namespace": "Volo.Abp.Domain.Entities",
          "declaringAssemblyName": "Volo.Abp.Data"
        },
        {
          "name": "ICreationAuditedObject",
          "namespace": "Volo.Abp.Auditing",
          "declaringAssemblyName": "Volo.Abp.Auditing.Contracts"
        },
        {
          "name": "IHasCreationTime",
          "namespace": "Volo.Abp.Auditing",
          "declaringAssemblyName": "Volo.Abp.Auditing.Contracts"
        },
        {
          "name": "IMayHaveCreator",
          "namespace": "Volo.Abp.Auditing",
          "declaringAssemblyName": "Volo.Abp.Auditing.Contracts"
        },
        {
          "name": "IAuditedObject",
          "namespace": "Volo.Abp.Auditing",
          "declaringAssemblyName": "Volo.Abp.Auditing.Contracts"
        },
        {
          "name": "IModificationAuditedObject",
          "namespace": "Volo.Abp.Auditing",
          "declaringAssemblyName": "Volo.Abp.Auditing.Contracts"
        },
        {
          "name": "IHasModificationTime",
          "namespace": "Volo.Abp.Auditing",
          "declaringAssemblyName": "Volo.Abp.Auditing.Contracts"
        },
        {
          "name": "IFullAuditedObject",
          "namespace": "Volo.Abp.Auditing",
          "declaringAssemblyName": "Volo.Abp.Auditing.Contracts"
        },
        {
          "name": "IDeletionAuditedObject",
          "namespace": "Volo.Abp.Auditing",
          "declaringAssemblyName": "Volo.Abp.Auditing.Contracts"
        },
        {
          "name": "IHasDeletionTime",
          "namespace": "Volo.Abp.Auditing",
          "declaringAssemblyName": "Volo.Abp.Auditing.Contracts"
        },
        {
          "name": "ISoftDelete",
          "namespace": "Volo.Abp",
          "declaringAssemblyName": "Volo.Abp.Core"
        }
      ],
      "methods": [
        {
          "returnType": "String",
          "isAsync": false,
          "name": "FindDefaultConnectionString",
          "summary": null,
          "parameters": []
        },
        {
          "returnType": "String",
          "isAsync": false,
          "name": "FindConnectionString",
          "summary": null,
          "parameters": [
            {
              "type": "String",
              "name": "name",
              "isOptional": false
            }
          ]
        },
        {
          "returnType": "Void",
          "isAsync": false,
          "name": "SetDefaultConnectionString",
          "summary": null,
          "parameters": [
            {
              "type": "String",
              "name": "connectionString",
              "isOptional": false
            }
          ]
        },
        {
          "returnType": "Void",
          "isAsync": false,
          "name": "SetConnectionString",
          "summary": null,
          "parameters": [
            {
              "type": "String",
              "name": "name",
              "isOptional": false
            },
            {
              "type": "String",
              "name": "connectionString",
              "isOptional": false
            }
          ]
        },
        {
          "returnType": "Void",
          "isAsync": false,
          "name": "RemoveDefaultConnectionString",
          "summary": null,
          "parameters": []
        },
        {
          "returnType": "Void",
          "isAsync": false,
          "name": "RemoveConnectionString",
          "summary": null,
          "parameters": [
            {
              "type": "String",
              "name": "name",
              "isOptional": false
            }
          ]
        }
      ],
      "namespace": "Volo.Abp.TenantManagement",
      "primaryKeyType": "Guid",
      "collectionProperties": {
        "connectionStrings": {
          "name": "TenantConnectionString",
          "namespace": "Volo.Abp.TenantManagement",
          "declaringAssemblyName": "Volo.Abp.TenantManagement.Domain"
        }
      },
      "navigationProperties": {},
      "contentType": "aggregateRoot",
      "name": "Tenant",
      "summary": null
    },
    {
      "namespace": "Volo.Abp.TenantManagement",
      "baseClass": {
        "name": "DomainService",
        "namespace": "Volo.Abp.Domain.Services",
        "declaringAssemblyName": "Volo.Abp.Ddd.Domain"
      },
      "methods": [
        {
          "returnType": "Tenant",
          "isAsync": true,
          "name": "CreateAsync",
          "summary": null,
          "parameters": [
            {
              "type": "String",
              "name": "name",
              "isOptional": false
            }
          ]
        },
        {
          "returnType": "Void",
          "isAsync": true,
          "name": "ChangeNameAsync",
          "summary": null,
          "parameters": [
            {
              "type": "Tenant",
              "name": "tenant",
              "isOptional": false
            },
            {
              "type": "String",
              "name": "name",
              "isOptional": false
            }
          ]
        }
      ],
      "contentType": "domainService",
      "name": "TenantManager",
      "summary": null
    },
    {
      "namespace": "Volo.Abp.TenantManagement",
      "entityAnalyzeModel": {
        "namespace": "Volo.Abp.TenantManagement",
        "primaryKeyType": "Guid",
        "collectionProperties": {
          "connectionStrings": {
            "name": "TenantConnectionString",
            "namespace": "Volo.Abp.TenantManagement",
            "declaringAssemblyName": "Volo.Abp.TenantManagement.Domain"
          }
        },
        "navigationProperties": {},
        "contentType": "entity",
        "name": "Tenant",
        "summary": null
      },
      "contentType": "repositoryInterface",
      "name": "ITenantRepository",
      "summary": null
    }
  ]
}