{
  "name": "VoloDocs.EntityFrameworkCore",
  "hash": "56f0562b6a4146cbb05a5ba848073d62",
  "contents": [
    {
      "namespace": "VoloDocs.EntityFrameworkCore",
      "dependsOnModules": [
        {
          "declaringAssemblyName": "Volo.Docs.EntityFrameworkCore",
          "namespace": "Volo.Docs.EntityFrameworkCore",
          "name": "DocsEntityFrameworkCoreModule"
        },
        {
          "declaringAssemblyName": "Volo.Abp.Identity.EntityFrameworkCore",
          "namespace": "Volo.Abp.Identity.EntityFrameworkCore",
          "name": "AbpIdentityEntityFrameworkCoreModule"
        },
        {
          "declaringAssemblyName": "Volo.Abp.PermissionManagement.EntityFrameworkCore",
          "namespace": "Volo.Abp.PermissionManagement.EntityFrameworkCore",
          "name": "AbpPermissionManagementEntityFrameworkCoreModule"
        },
        {
          "declaringAssemblyName": "Volo.Abp.SettingManagement.EntityFrameworkCore",
          "namespace": "Volo.Abp.SettingManagement.EntityFrameworkCore",
          "name": "AbpSettingManagementEntityFrameworkCoreModule"
        },
        {
          "declaringAssemblyName": "Volo.Abp.EntityFrameworkCore.SqlServer",
          "namespace": "Volo.Abp.EntityFrameworkCore.SqlServer",
          "name": "AbpEntityFrameworkCoreSqlServerModule"
        }
      ],
      "contentType": "abpModule",
      "name": "VoloDocsEntityFrameworkCoreModule",
      "summary": null
    },
    {
      "namespace": "VoloDocs.EntityFrameworkCore",
      "connectionStringName": null,
      "databaseTables": [],
      "contentType": "efCoreDbContext",
      "name": "VoloDocsDbContext",
      "summary": null
    }
  ]
}