{
  "name": "Volo.Abp.BackgroundJobs.EntityFrameworkCore",
  "hash": "77fc7a8ddb9c3a6d966ade5ea27e2227",
  "contents": [
    {
      "namespace": "Volo.Abp.BackgroundJobs.EntityFrameworkCore",
      "dependsOnModules": [
        {
          "declaringAssemblyName": "Volo.Abp.BackgroundJobs.Domain",
          "namespace": "Volo.Abp.BackgroundJobs",
          "name": "AbpBackgroundJobsDomainModule"
        },
        {
          "declaringAssemblyName": "Volo.Abp.EntityFrameworkCore",
          "namespace": "Volo.Abp.EntityFrameworkCore",
          "name": "AbpEntityFrameworkCoreModule"
        }
      ],
      "contentType": "abpModule",
      "name": "AbpBackgroundJobsEntityFrameworkCoreModule",
      "summary": null
    },
    {
      "namespace": "Volo.Abp.BackgroundJobs.EntityFrameworkCore",
      "connectionStringName": "AbpBackgroundJobs",
      "databaseTables": [
        {
          "entityFullName": "Volo.Abp.BackgroundJobs.BackgroundJobRecord",
          "contentType": "databaseTable",
          "name": "AbpBackgroundJobs",
          "summary": null
        }
      ],
      "contentType": "efCoreDbContext",
      "name": "BackgroundJobsDbContext",
      "summary": null
    }
  ]
}