{
  "name": "Volo.Abp.Users.EntityFrameworkCore",
  "hash": "97572012c8affe60d460c283c442a78a",
  "contents": [
    {
      "namespace": "Volo.Abp.Users.EntityFrameworkCore",
      "dependsOnModules": [
        {
          "declaringAssemblyName": "Volo.Abp.Users.Domain",
          "namespace": "Volo.Abp.Users",
          "name": "AbpUsersDomainModule"
        },
        {
          "declaringAssemblyName": "Volo.Abp.EntityFrameworkCore",
          "namespace": "Volo.Abp.EntityFrameworkCore",
          "name": "AbpEntityFrameworkCoreModule"
        }
      ],
      "contentType": "abpModule",
      "name": "AbpUsersEntityFrameworkCoreModule",
      "summary": null
    }
  ]
}