{
  "name": "Volo.Abp.FeatureManagement.MongoDB",
  "hash": "dfc11facc6daa61964bad9610aef2d44",
  "contents": [
    {
      "namespace": "Volo.Abp.FeatureManagement.MongoDB",
      "dependsOnModules": [
        {
          "declaringAssemblyName": "Volo.Abp.FeatureManagement.Domain",
          "namespace": "Volo.Abp.FeatureManagement",
          "name": "AbpFeatureManagementDomainModule"
        },
        {
          "declaringAssemblyName": "Volo.Abp.MongoDB",
          "namespace": "Volo.Abp.MongoDB",
          "name": "AbpMongoDbModule"
        }
      ],
      "contentType": "abpModule",
      "name": "AbpFeatureManagementMongoDbModule",
      "summary": null
    },
    {
      "namespace": "Volo.Abp.FeatureManagement.MongoDB",
      "connectionStringName": "AbpFeatureManagement",
      "databaseCollections": [
        {
          "entityFullName": "Volo.Abp.FeatureManagement.FeatureValue",
          "contentType": "databaseCollection",
          "name": "AbpFeatureValues",
          "summary": null
        }
      ],
      "contentType": "mongoDbContext",
      "name": "FeatureManagementMongoDbContext",
      "summary": null
    }
  ]
}