{
  "name": "Volo.Docs.Admin.HttpApi.Client",
  "hash": "15ce943cf8c59b2b3efc37641a538867",
  "contents": [
    {
      "namespace": "Volo.Docs.Admin",
      "dependsOnModules": [
        {
          "declaringAssemblyName": "Volo.Docs.Admin.Application.Contracts",
          "namespace": "Volo.Docs.Admin",
          "name": "DocsAdminApplicationContractsModule"
        },
        {
          "declaringAssemblyName": "Volo.Abp.Http.Client",
          "namespace": "Volo.Abp.Http.Client",
          "name": "AbpHttpClientModule"
        }
      ],
      "contentType": "abpModule",
      "name": "DocsAdminHttpApiClientModule",
      "summary": null
    }
  ]
}