{
  "culture": "ar",
  "texts": {
    "Permission:AuditLogging": "تدوين التسجيل",
    "Permission:AuditLogs": "سجلات التدقيق",
    "Menu:AuditLogging": "سجلات التدقيق",
    "AuditLogs": "سجلات التدقيق",
    "HttpStatus": "حالة Http",
    "HttpMethod": "طريقة Http",
    "HttpMethodFilter": "عامل تصفية أسلوب Http",
    "HttpRequest": "طلب Http",
    "User": "المستعمل",
    "UserNameFilter": "مرشح المستخدم",
    "HasException": "لديه استثناء",
    "IpAddress": "عنوان IP",
    "Time": "زمن",
    "Date": "تاريخ",
    "Duration": "مدة",
    "Detail": "التفاصيل",
    "Overall": "شاملة",
    "Actions": "أجراءات",
    "ClientIpAddress": "عنوان IP للعميل",
    "ClientName": "اسم العميل",
    "BrowserInfo": "معلومات المتصفح",
    "Url": "عنوان Url",
    "UserName": "اسم االمستخدم",
    "TenantImpersonator": "منتحل المستأجر",
    "UserImpersonator": "مقلد المستخدم",
    "UrlFilter": "عامل تصفية عنوان URL",
    "Exceptions": "استثناءات",
    "Comments": "تعليقات",
    "HttpStatusCode": "Http كود الحالة",
    "HttpStatusCodeFilter": "Http عامل تصفية رمز الحالة",
    "ServiceName": "خدمة",
    "MethodName": "طريقة",
    "CorrelationId": "معرف الارتباط",
    "ApplicationName": "اسم التطبيق",
    "ExecutionDuration": "مدة",
    "ExtraProperties": "خصائص اضافية",
    "MaxDuration": "الأعلى. مدة",
    "MinDuration": "دقيقة. مدة",
    "{0}Milliseconds": "{0} مللي ثانية",
    "ExecutionTime": "زمن",
    "Parameters": "المعلمات",
    "EntityTypeFullName": "نوع الكيان الاسم الكامل",
    "Entity": "شخصية",
    "ChangeType": "نوع التغيير",
    "ChangeTime": "زمن",
    "NewValue": "قيمة جديدة",
    "OriginalValue": "القيمة الأصلية",
    "PropertyName": "اسم الخاصية",
    "PropertyTypeFullName": "نوع الخاصية الاسم الكامل",
    "Yes": "نعم",
    "No": "لا",
    "Changes": "التغييرات",
    "AverageExecutionDurationInLogsPerDay": "متوسط مدة التنفيذ",
    "AverageExecutionDurationInMilliseconds": "متوسط مدة التنفيذ بالمللي ثانية",
    "ErrorRateInLogs": "معدل الخطأ في السجلات",
    "Success": "نجاح",
    "Fault": "خطأ",
    "NoChanges": "لا تغيرات)",
    "EntityChanges": "تغييرات الكيان",
    "EntityId": "معرف الكيان",
    "EntityChangeStartTime": "تاريخ التغيير الأدنى",
    "EntityChangeEndTime": "تاريخ التغيير الأقصى",
    "EntityHistory": "تاريخ الكيان",
    "DaysAgoTitle": "{0} {1}.",
    "DaysAgoWithUserTitle": "{0} {1} بواسطة {2}.",
    "Created": "خلقت",
    "Updated": "محدث",
    "Deleted": "تم الحذف",
    "ChangeHistory": "تغيير التاريخ",
    "FullChangeHistory": "سجل التغيير الكامل",
    "ChangeDetails": "تغيير التفاصيل",
    "DurationMs": "المدة (مللي ثانية)",
    "StartDate": "تاريخ البدء",
    "EndDate": "تاريخ الانتهاء",
    "Feature:AuditLoggingGroup": "تدوين التسجيل",
    "Feature:AuditLoggingEnable": "تمكين صفحة تسجيل التدقيق",
    "Feature:AuditLoggingEnableDescription": "تفعيل صفحة تسجيل التدقيق في التطبيق."
  }
}