{
  "culture": "de-DE",
  "texts": {
    "Permission:AuditLogging": "Audit-Protokollierung",
    "Permission:AuditLogs": "Audit-Protokolle",
    "Menu:AuditLogging": "Audit-Protokolle",
    "AuditLogs": "Audit-Protokolle",
    "HttpStatus": "HTTP-Status",
    "HttpMethod": "HTTP-Methode",
    "HttpMethodFilter": "HTTP-Methoden-Filter",
    "HttpRequest": "HTTP Anfrage",
    "User": "Benutzer",
    "UserNameFilter": "Benutzer-Filter",
    "HasException": "Hat Ausnahme",
    "IpAddress": "IP-Adresse",
    "Time": "Zeitpunkt",
    "Duration": "Dauer",
    "Detail": "Details",
    "Overall": "Insgesamt",
    "Actions": "Aktionen",
    "ClientIpAddress": "Client-IP-Adresse",
    "ClientName": "Client-Name",
    "BrowserInfo": "Browser-Informationen",
    "Url": "URL",
    "UserName": "Benutzername",
    "UrlFilter": "URL-Filter",
    "Exceptions": "Ausnahmen",
    "Comments": "Kommentare",
    "HttpStatusCode": "HTTP-Statuscode",
    "HttpStatusCodeFilter": "HTTP-Statuscode-Filter",
    "ServiceName": "Service",
    "MethodName": "Methode",
    "CorrelationId": "Correlation-Id",
    "ApplicationName": "Anwendungsname",
    "ExecutionDuration": "Dauer",
    "ExtraProperties": "Zusätzliche Eigenschaften",
    "MaxDuration": "Max. Dauer",
    "MinDuration": "Min. Dauer",
    "{0}Milliseconds": "{0} Milisekunden",
    "ExecutionTime": "Zeitpunkt",
    "Parameters": "Parameter",
    "EntityTypeFullName": "Voller Name des Entitätstyp",
    "Entity": "Entität",
    "ChangeType": "Änderungstyp",
    "ChangeTime": "Zeitpunkt",
    "NewValue": "Neuer Wert",
    "OriginalValue": "Alter Wert",
    "PropertyName": "Name der Eigenschaft",
    "PropertyTypeFullName": "Voller Name der Eigenschaft",
    "Yes": "Ja",
    "No": "Nein",
    "Changes": "Änderungen",
    "AverageExecutionDurationInLogsPerDay": "Durchschnittliche Ausführungsdauer",
    "AverageExecutionDurationInMilliseconds": "Durchschnittliche Ausführungsdauer in Milisekunden",
    "ErrorRateInLogs": "Fehlerrate in Protokollen",
    "Success": "Erfolg",
    "Fault": "Fehler",
    "NoChanges": "Keine Änderung(en)",
    "EntityChanges": "Entitäts-Änderungen",
    "EntityId": "Entitäts-Id",
    "EntityChangeStartTime": "Min. Änderungzeitpunkt",
    "EntityChangeEndTime": "Max. Änderungszeitpunkt",
    "EntityHistory": "Entitätsverlauf",
    "DaysAgoTitle": "{0} {1}.",
    "DaysAgoWithUserTitle": "{0} {1} durch {2}.",
    "Created": "Erstellt",
    "Updated": "Aktualisiert",
    "Deleted": "Gelöscht",
    "ChangeHistory": "Änderungsverlauf",
    "FullChangeHistory": "Voller Änderungsverlauf",
    "ChangeDetails": "Änderungsdetails",
    "DurationMs": "Dauer (ms)",
    "StartDate": "Startdatum",
    "EndDate": "Endtermin",
    "Feature:AuditLoggingGroup": "Audit-Protokollierung",
    "Feature:AuditLoggingEnable": "Aktivieren Sie die Überwachungsprotokollseite",
    "Feature:AuditLoggingEnableDescription": "Aktivieren Sie die Überwachungsprotokollseite in der App."
  }
}