{
  "culture": "en",
  "texts": {
    "Permission:AuditLogging": "Audit Logging",
    "Permission:AuditLogs": "Audit Logs",
    "Menu:AuditLogging": "Audit Logs",
    "AuditLogs": "Audit Logs",
    "HttpStatus": "Http Status",
    "HttpMethod": "Http Method",
    "HttpMethodFilter": "Http Method Filter",
    "HttpRequest": "Http Request",
    "User": "User",
    "UserNameFilter": "User Filter",
    "HasException": "Has Exception",
    "IpAddress": "Ip Address",
    "Time": "Time",
    "Duration": "Duration",
    "Detail": "Detail",
    "Overall": "Overall",
    "Actions": "Actions",
    "ClientIpAddress": "Client Ip Address",
    "ClientName": "Client Name",
    "BrowserInfo": "Browser Info",
    "Url": "Url",
    "UserName": "User Name",
    "TenantImpersonator": "Tenant Impersonator",
    "UserImpersonator": "User Impersonator",
    "UrlFilter": "Url Filter",
    "Exceptions": "Exceptions",
    "Comments": "Comments",
    "HttpStatusCode": "Http Status Code",
    "HttpStatusCodeFilter": "Http Status Code Filter",
    "ServiceName": "Service",
    "MethodName": "Method",
    "CorrelationId": "Correlation Id",
    "ApplicationName": "Application Name",
    "ExecutionDuration": "Duration",
    "ExtraProperties": "Extra properties",
    "MaxDuration": "Max. Duration",
    "MinDuration": "Min. Duration",
    "{0}Milliseconds": "{0} milliseconds",
    "ExecutionTime": "Time",
    "Parameters": "Parameters",
    "EntityTypeFullName": "Entity Type Full Name",
    "Entity": "Entity",
    "ChangeType": "Change Type",
    "ChangeTime": "Time",
    "NewValue": "New Value",
    "OriginalValue": "Original Value",
    "PropertyName": "Property Name",
    "PropertyTypeFullName": "Property Type Full Name",
    "Yes": "Yes",
    "No": "No",
    "Changes": "Changes",
    "AverageExecutionDurationInLogsPerDay": "Average execution duration",
    "AverageExecutionDurationInMilliseconds": "Average execution duration in milliseconds",
    "ErrorRateInLogs": "Error rate in logs",
    "Success": "Success",
    "Fault": "Fault",
    "NoChanges": "No change(s)",
    "EntityChanges": "Entity Changes",
    "EntityId": "Entity Id",
    "EntityChangeStartTime": "Min Change Date",
    "EntityChangeEndTime": "Max Change Date",
    "EntityHistory": "Entity History",
    "DaysAgoTitle": "{0} {1}.",
    "DaysAgoWithUserTitle": "{0} {1} by {2}.",
    "Created": "Created",
    "Updated": "Updated",
    "Deleted": "Deleted",
    "ChangeHistory": "Change History",
    "FullChangeHistory": "Full Change History",
    "ChangeDetails": "Change Details",
    "DurationMs": "Duration (ms)",
    "StartDate": "Start Date",
    "EndDate": "End Date",
    "Feature:AuditLoggingGroup": "Audit Logging",
    "Feature:AuditLoggingEnable": "Enabled audit logging page",
    "Feature:AuditLoggingEnableDescription": "Enable audit logging page in the application."
  }
}
