{
  "culture": "en",
  "texts": {
    "Permission:AuditLogging": "Audit logging",
    "Permission:AuditLogs": "Audit logs",
    "Menu:AuditLogging": "Audit logs",
    "AuditLogs": "Audit logs",
    "HttpStatus": "HTTP status",
    "HttpMethod": "HTTP method",
    "HttpMethodFilter": "HTTP method filter",
    "HttpRequest": "HTTP Request",
    "User": "User",
    "UserNameFilter": "User filter",
    "HasException": "Has exception",
    "IpAddress": "IP address",
    "Time": "Time",
    "Date": "Date",
    "Duration": "Duration",
    "Detail": "Detail",
    "Overall": "Overall",
    "Actions": "Actions",
    "ClientIpAddress": "Client IP Address",
    "ClientName": "Client Name",
    "BrowserInfo": "Browser Info",
    "Url": "URL",
    "UserName": "User name",
    "TenantImpersonator": "Tenant Impersonator",
    "UserImpersonator": "User Impersonator",
    "UrlFilter": "URL filter",
    "Exceptions": "Exceptions",
    "Comments": "Comments",
    "HttpStatusCode": "HTTP status code",
    "HttpStatusCodeFilter": "HTTP status code filter",
    "ServiceName": "Service",
    "MethodName": "Method",
    "CorrelationId": "Correlation Id",
    "ApplicationName": "Application name",
    "ExecutionDuration": "Duration",
    "ExtraProperties": "Extra properties",
    "MaxDuration": "Max. duration",
    "MinDuration": "Min. duration",
    "MinMaxDuration": "Duration (Min. - Max.)",
    "{0}Milliseconds": "{0} milliseconds",
    "ExecutionTime": "Time",
    "Parameters": "Parameters",
    "EntityTypeFullName": "Entity Type Full Name",
    "Entity": "Entity",
    "ChangeType": "Change type",
    "ChangeTime": "Time",
    "NewValue": "New value",
    "OriginalValue": "Original value",
    "PropertyName": "Property name",
    "PropertyTypeFullName": "Property Type Full Name",
    "Yes": "Yes",
    "No": "No",
    "Changes": "Changes",
    "AverageExecutionDurationInLogsPerDay": "Average execution duration",
    "AverageExecutionDurationInMilliseconds": "Average execution duration in milliseconds",
    "ErrorRateInLogs": "Error rate in logs",
    "Success": "Success",
    "Fault": "Fault",
    "NoChanges": "No change(s)",
    "EntityChanges": "Entity changes",
    "EntityId": "Entity Id",
    "EntityChangeStartTime": "Min change date",
    "EntityChangeEndTime": "Max change date",
    "EntityHistory": "Entity history",
    "DaysAgoTitle": "{0} {1}.",
    "DaysAgoWithUserTitle": "{0} {1} by {2}.",
    "Created": "Created",
    "Updated": "Updated",
    "Deleted": "Deleted",
    "ChangeHistory": "Change history",
    "FullChangeHistory": "Full change history",
    "ChangeDetails": "Change details",
    "DurationMs": "Duration (ms)",
    "StartDate": "Start date",
    "EndDate": "End date",
    "Feature:AuditLoggingGroup": "Audit logging",
    "Feature:AuditLoggingEnable": "Enabled audit logging page",
    "Feature:AuditLoggingEnableDescription": "Enable audit logging page in the application."
  }
}
