{
  "culture": "fi",
  "texts": {
    "Permission:AuditLogging": "Tarkastusten kirjaaminen",
    "Permission:AuditLogs": "Tarkastuslokit",
    "Menu:AuditLogging": "Tarkastuslokit",
    "AuditLogs": "Tarkastuslokit",
    "HttpStatus": "Http-tila",
    "HttpMethod": "Http-menetelmä",
    "HttpMethodFilter": "Http-menetelmän suodatin",
    "HttpRequest": "Http-pyyntö",
    "User": "Käyttäjä",
    "UserNameFilter": "Käyttäjäsuodatin",
    "HasException": "Onko poikkeus",
    "IpAddress": "IP-osoite",
    "Time": "Aika",
    "Duration": "Kesto",
    "Detail": "Yksityiskohta",
    "Overall": "Yleensä ottaen",
    "Actions": "Toiminnot",
    "ClientIpAddress": "Asiakkaan IP-osoite",
    "ClientName": "Asiakkaan Nimi",
    "BrowserInfo": "Selaimen tiedot",
    "Url": "URL-osoite",
    "UserName": "Käyttäjänimi",
    "UrlFilter": "URL-suodatin",
    "Exceptions": "Poikkeukset",
    "Comments": "Kommentit",
    "HttpStatusCode": "Http-tilakoodi",
    "HttpStatusCodeFilter": "Http-tilakoodisuodatin",
    "ServiceName": "Palvelu",
    "MethodName": "Menetelmä",
    "CorrelationId": "Korrelaatiotunnus",
    "ApplicationName": "sovelluksen nimi",
    "ExecutionDuration": "Kesto",
    "ExtraProperties": "Lisäominaisuudet",
    "MaxDuration": "Maks. Kesto",
    "MinDuration": "Min. Kesto",
    "{0}Milliseconds": "{0} millisekuntia",
    "ExecutionTime": "Aika",
    "Parameters": "Parametrit",
    "EntityTypeFullName": "Yhteisön tyyppi Koko nimi",
    "Entity": "Entiteetti",
    "ChangeType": "Vaihda tyyppiä",
    "ChangeTime": "Aika",
    "NewValue": "Uusi arvo",
    "OriginalValue": "Alkuperäinen arvo",
    "PropertyName": "Kiinteistön nimi",
    "PropertyTypeFullName": "Kiinteistötyyppi Koko nimi",
    "Yes": "Joo",
    "No": "Ei",
    "Changes": "Muutokset",
    "AverageExecutionDurationInLogsPerDay": "Keskimääräinen suorituksen kesto",
    "AverageExecutionDurationInMilliseconds": "Keskimääräinen suorituksen kesto millisekunteina",
    "ErrorRateInLogs": "Virheprosentti lokeissa",
    "Success": "Menestys",
    "Fault": "Vika",
    "NoChanges": "Ei muutoksia)",
    "EntityChanges": "Entiteetin muutokset",
    "EntityId": "Entiteetin tunnus",
    "EntityChangeStartTime": "Pienin muutospäivä",
    "EntityChangeEndTime": "Korkein muutospäivä",
    "EntityHistory": "Entiteettihistoria",
    "DaysAgoTitle": "{0} {1}.",
    "DaysAgoWithUserTitle": "{0} {1} kirjoittanut {2}.",
    "Created": "Luotu",
    "Updated": "Päivitetty",
    "Deleted": "Poistettu",
    "ChangeHistory": "Muutoshistoria",
    "FullChangeHistory": "Täysi muutoshistoria",
    "ChangeDetails": "Muuta tietoja",
    "DurationMs": "Kesto (ms)",
    "StartDate": "Aloituspäivämäärä",
    "EndDate": "Päättymispäivä",
    "Feature:AuditLoggingGroup": "Tarkastusten kirjaaminen",
    "Feature:AuditLoggingEnable": "Aktivoi auditointilokisivu",
    "Feature:AuditLoggingEnableDescription": "Ota käyttöön tarkastuksen kirjaussivu sovelluksessa."
  }
}