{
  "culture": "hi",
  "texts": {
    "Permission:AuditLogging": "ऑडिट लॉगिंग",
    "Permission:AuditLogs": "ऑडिट लॉग",
    "Menu:AuditLogging": "ऑडिट लॉग",
    "AuditLogs": "ऑडिट लॉग",
    "HttpStatus": "Http स्थिति",
    "HttpMethod": "Http विधि",
    "HttpMethodFilter": "Http विधि फ़िल्टर",
    "HttpRequest": "Http अनुरोध",
    "User": "उपयोगकर्ता",
    "UserNameFilter": "उपयोगकर्ता फ़िल्टर",
    "HasException": "अपवाद है",
    "IpAddress": "आईपी पता",
    "Time": "समय",
    "Date": "तारीख",
    "Duration": "समयांतराल",
    "Detail": "विस्तार",
    "Overall": "संपूर्ण",
    "Actions": "कार्रवाई",
    "ClientIpAddress": "ग्राहक इप पता",
    "ClientName": "ग्राहक नाम",
    "BrowserInfo": "ब्राउज़र जानकारी",
    "Url": "यूआरएल",
    "UserName": "उपयोगकर्ता नाम",
    "TenantImpersonator": "किरायेदार प्रतिरूपणकर्ता",
    "UserImpersonator": "उपयोगकर्ता प्रतिरूपणकर्ता",
    "UrlFilter": "उर फिल्टर",
    "Exceptions": "अपवाद",
    "Comments": "टिप्पणियाँ",
    "HttpStatusCode": "Http स्थिति कोड",
    "HttpStatusCodeFilter": "Http स्थिति कोड फ़िल्टर",
    "ServiceName": "सेवा",
    "MethodName": "तरीका",
    "CorrelationId": "सहसंबंध आईडी",
    "ApplicationName": "आवेदन का नाम",
    "ExecutionDuration": "समयांतराल",
    "ExtraProperties": "अतिरिक्त गुण",
    "MaxDuration": "मैक्स। समयांतराल",
    "MinDuration": "मिन। समयांतराल",
    "{0}Milliseconds": "{0} मिलीसेकंड",
    "ExecutionTime": "समय",
    "Parameters": "मापदंडों",
    "EntityTypeFullName": "संपूर्ण प्रकार पूर्ण नाम",
    "Entity": "सत्ता",
    "ChangeType": "प्रकार बदलें",
    "ChangeTime": "समय",
    "NewValue": "नया मूल्य",
    "OriginalValue": "असली कीमत",
    "PropertyName": "संपत्ति का नाम",
    "PropertyTypeFullName": "संपत्ति का पूरा नाम",
    "Yes": "हाँ",
    "No": "नहीं न",
    "Changes": "परिवर्तन",
    "AverageExecutionDurationInLogsPerDay": "औसत निष्पादन अवधि",
    "AverageExecutionDurationInMilliseconds": "मिलीसेकंड में औसत निष्पादन अवधि",
    "ErrorRateInLogs": "लॉग में त्रुटि दर",
    "Success": "सफलता",
    "Fault": "दोष",
    "NoChanges": "कोई बदलाव नहीं)",
    "EntityChanges": "इकाई परिवर्तन",
    "EntityId": "इकाई आईडी",
    "EntityChangeStartTime": "मिन चेंज डेट",
    "EntityChangeEndTime": "अधिकतम परिवर्तन तिथि",
    "EntityHistory": "इकाई इतिहास",
    "DaysAgoTitle": "{0} {1}.",
    "DaysAgoWithUserTitle": "{0} {1} से {2}।",
    "Created": "बनाया था",
    "Updated": "अद्यतन",
    "Deleted": "हटाए गए",
    "ChangeHistory": "इतिहास बदलें",
    "FullChangeHistory": "पूर्ण इतिहास बदलें",
    "ChangeDetails": "विवरण बदलें",
    "DurationMs": "अवधि (एमएस)",
    "StartDate": "आरंभ करने की तिथि",
    "EndDate": "समाप्ति तिथि",
    "Feature:AuditLoggingGroup": "ऑडिट लॉगिंग",
    "Feature:AuditLoggingEnable": "सक्षम ऑडिट लॉगिंग पृष्ठ",
    "Feature:AuditLoggingEnableDescription": "एप्लिकेशन में ऑडिट लॉगिंग पृष्ठ सक्षम करें।"
  }
}