{
  "culture": "zh-Hant",
  "texts": {
    "Permission:AuditLogging": "審計日誌",
    "Permission:AuditLogs": "審計日誌",
    "Menu:AuditLogging": "審計日誌",
    "AuditLogs": "審計日誌",
    "HttpStatus": "Http狀態",
    "HttpMethod": "Http方法",
    "HttpMethodFilter": "Http方法過濾",
    "HttpRequest": "Http請求",
    "User": "使用者",
    "UserNameFilter": "使用者過濾",
    "HasException": "存在異常",
    "IpAddress": "IP地址",
    "Time": "時間",
    "Date": "日期",
    "Duration": "持續時間",
    "Detail": "詳情",
    "Overall": "總體",
    "Actions": "操作",
    "ClientIpAddress": "客戶端IP地址",
    "ClientName": "客戶端名稱",
    "BrowserInfo": "瀏覽器資訊",
    "Url": "Url",
    "UserName": "使用者名稱",
    "TenantImpersonator": "租戶模擬",
    "UserImpersonator": "用戶模擬",
    "UrlFilter": "Url過濾",
    "Exceptions": "異常",
    "Comments": "評論",
    "HttpStatusCode": "Http狀態碼",
    "HttpStatusCodeFilter": "Http狀態碼過濾",
    "ServiceName": "服務名稱",
    "MethodName": "方法名稱",
    "CorrelationId": "關聯Id",
    "ApplicationName": "應用名稱",
    "ExecutionDuration": "持續時間",
    "ExtraProperties": "額外屬性",
    "MaxDuration": "最大持續時間",
    "MinDuration": "最小持續時間",
    "{0}Milliseconds": "{0} 毫秒",
    "ExecutionTime": "時間",
    "Parameters": "參數",
    "EntityTypeFullName": "實體型別全名",
    "Entity": "實體",
    "ChangeType": "更改型別",
    "ChangeTime": "時間",
    "NewValue": "新值",
    "OriginalValue": "原始值",
    "PropertyName": "屬性名稱",
    "PropertyTypeFullName": "屬性型別全名",
    "Yes": "Yes",
    "No": "No",
    "Changes": "變化",
    "AverageExecutionDurationInLogsPerDay": "平均處理時間(每天日誌)",
    "AverageExecutionDurationInMilliseconds": "平均處理時間(毫秒)",
    "ErrorRateInLogs": "日誌中的錯誤率",
    "Success": "成功",
    "Fault": "故障",
    "NoChanges": "沒有變化",
    "EntityChanges": "實體變更",
    "EntityId": "實體Id",
    "EntityChangeStartTime": "最小更改日期",
    "EntityChangeEndTime": "最大更改日期",
    "EntityHistory": "實體歷史",
    "DaysAgoTitle": "{0} {1}.",
    "DaysAgoWithUserTitle": "{0} {1} 通過 {2}.",
    "Created": "建立",
    "Updated": "更新",
    "Deleted": "已刪除",
    "ChangeHistory": "變更記錄",
    "FullChangeHistory": "完整的變更記錄",
    "ChangeDetails": "變更詳情",
    "DurationMs": "持續時間(毫秒)",
    "StartDate": "開始時間",
    "EndDate": "結束時間",
    "Feature:AuditLoggingGroup": "審計日誌",
    "Feature:AuditLoggingEnable": "啟用審計日誌頁面",
    "Feature:AuditLoggingEnableDescription": "在應用程序中啟用審計日誌頁面."
  }
}