{
  "name": "Volo.CmsKit.Public.Application",
  "hash": "35fc84bf4ee895c703bdf1cf037afb14",
  "contents": [
    {
      "namespace": "Volo.CmsKit.Public",
      "contentType": "abpModule",
      "name": "CmsKitPublicApplicationModule"
    },
    {
      "namespace": "Volo.CmsKit.Public.Reactions",
      "summary": null,
      "implementingInterfaces": [
        "Volo.CmsKit.Public.Reactions.IReactionPublicAppService"
      ],
      "contentType": "applicationService",
      "name": "ReactionPublicAppService"
    },
    {
      "namespace": "Volo.CmsKit.Public.Ratings",
      "summary": null,
      "implementingInterfaces": [
        "Volo.CmsKit.Public.Ratings.IRatingPublicAppService"
      ],
      "contentType": "applicationService",
      "name": "RatingPublicAppService"
    },
    {
      "namespace": "Volo.CmsKit.Public.Pages",
      "summary": null,
      "implementingInterfaces": [
        "Volo.CmsKit.Public.Pages.IPagePublicAppService"
      ],
      "contentType": "applicationService",
      "name": "PagePublicAppService"
    },
    {
      "namespace": "Volo.CmsKit.Public.Menus",
      "summary": null,
      "implementingInterfaces": [
        "Volo.CmsKit.Public.Menus.IMenuItemPublicAppService"
      ],
      "contentType": "applicationService",
      "name": "MenuItemPublicAppService"
    },
    {
      "namespace": "Volo.CmsKit.Public.GlobalResources",
      "summary": null,
      "implementingInterfaces": [
        "Volo.CmsKit.Public.GlobalResources.IGlobalResourcePublicAppService"
      ],
      "contentType": "applicationService",
      "name": "GlobalResourcePublicAppService"
    },
    {
      "namespace": "Volo.CmsKit.Public.Comments",
      "summary": null,
      "implementingInterfaces": [
        "Volo.CmsKit.Public.Comments.ICommentPublicAppService"
      ],
      "contentType": "applicationService",
      "name": "CommentPublicAppService"
    },
    {
      "namespace": "Volo.CmsKit.Public.Blogs",
      "summary": null,
      "implementingInterfaces": [
        "Volo.CmsKit.Public.Blogs.IBlogPostPublicAppService"
      ],
      "contentType": "applicationService",
      "name": "BlogPostPublicAppService"
    }
  ]
}