{
  "name": "Volo.Blogging.Application.Contracts",
  "hash": "f2a2b822180c20a5777a479daeb68dc7",
  "contents": [
    {
      "namespace": "Volo.Blogging",
      "dependsOnModules": [
        {
          "declaringAssemblyName": "Volo.Blogging.Application.Contracts.Shared",
          "namespace": "Volo.Blogging",
          "name": "BloggingApplicationContractsSharedModule"
        }
      ],
      "contentType": "abpModule",
      "name": "BloggingApplicationContractsModule",
      "summary": null
    }
  ]
}