{
  "name": "Volo.Blogging.Application.Contracts",
  "hash": "79aaedec9a66549902bf8736741f0270",
  "contents": [
    {
      "namespace": "Volo.Blogging",
      "dependsOnModules": [
        {
          "declaringAssemblyName": "Volo.Blogging.Application.Contracts.Shared",
          "namespace": "Volo.Blogging",
          "name": "BloggingApplicationContractsSharedModule"
        }
      ],
      "contentType": "abpModule",
      "name": "BloggingApplicationContractsModule",
      "summary": null
    }
  ]
}