{
  "name": "Volo.Blogging.Application.Contracts",
  "hash": "a666042b1edb958fd4bdc7f3d1a18b57",
  "contents": [
    {
      "namespace": "Volo.Blogging",
      "dependsOnModules": [
        {
          "declaringAssemblyName": "Volo.Blogging.Application.Contracts.Shared",
          "namespace": "Volo.Blogging",
          "name": "BloggingApplicationContractsSharedModule"
        }
      ],
      "contentType": "abpModule",
      "name": "BloggingApplicationContractsModule",
      "summary": null
    }
  ]
}