{
  "name": "Volo.Blogging.Application.Contracts",
  "hash": "055380de8d80632d4c892340ab1a0281",
  "contents": [
    {
      "namespace": "Volo.Blogging",
      "dependsOnModules": [
        {
          "declaringAssemblyName": "Volo.Blogging.Application.Contracts.Shared",
          "namespace": "Volo.Blogging",
          "name": "BloggingApplicationContractsSharedModule"
        }
      ],
      "contentType": "abpModule",
      "name": "BloggingApplicationContractsModule",
      "summary": null
    }
  ]
}