{
  "name": "Volo.Abp.Users.EntityFrameworkCore",
  "hash": "9139cad4d2833de14b81b8eacd2fa299",
  "contents": [
    {
      "namespace": "Volo.Abp.Users.EntityFrameworkCore",
      "dependsOnModules": [
        {
          "declaringAssemblyName": "Volo.Abp.Users.Domain",
          "namespace": "Volo.Abp.Users",
          "name": "AbpUsersDomainModule"
        },
        {
          "declaringAssemblyName": "Volo.Abp.EntityFrameworkCore",
          "namespace": "Volo.Abp.EntityFrameworkCore",
          "name": "AbpEntityFrameworkCoreModule"
        }
      ],
      "contentType": "abpModule",
      "name": "AbpUsersEntityFrameworkCoreModule",
      "summary": null
    }
  ]
}