{
  "name": "Volo.Abp.PermissionManagement.Domain.Shared",
  "hash": "55e8ff55fc46d842df674ec1ab53255f",
  "contents": [
    {
      "namespace": "Volo.Abp.PermissionManagement",
      "dependsOnModules": [
        {
          "declaringAssemblyName": "Volo.Abp.Validation",
          "namespace": "Volo.Abp.Validation",
          "name": "AbpValidationModule"
        }
      ],
      "contentType": "abpModule",
      "name": "AbpPermissionManagementDomainSharedModule",
      "summary": null
    }
  ]
}