{
  "name": "Volo.Abp.PermissionManagement.Domain.Shared",
  "hash": "a54aee3309cfdb4e8f13a8d352c89474",
  "contents": [
    {
      "namespace": "Volo.Abp.PermissionManagement",
      "dependsOnModules": [
        {
          "declaringAssemblyName": "Volo.Abp.Validation",
          "namespace": "Volo.Abp.Validation",
          "name": "AbpValidationModule"
        }
      ],
      "contentType": "abpModule",
      "name": "AbpPermissionManagementDomainSharedModule",
      "summary": null
    }
  ]
}