{
  "name": "Volo.Abp.PermissionManagement.Domain.Shared",
  "hash": "0e9919ffd1e5d7475f8549ee51d44c18",
  "contents": [
    {
      "namespace": "Volo.Abp.PermissionManagement",
      "dependsOnModules": [
        {
          "declaringAssemblyName": "Volo.Abp.Validation",
          "namespace": "Volo.Abp.Validation",
          "name": "AbpValidationModule"
        }
      ],
      "contentType": "abpModule",
      "name": "AbpPermissionManagementDomainSharedModule",
      "summary": null
    }
  ]
}