{
  "name": "Volo.Abp.PermissionManagement.Domain.Shared",
  "hash": "8d79ce102c6ca8a2de413a088b652443",
  "contents": [
    {
      "namespace": "Volo.Abp.PermissionManagement",
      "dependsOnModules": [
        {
          "declaringAssemblyName": "Volo.Abp.Validation",
          "namespace": "Volo.Abp.Validation",
          "name": "AbpValidationModule"
        }
      ],
      "contentType": "abpModule",
      "name": "AbpPermissionManagementDomainSharedModule",
      "summary": null
    }
  ]
}