{
  "name": "Volo.Abp.PermissionManagement.HttpApi",
  "hash": "47599419194cd4c7960b036320f4b6d9",
  "contents": [
    {
      "namespace": "Volo.Abp.PermissionManagement.HttpApi",
      "dependsOnModules": [
        {
          "declaringAssemblyName": "Volo.Abp.PermissionManagement.Application.Contracts",
          "namespace": "Volo.Abp.PermissionManagement",
          "name": "AbpPermissionManagementApplicationContractsModule"
        },
        {
          "declaringAssemblyName": "Volo.Abp.AspNetCore.Mvc",
          "namespace": "Volo.Abp.AspNetCore.Mvc",
          "name": "AbpAspNetCoreMvcModule"
        }
      ],
      "contentType": "abpModule",
      "name": "AbpPermissionManagementHttpApiModule",
      "summary": null
    }
  ]
}