{
  "name": "Volo.Abp.PermissionManagement.HttpApi",
  "hash": "0a974980a456e6320ab6c455813aa99f",
  "contents": [
    {
      "namespace": "Volo.Abp.PermissionManagement.HttpApi",
      "dependsOnModules": [
        {
          "declaringAssemblyName": "Volo.Abp.PermissionManagement.Application.Contracts",
          "namespace": "Volo.Abp.PermissionManagement",
          "name": "AbpPermissionManagementApplicationContractsModule"
        },
        {
          "declaringAssemblyName": "Volo.Abp.AspNetCore.Mvc",
          "namespace": "Volo.Abp.AspNetCore.Mvc",
          "name": "AbpAspNetCoreMvcModule"
        }
      ],
      "contentType": "abpModule",
      "name": "AbpPermissionManagementHttpApiModule",
      "summary": null
    }
  ]
}