{
  "name": "Volo.Docs.Application.Contracts",
  "hash": "f7996e48768e4e2734907010972f94ae",
  "contents": [
    {
      "namespace": "Volo.Docs",
      "dependsOnModules": [
        {
          "declaringAssemblyName": "Volo.Docs.Domain.Shared",
          "namespace": "Volo.Docs",
          "name": "DocsDomainSharedModule"
        },
        {
          "declaringAssemblyName": "Volo.Abp.Ddd.Application.Contracts",
          "namespace": "Volo.Abp.Application",
          "name": "AbpDddApplicationContractsModule"
        }
      ],
      "contentType": "abpModule",
      "name": "DocsApplicationContractsModule",
      "summary": null
    }
  ]
}