{
  "culture": "de",
  "texts": {
    "Volo.IdentityServer:DuplicateIdentityResourceName": "Identität Ressourcenname existiert bereits: {Name}",
    "Volo.IdentityServer:DuplicateApiResourceName": "Api Ressourcenname existiert bereits: {Name}",
    "Volo.IdentityServer:DuplicateClientId": "ClientId bereits vorhanden: {ClientId}",
    "UserLockedOut": "Das Benutzerkonto wurde aufgrund ungültiger Anmeldeversuche ausgesperrt. Bitte warten Sie eine Weile und versuchen Sie es erneut.",
    "InvalidUserNameOrPassword": "Ungültiger Benutzername oder Passwort!",
    "LoginIsNotAllowed": "Sie dürfen sich nicht anmelden! Sie müssen Ihre E-Mail/Telefonnummer bestätigen.",
    "InvalidUsername": "Ungültiger Benutzername oder Passwort!"
  }
}