{
  "culture": "ru",
  "texts": {
    "Volo.IdentityServer:DuplicateIdentityResourceName": "Имя ресурса идентификации уже существует: {Name}",
    "Volo.IdentityServer:DuplicateApiResourceName": "Имя ресурса API уже существует: {Name}",
    "Volo.IdentityServer:DuplicateClientId": "Параметр ClientID уже существует: {ClientId}",
    "UserLockedOut": "Учетная запись пользователя была заблокирована из-за неудачных попыток входа в систему. Пожалуйста, попробуйте позже.",
    "InvalidUserNameOrPassword": "Неверное имя пользователя или пароль!",
    "LoginIsNotAllowed": "У вас нет разрешения на вход в систему. Необходимо подтвердить свой адрес электронной почты/номер телефона.",
    "InvalidUsername": "Неверное имя пользователя или пароль!"
  }
}
