{
  "name": "Volo.Abp.Identity.AspNetCore",
  "hash": "870d53856b4363d4dcb02a185d4097c0",
  "contents": [
    {
      "namespace": "Volo.Abp.Identity.AspNetCore",
      "dependsOnModules": [
        {
          "declaringAssemblyName": "Volo.Abp.Identity.Domain",
          "namespace": "Volo.Abp.Identity",
          "name": "AbpIdentityDomainModule"
        }
      ],
      "contentType": "abpModule",
      "name": "AbpIdentityAspNetCoreModule",
      "summary": null
    }
  ]
}