{
  "name": "Volo.Abp.Account.Application.Contracts",
  "hash": "6ffcf119ad7ba3024433e44e882d3289",
  "contents": [
    {
      "namespace": "Volo.Abp.Account",
      "dependsOnModules": [
        {
          "declaringAssemblyName": "Volo.Abp.Identity.Application.Contracts",
          "namespace": "Volo.Abp.Identity",
          "name": "AbpIdentityApplicationContractsModule"
        }
      ],
      "contentType": "abpModule",
      "name": "AbpAccountApplicationContractsModule",
      "summary": null
    }
  ]
}