{
  "name": "Volo.Abp.Account.Application.Contracts",
  "hash": "d265d23b6ed9a23640cd75c98c4b60fa",
  "contents": [
    {
      "namespace": "Volo.Abp.Account",
      "dependsOnModules": [
        {
          "declaringAssemblyName": "Volo.Abp.Identity.Application.Contracts",
          "namespace": "Volo.Abp.Identity",
          "name": "AbpIdentityApplicationContractsModule"
        }
      ],
      "contentType": "abpModule",
      "name": "AbpAccountApplicationContractsModule",
      "summary": null
    }
  ]
}