{
  "name": "Volo.Abp.PermissionManagement.Web",
  "hash": "1420cc351eaa9002961e7a6db7283b4c",
  "contents": [
    {
      "namespace": "Volo.Abp.PermissionManagement.Web",
      "dependsOnModules": [
        {
          "declaringAssemblyName": "Volo.Abp.PermissionManagement.Application.Contracts",
          "namespace": "Volo.Abp.PermissionManagement",
          "name": "AbpPermissionManagementApplicationContractsModule"
        },
        {
          "declaringAssemblyName": "Volo.Abp.AspNetCore.Mvc.UI.Bootstrap",
          "namespace": "Volo.Abp.AspNetCore.Mvc.UI.Bootstrap",
          "name": "AbpAspNetCoreMvcUiBootstrapModule"
        },
        {
          "declaringAssemblyName": "Volo.Abp.AutoMapper",
          "namespace": "Volo.Abp.AutoMapper",
          "name": "AbpAutoMapperModule"
        }
      ],
      "contentType": "abpModule",
      "name": "AbpPermissionManagementWebModule",
      "summary": null
    }
  ]
}