{
  "name": "Volo.ClientSimulation",
  "hash": "c9dcf45fda85b1641e3ebf35f5cd3546",
  "contents": [
    {
      "namespace": "Volo.ClientSimulation",
      "dependsOnModules": [
        {
          "declaringAssemblyName": "Volo.Abp.Http.Client.IdentityModel",
          "namespace": "Volo.Abp.Http.Client.IdentityModel",
          "name": "AbpHttpClientIdentityModelModule"
        }
      ],
      "contentType": "abpModule",
      "name": "ClientSimulationModule",
      "summary": null
    }
  ]
}