{
  "name": "Volo.Abp.BlobStoring.Database.Domain.Shared",
  "hash": "7b5fbaed677c52d96d4938b726a83a26",
  "contents": [
    {
      "namespace": "Volo.Abp.BlobStoring.Database",
      "dependsOnModules": [
        {
          "declaringAssemblyName": "Volo.Abp.Validation",
          "namespace": "Volo.Abp.Validation",
          "name": "AbpValidationModule"
        }
      ],
      "contentType": "abpModule",
      "name": "BlobStoringDatabaseDomainSharedModule",
      "summary": null
    }
  ]
}