{
  "culture": "hi",
  "texts": {
    "Documents": "दस्तावेज़",
    "BackToWebsite": "वेबसाइट पर वापस",
    "Contributors": "योगदानकर्ताओं",
    "ShareOn": "पर साझा करें",
    "Version": "संस्करण",
    "Edit": "संपादित करें",
    "LastEditTime": "अंतिम संपादन",
    "Delete": "हटाएं",
    "ClearCache": "कैश को साफ़ करें",
    "ClearCacheConfirmationMessage": "क्या आप प्रोजेक्ट \"{0}\" के लिए सभी कैश साफ़ करना सुनिश्चित कर रहे हैं",
    "ReIndexAllProjects": "सभी परियोजनाओं को फिर से लिखना",
    "ReIndexProject": "ReIndex परियोजना",
    "ReIndexProjectConfirmationMessage": "क्या आप प्रोजेक्ट \"{0}\" के लिए निश्चित हैं",
    "SuccessfullyReIndexProject": "प्रोजेक्ट \"{0}\" के लिए सफलतापूर्वक reindex",
    "ReIndexAllProjectConfirmationMessage": "क्या आप सभी प्रोजेक्ट को फिर से बनाना सुनिश्चित कर रहे हैं?",
    "SuccessfullyReIndexAllProject": "सभी प्रोजेक्ट्स के लिए सफलतापूर्वक रीइंडेक्स",
    "InThisDocument": "इस दस्तावेज़ में",
    "GoToTop": "ऊपर जाएँ",
    "Projects": "परियोजना",
    "NoProjectWarning": "अभी तक कोई प्रोजेक्ट नहीं हैं!",
    "DocumentNotFound": "ओह, अनुरोधित दस्तावेज़ नहीं मिला!",
    "ProjectNotFound": "उफ़, अनुरोधित प्रोजेक्ट नहीं मिला!",
    "NavigationDocumentNotFound": "इस संस्करण में एक नेविगेशन दस्तावेज़ नहीं है!",
    "DocumentNotFoundInSelectedLanguage": "जिस भाषा में आप चाहते थे वह दस्तावेज नहीं मिला। डिफ़ॉल्ट भाषा में दस्तावेज़ दिखाया गया है।",
    "FilterTopics": "विषयों को फ़िल्टर करें",
    "FullSearch": "दस्तावेजों में खोजें",
    "Volo.Docs.Domain:010001": "लोचदार खोज सक्षम नहीं है।",
    "MultipleVersionDocumentInfo": "इस दस्तावेज़ के कई संस्करण हैं। आपके लिए सबसे उपयुक्त विकल्प का चयन करें।",
    "New": "नवीन व",
    "Upd": "युपीडी",
    "NewExplanation": "पिछले दो हफ्तों में बनाया गया।",
    "UpdatedExplanation": "पिछले दो हफ्तों में अपडेट किया गया।",
    "Volo.Docs.Domain:010002": "ShortName {ShortName} पहले से मौजूद है।",
    "Preview": "पूर्व दर्शन",
    "Search": "खोज",
    "SearchResults": "खोज परिणाम"
  }
}