{
  "name": "Volo.Abp.Users.Abstractions",
  "hash": "dd3eb6de32f470df20700d1a29b6585e",
  "contents": [
    {
      "namespace": "Volo.Abp.Users",
      "dependsOnModules": [
        {
          "declaringAssemblyName": "Volo.Abp.MultiTenancy",
          "namespace": "Volo.Abp.MultiTenancy",
          "name": "AbpMultiTenancyModule"
        },
        {
          "declaringAssemblyName": "Volo.Abp.EventBus",
          "namespace": "Volo.Abp.EventBus",
          "name": "AbpEventBusModule"
        }
      ],
      "contentType": "abpModule",
      "name": "AbpUsersAbstractionModule",
      "summary": null
    }
  ]
}