{
  "culture": "sl",
  "texts": {
    "Volo.Abp.TenantManagement:DuplicateTenantName": "Ime najemnika že obstaja: {Name}",
    "Menu:TenantManagement": "Upravljanje najemnikov",
    "Tenants": "Najemniki",
    "NewTenant": "Nov najemnik",
    "TenantName": "Naziv najemnika",
    "DisplayName:TenantName": "Naziv najemnika",
    "TenantDeletionConfirmationMessage": "Najemnik '{0}' bo izbrisan. Ali to potrjujete?",
    "ConnectionStrings": "Connection Strings",
    "DisplayName:DefaultConnectionString": "Privzeti Connection String",
    "DisplayName:UseSharedDatabase": "Uporabi skupno bazo",
    "ManageHostFeatures": "Upravljajte funkcije gostitelja",
    "Permission:TenantManagement": "Upravljanje najemnikov",
    "Permission:Create": "Ustvarjanje",
    "Permission:Edit": "Urejanje",
    "Permission:Delete": "Brisanje",
    "Permission:ManageConnectionStrings": "Upravljanje connection string-ov",
    "Permission:ManageFeatures": "Upravljanje funkcionalnosti",
    "DisplayName:AdminEmailAddress": "Admin e-poštni naslov",
    "DisplayName:AdminPassword": "Skrbniško geslo"
  }
}