{
  "name": "Volo.CmsKit.HttpApi.Client",
  "hash": "9fbc0fcb7d436699f9dd653dcbb87b72",
  "contents": [
    {
      "namespace": "Volo.CmsKit",
      "dependsOnModules": [
        {
          "declaringAssemblyName": "Volo.CmsKit.Admin.HttpApi.Client",
          "namespace": "Volo.CmsKit.Admin",
          "name": "CmsKitAdminHttpApiClientModule"
        },
        {
          "declaringAssemblyName": "Volo.CmsKit.Public.HttpApi.Client",
          "namespace": "Volo.CmsKit.Public",
          "name": "CmsKitPublicHttpApiClientModule"
        },
        {
          "declaringAssemblyName": "Volo.CmsKit.Application.Contracts",
          "namespace": "Volo.CmsKit",
          "name": "CmsKitApplicationContractsModule"
        }
      ],
      "contentType": "abpModule",
      "name": "CmsKitHttpApiClientModule",
      "summary": null
    }
  ]
}