{
  "culture": "ro-RO",
  "texts": {
    "Menu:IdentityManagement": "Administrarea identităţii",
    "Users": "Utilizatori",
    "NewUser": "Utilizator nou",
    "UserName": "Nume de utilizator",
    "EmailAddress": "Adresa de email",
    "PhoneNumber": "Număr de telefon",
    "UserInformations": "Informaţii de utilizator",
    "DisplayName:IsDefault": "Implicit",
    "DisplayName:IsStatic": "Static",
    "DisplayName:IsPublic": "Public",
    "Roles": "Roluri",
    "Password": "Parola",
    "PersonalInfo": "Profilul meu",
    "PersonalSettings": "Setări personale",
    "UserDeletionConfirmationMessage": "Utilizatorul '{0}' va fi şters. Sunteţi sigur(ă)?",
    "RoleDeletionConfirmationMessage": "Rolul '{0}' va fi şters. Sunteţi sigur(ă)?",
    "DisplayName:RoleName": "Nume rol",
    "DisplayName:UserName": "Nume de utilizator",
    "DisplayName:Name": "Nume",
    "DisplayName:Surname": "Nume",
    "DisplayName:Password": "Parola",
    "DisplayName:Email": "Adresa de email",
    "DisplayName:PhoneNumber": "Număr de telefon",
    "DisplayName:TwoFactorEnabled": "Autentificare în doi paşi",
    "DisplayName:IsActive": "Activ",
    "DisplayName:LockoutEnabled": "Blocaţi contul după încercări eşuate de autentificare",
    "NewRole": "Rol nou",
    "RoleName": "Nume rol",
    "CreationTime": "Data creării",
    "Permissions": "Permisiuni",
    "DisplayName:CurrentPassword": "Parola curentă",
    "DisplayName:NewPassword": "Parola nouă",
    "DisplayName:NewPasswordConfirm": "Confirmaţi noua parolă",
    "PasswordChangedMessage": "Parola dumneavoastră a fost schimbată cu succes.",
    "PersonalSettingsSavedMessage": "Setările personale ale dumneavoastră au fost salvate cu succes.",
    "Volo.Abp.Identity:DefaultError": "A intervenit o eroare neaşteptată.",
    "Volo.Abp.Identity:ConcurrencyFailure": "Eşec concurenţial optimist, obiectul a fost modificat.",
    "Volo.Abp.Identity:DuplicateEmail": "Emailul '{0}' este deja luat.",
    "Volo.Abp.Identity:DuplicateRoleName": "Numele de rol '{0}' este deja luat.",
    "Volo.Abp.Identity:DuplicateUserName": "Numele de utilizator '{0}' este deja luat.",
    "Volo.Abp.Identity:InvalidEmail": "Emailul '{0}' este invalid.",
    "Volo.Abp.Identity:InvalidPasswordHasherCompatibilityMode": "Modul PasswordHasherCompatibilityMode este invalid.",
    "Volo.Abp.Identity:InvalidPasswordHasherIterationCount": "Numărul de iteraţii trebuie să fie un număr întreg pozitiv..",
    "Volo.Abp.Identity:InvalidRoleName": "Numele de rol '{0}' este invalid.",
    "Volo.Abp.Identity:InvalidToken": "Invalid token.",
    "Volo.Abp.Identity:InvalidUserName": "Numele de utilizator '{0}' este invalid, poate conţine doar litere şi cifre.",
    "Volo.Abp.Identity:LoginAlreadyAssociated": "Un utilizator cu această autentificare există deja.",
    "Volo.Abp.Identity:PasswordMismatch": "Parolă incorectă.",
    "Volo.Abp.Identity:PasswordRequiresDigit": "Parolele trebuie să conţină cel puţin o cifră ('0'-'9').",
    "Volo.Abp.Identity:PasswordRequiresLower": "Parolele trebuie să conţină cel puţin o literă ('a'-'z').",
    "Volo.Abp.Identity:PasswordRequiresNonAlphanumeric": "Parolele trebuie să conţină cel puţin un caracter non alphanumeric.",
    "Volo.Abp.Identity:PasswordRequiresUpper": "Parolele trebuie să conţină cel puţin o majusculă ('A'-'Z').",
    "Volo.Abp.Identity:PasswordTooShort": "Parolele trebuie să aibă cel puţin {0} caractere.",
    "Volo.Abp.Identity:RoleNotFound": "Rolul {0} nu există does not exist.",
    "Volo.Abp.Identity:UserAlreadyHasPassword": "Utilizatorul şi-a setat deja o parolă.",
    "Volo.Abp.Identity:UserAlreadyInRole": "Utilizatorul are deja rolul '{0}'.",
    "Volo.Abp.Identity:UserLockedOut": "Utilizatorul este blocat.",
    "Volo.Abp.Identity:UserLockoutNotEnabled": "Blocarea nu este activată pentru acest utilizator.",
    "Volo.Abp.Identity:UserNameNotFound": "Utilizatorul {0} nu există.",
    "Volo.Abp.Identity:UserNotInRole": "Utilizatorul nu are rolul '{0}'.",
    "Volo.Abp.Identity:PasswordConfirmationFailed": "Parola nu este aceeaşi cu confirm password.",
    "Volo.Abp.Identity:010001": "Nu vă puteţi şterge contul!",
    "Volo.Abp.Identity:010002": "Nu pot fi setate mai mult de {MaxUserMembershipCount} unităţi organizaţionale pentru un utilizator!",
    "Volo.Abp.Identity:010003": "Nu poate fi schimbată parola unui utilizator autentificat din exterior!",
    "Volo.Abp.Identity:010004": "Există deja o unitate organizaţională cu numele {0}. Nu pot fi create două unităţi cu aceleaşi nume pe acelaşi nivel.",
    "Volo.Abp.Identity:010005": "Rolurile statice nu pot fi redenumite.",
    "Volo.Abp.Identity:010006": "Rolurile statice nu pot fi şterse.",
    "Volo.Abp.Identity:010007": "Nu vă puteţi schimba setările de autentificare în doi paşi.",
    "Volo.Abp.Identity:010008": "Nu este permisă modificarea setărilor autentificării în doi paşi.",
    "Identity.OrganizationUnit.MaxUserMembershipCount": "Numărul maxim de unităţi organizaţionale permise pentru un utilizator",
    "ThisUserIsNotActiveMessage": "Acest utilizator nu este activ.",
    "Permission:IdentityManagement": "Administrare identităţii",
    "Permission:RoleManagement": "Administrare rolurilor",
    "Permission:Create": "Creează",
    "Permission:Edit": "Editează",
    "Permission:Delete": "Şterge",
    "Permission:ChangePermissions": "Schimbă permisiunile",
    "Permission:UserManagement": "Administrarea utilizatorilor",
    "Permission:UserLookup": "Căutarea utilizatorilor",
    "DisplayName:Abp.Identity.Password.RequiredLength": "Lungimea necesară",
    "DisplayName:Abp.Identity.Password.RequiredUniqueChars": "Numărul de caractere unice necesare",
    "DisplayName:Abp.Identity.Password.RequireNonAlphanumeric": "Numărul de caractere non-alfanumerice",
    "DisplayName:Abp.Identity.Password.RequireLowercase": "Numărul de caractere",
    "DisplayName:Abp.Identity.Password.RequireUppercase": "Numărul de caractere cu majusculă",
    "DisplayName:Abp.Identity.Password.RequireDigit": "Numărul de cifre",
    "DisplayName:Abp.Identity.Lockout.AllowedForNewUsers": "Activat pentru noi utilizatori",
    "DisplayName:Abp.Identity.Lockout.LockoutDuration": "Durata blocării (secunde)",
    "DisplayName:Abp.Identity.Lockout.MaxFailedAccessAttempts": "Numărul maxim de încercări de acces eşuate",
    "DisplayName:Abp.Identity.SignIn.RequireConfirmedEmail": "Solicită email confirmat",
    "DisplayName:Abp.Identity.SignIn.EnablePhoneNumberConfirmation": "Permite utilizatorilor să îşi confirme numărul de telefon",
    "DisplayName:Abp.Identity.SignIn.RequireConfirmedPhoneNumber": "Solicită număr de telefon confirmat",
    "DisplayName:Abp.Identity.User.IsUserNameUpdateEnabled": "Permite utilizatorilor să îşi schimbe numele de utilizator",
    "DisplayName:Abp.Identity.User.IsEmailUpdateEnabled": "Permite utilizatorilor să îşi schimbe adresa de email",
    "Description:Abp.Identity.Password.RequiredLength": "Lungimea minimă a parolei.",
    "Description:Abp.Identity.Password.RequiredUniqueChars": "Numărul minim de caractere unice pe care trebuie să-l conţină parola.",
    "Description:Abp.Identity.Password.RequireNonAlphanumeric": "Dacă parolele trebuie să conţină caractere non-alfanumerice.",
    "Description:Abp.Identity.Password.RequireLowercase": "Dacă parolele trebuie să conţină un caracter ASCII.",
    "Description:Abp.Identity.Password.RequireUppercase": "Dacă parolele trebuie să conţină un caracter ASCII cu majusculă.",
    "Description:Abp.Identity.Password.RequireDigit": "Dacă parolele trebuie să conţină o cifră.",
    "Description:Abp.Identity.Lockout.AllowedForNewUsers": "Dacă un utilizator nou poate fi blocat.",
    "Description:Abp.Identity.Lockout.LockoutDuration": "Durata blocării unui utilizator când intervine blocarea.",
    "Description:Abp.Identity.Lockout.MaxFailedAccessAttempts": "Numărul de accesări eşuate permise înainte de a bloca un utilizator, presupunând că blocarea este activată.",
    "Description:Abp.Identity.SignIn.RequireConfirmedEmail": "Dacă o adresă de email confirmată este obligatorie pentru autentificare.",
    "Description:Abp.Identity.SignIn.EnablePhoneNumberConfirmation": "Dacă numărul de telefon poate fi confirmată de către utilizator.",
    "Description:Abp.Identity.SignIn.RequireConfirmedPhoneNumber": "Dacă un număr de telefon confirmat este oblicatoriu pentru autentificare.",
    "Description:Abp.Identity.User.IsUserNameUpdateEnabled": "Dacă numele de utilizator poate fi actualizat de către utilizator.",
    "Description:Abp.Identity.User.IsEmailUpdateEnabled": "Dacă emailul poate fi actualizat de către utilizator."
  }
}