{
  "culture": "vi",
  "texts": {
    "Menu:IdentityManagement": "Quản lý danh tính",
    "Users": "Người dùng",
    "NewUser": "Tạo người dùng mới",
    "UserName": "Tên đăng nhập",
    "EmailAddress": "Địa chỉ email",
    "PhoneNumber": "Số điện thoại",
    "UserInformations": "Thông tin người dùng",
    "DisplayName:IsDefault": "Mặc định",
    "DisplayName:IsStatic": "Cố định",
    "DisplayName:IsPublic": "Công khai",
    "Roles": "Vai trò",
    "Password": "Mật khẩu",
    "PersonalInfo": "Thông tin của tôi",
    "PersonalSettings": "Thiết lập cá nhân",
    "UserDeletionConfirmationMessage": "Người '{0}' sẽ bị xóa. Bạn có xác nhận điều này không?",
    "RoleDeletionConfirmationMessage": "vai trò '{0}' sẽ bị xóa. Bạn có xác nhận điều này không?",
    "DisplayName:RoleName": "Tên vai trò",
    "DisplayName:UserName": "Tên người dùng",
    "DisplayName:Name": "Tên",
    "DisplayName:Surname": "Họ",
    "DisplayName:Password": "mật khẩu",
    "DisplayName:Email": "Địa chỉ email",
    "DisplayName:PhoneNumber": "Số điện thoại",
    "DisplayName:TwoFactorEnabled": "Xác thực hai yếu tố",
    "DisplayName:LockoutEnabled": "Khóa tài khoản sau những lần đăng nhập thất bại",
    "NewRole": "Vai trò mới",
    "RoleName": "Tên vai trò",
    "CreationTime": "Thời gian tạo",
    "Permissions": "Quyền",
    "DisplayName:CurrentPassword": "Mật khẩu hiện tại",
    "DisplayName:NewPassword": "Mật khẩu mới",
    "DisplayName:NewPasswordConfirm": "Xác nhận mật khẩu",
    "PasswordChangedMessage": "Mật khẩu của bạn đã được thay đổi thành công.",
    "PersonalSettingsSavedMessage": "Thiết lập của bạn đã được lưu lại thành công.",
    "Volo.Abp.Identity:DefaultError": "Một thất bại chưa biết đã xảy ra.",
    "Volo.Abp.Identity:ConcurrencyFailure": "Thất bại đồng thời lạc quan, đối tượng đã được sửa đổi.",
    "Volo.Abp.Identity:DuplicateEmail": "Email '{0}' đã được sử dụng.",
    "Volo.Abp.Identity:DuplicateRoleName": "Tên vài trò '{0}' đã được sử dụng.",
    "Volo.Abp.Identity:DuplicateUserName": "User name '{0}' đã được sử dụng.",
    "Volo.Abp.Identity:InvalidEmail": "Email '{0}' Không hợp lệ.",
    "Volo.Abp.Identity:InvalidPasswordHasherCompatibilityMode": "PasswordHasherCompatibilityMode được cung cấp không hợp lệ.",
    "Volo.Abp.Identity:InvalidPasswordHasherIterationCount": "Số lần lặp phải là số nguyên dương.",
    "Volo.Abp.Identity:InvalidRoleName": "Tên người dùng '{0}' Không hợp lệ.",
    "Volo.Abp.Identity:InvalidToken": "Token không hợp lệ.",
    "Volo.Abp.Identity:InvalidUserName": "Tên người dùng '{0}' không hợp lệ, chỉ có thể chứa chữ cái hoặc chữ số.",
    "Volo.Abp.Identity:LoginAlreadyAssociated": "Một người dùng có thông tin đăng nhập này đã tồn tại.",
    "Volo.Abp.Identity:PasswordMismatch": "Mật khẩu không đúng.",
    "Volo.Abp.Identity:PasswordRequiresDigit": "Mật khẩu phải có ít nhất một chữ số ('0'-'9').",
    "Volo.Abp.Identity:PasswordRequiresLower": "Mật khẩu phải có ít nhất một chữ thường ('a'-'z').",
    "Volo.Abp.Identity:PasswordRequiresNonAlphanumeric": "Mật khẩu phải có ít nhất một ký tự không phải là chữ và số.",
    "Volo.Abp.Identity:PasswordRequiresUpper": "Mật khẩu phải có ít nhất một chữ hoa ('A'-'Z').",
    "Volo.Abp.Identity:PasswordTooShort": "Mật khẩu phải ít nhất {0} kí tự.",
    "Volo.Abp.Identity:RoleNotFound": "Vai trò {0} không tồn tại.",
    "Volo.Abp.Identity:UserAlreadyHasPassword": "Người dùng đã có một mật khẩu.",
    "Volo.Abp.Identity:UserAlreadyInRole": "Người dùng đã có vai trò '{0}'.",
    "Volo.Abp.Identity:UserLockedOut": "Người dùng bị khóa.",
    "Volo.Abp.Identity:UserLockoutNotEnabled": "Khóa không được kích hoạt cho người dùng này.",
    "Volo.Abp.Identity:UserNameNotFound": "Người dùng {0} không tồn tại.",
    "Volo.Abp.Identity:UserNotInRole": "Người dùng không có vai trò '{0}'.",
    "Volo.Abp.Identity:PasswordConfirmationFailed": "Mật khẩu không khớp với mật khẩu xác nhận.",
    "Volo.Abp.Identity:010005": "Vai trò này là cố định không được phép đổi tên.",
    "Volo.Abp.Identity:010006": "Vai trò này là cố định không được phép xóa.",
    "Volo.Abp.Identity:010001": "Bạn không thể xóa tài khoản của riêng bạn!",
    "Permission:IdentityManagement": "Quản lý danh tính",
    "Permission:RoleManagement": "Quản lý vai trò",
    "Permission:Create": "Tạo",
    "Permission:Edit": "Sửa",
    "Permission:Delete": "Xóa",
    "Permission:ChangePermissions": "Thay đổi quyền",
    "Permission:UserManagement": "Quản lý người dùng",
    "Permission:UserLookup": "Tra cứu người dùng"
  }
}
