{
  "name": "Volo.Abp.PermissionManagement.Domain.Shared",
  "hash": "28de95a10c2c2c183627a7d140ae6b06",
  "contents": [
    {
      "namespace": "Volo.Abp.PermissionManagement",
      "dependsOnModules": [
        {
          "declaringAssemblyName": "Volo.Abp.Validation",
          "namespace": "Volo.Abp.Validation",
          "name": "AbpValidationModule"
        }
      ],
      "contentType": "abpModule",
      "name": "AbpPermissionManagementDomainSharedModule",
      "summary": null
    }
  ]
}