{
  "name": "Volo.Abp.SettingManagement.Application.Contracts",
  "hash": "b1a0fccf13958f92729bd861c67c306b",
  "contents": [
    {
      "namespace": "Volo.Abp.SettingManagement",
      "dependsOnModules": [
        {
          "declaringAssemblyName": "Volo.Abp.SettingManagement.Domain.Shared",
          "namespace": "Volo.Abp.SettingManagement",
          "name": "AbpSettingManagementDomainSharedModule"
        },
        {
          "declaringAssemblyName": "Volo.Abp.Ddd.Application.Contracts",
          "namespace": "Volo.Abp.Application",
          "name": "AbpDddApplicationContractsModule"
        },
        {
          "declaringAssemblyName": "Volo.Abp.Authorization.Abstractions",
          "namespace": "Volo.Abp.Authorization",
          "name": "AbpAuthorizationAbstractionsModule"
        }
      ],
      "contentType": "abpModule",
      "name": "AbpSettingManagementApplicationContractsModule",
      "summary": null
    },
    {
      "displayName": "Emailing",
      "isEnabled": true,
      "contentType": "permission",
      "name": "SettingManagement.Emailing",
      "summary": null
    },
    {
      "displayName": "Emailing test",
      "isEnabled": true,
      "contentType": "permission",
      "name": "SettingManagement.Emailing.Test",
      "summary": null
    }
  ]
}