{
  "name": "Volo.Abp.Identity.HttpApi",
  "hash": "3f751db5fff2768caee2cff987670aa7",
  "contents": [
    {
      "namespace": "Volo.Abp.Identity",
      "dependsOnModules": [
        {
          "declaringAssemblyName": "Volo.Abp.Identity.Application.Contracts",
          "namespace": "Volo.Abp.Identity",
          "name": "AbpIdentityApplicationContractsModule"
        },
        {
          "declaringAssemblyName": "Volo.Abp.AspNetCore.Mvc",
          "namespace": "Volo.Abp.AspNetCore.Mvc",
          "name": "AbpAspNetCoreMvcModule"
        }
      ],
      "contentType": "abpModule",
      "name": "AbpIdentityHttpApiModule",
      "summary": null
    }
  ]
}