{
  "name": "Volo.Abp.Identity.Domain.Shared",
  "hash": "c08bf11a2f2cdf98fe3c44412f36afdc",
  "contents": [
    {
      "namespace": "Volo.Abp.Identity",
      "dependsOnModules": [
        {
          "declaringAssemblyName": "Volo.Abp.Users.Domain.Shared",
          "namespace": "Volo.Abp.Users",
          "name": "AbpUsersDomainSharedModule"
        },
        {
          "declaringAssemblyName": "Volo.Abp.Validation",
          "namespace": "Volo.Abp.Validation",
          "name": "AbpValidationModule"
        },
        {
          "declaringAssemblyName": "Volo.Abp.Features",
          "namespace": "Volo.Abp.Features",
          "name": "AbpFeaturesModule"
        }
      ],
      "contentType": "abpModule",
      "name": "AbpIdentityDomainSharedModule",
      "summary": null
    }
  ]
}