{
  "name": "Volo.Abp.AuditLogging.EntityFrameworkCore",
  "hash": "ce7134690167eded17ba2eac28d2d34e",
  "contents": [
    {
      "namespace": "Volo.Abp.AuditLogging.EntityFrameworkCore",
      "dependsOnModules": [
        {
          "declaringAssemblyName": "Volo.Abp.AuditLogging.Domain",
          "namespace": "Volo.Abp.AuditLogging",
          "name": "AbpAuditLoggingDomainModule"
        },
        {
          "declaringAssemblyName": "Volo.Abp.EntityFrameworkCore",
          "namespace": "Volo.Abp.EntityFrameworkCore",
          "name": "AbpEntityFrameworkCoreModule"
        }
      ],
      "implementingInterfaces": [
        {
          "name": "IAbpModule",
          "namespace": "Volo.Abp.Modularity",
          "declaringAssemblyName": "Volo.Abp.Core",
          "fullName": "Volo.Abp.Modularity.IAbpModule"
        },
        {
          "name": "IOnPreApplicationInitialization",
          "namespace": "Volo.Abp.Modularity",
          "declaringAssemblyName": "Volo.Abp.Core",
          "fullName": "Volo.Abp.Modularity.IOnPreApplicationInitialization"
        },
        {
          "name": "IOnApplicationInitialization",
          "namespace": "Volo.Abp",
          "declaringAssemblyName": "Volo.Abp.Core",
          "fullName": "Volo.Abp.IOnApplicationInitialization"
        },
        {
          "name": "IOnPostApplicationInitialization",
          "namespace": "Volo.Abp.Modularity",
          "declaringAssemblyName": "Volo.Abp.Core",
          "fullName": "Volo.Abp.Modularity.IOnPostApplicationInitialization"
        },
        {
          "name": "IOnApplicationShutdown",
          "namespace": "Volo.Abp",
          "declaringAssemblyName": "Volo.Abp.Core",
          "fullName": "Volo.Abp.IOnApplicationShutdown"
        },
        {
          "name": "IPreConfigureServices",
          "namespace": "Volo.Abp.Modularity",
          "declaringAssemblyName": "Volo.Abp.Core",
          "fullName": "Volo.Abp.Modularity.IPreConfigureServices"
        },
        {
          "name": "IPostConfigureServices",
          "namespace": "Volo.Abp.Modularity",
          "declaringAssemblyName": "Volo.Abp.Core",
          "fullName": "Volo.Abp.Modularity.IPostConfigureServices"
        }
      ],
      "contentType": "abpModule",
      "name": "AbpAuditLoggingEntityFrameworkCoreModule",
      "summary": null
    },
    {
      "namespace": "Volo.Abp.AuditLogging.EntityFrameworkCore",
      "connectionStringName": "AbpAuditLogging",
      "databaseTables": [
        {
          "entityFullName": "Volo.Abp.AuditLogging.AuditLog",
          "contentType": "databaseTable",
          "name": "AbpAuditLogs",
          "summary": null
        },
        {
          "entityFullName": "Volo.Abp.AuditLogging.AuditLogAction",
          "contentType": "databaseTable",
          "name": "AbpAuditLogActions",
          "summary": null
        },
        {
          "entityFullName": "Volo.Abp.AuditLogging.EntityChange",
          "contentType": "databaseTable",
          "name": "AbpEntityChanges",
          "summary": null
        },
        {
          "entityFullName": "Volo.Abp.AuditLogging.EntityPropertyChange",
          "contentType": "databaseTable",
          "name": "AbpEntityPropertyChanges",
          "summary": null
        }
      ],
      "replacedDbContexts": [],
      "implementingInterfaces": [
        {
          "name": "IInfrastructure<IServiceProvider>",
          "namespace": "Microsoft.EntityFrameworkCore.Infrastructure",
          "declaringAssemblyName": "Microsoft.EntityFrameworkCore",
          "fullName": "Microsoft.EntityFrameworkCore.Infrastructure.IInfrastructure<IServiceProvider>"
        },
        {
          "name": "IDbContextDependencies",
          "namespace": "Microsoft.EntityFrameworkCore.Internal",
          "declaringAssemblyName": "Microsoft.EntityFrameworkCore",
          "fullName": "Microsoft.EntityFrameworkCore.Internal.IDbContextDependencies"
        },
        {
          "name": "IDbSetCache",
          "namespace": "Microsoft.EntityFrameworkCore.Internal",
          "declaringAssemblyName": "Microsoft.EntityFrameworkCore",
          "fullName": "Microsoft.EntityFrameworkCore.Internal.IDbSetCache"
        },
        {
          "name": "IDbContextPoolable",
          "namespace": "Microsoft.EntityFrameworkCore.Internal",
          "declaringAssemblyName": "Microsoft.EntityFrameworkCore",
          "fullName": "Microsoft.EntityFrameworkCore.Internal.IDbContextPoolable"
        },
        {
          "name": "IResettableService",
          "namespace": "Microsoft.EntityFrameworkCore.Infrastructure",
          "declaringAssemblyName": "Microsoft.EntityFrameworkCore",
          "fullName": "Microsoft.EntityFrameworkCore.Infrastructure.IResettableService"
        },
        {
          "name": "IDisposable",
          "namespace": "System",
          "declaringAssemblyName": "System.Private.CoreLib",
          "fullName": "System.IDisposable"
        },
        {
          "name": "IAsyncDisposable",
          "namespace": "System",
          "declaringAssemblyName": "System.Private.CoreLib",
          "fullName": "System.IAsyncDisposable"
        },
        {
          "name": "IAbpEfCoreDbContext",
          "namespace": "Volo.Abp.EntityFrameworkCore",
          "declaringAssemblyName": "Volo.Abp.EntityFrameworkCore",
          "fullName": "Volo.Abp.EntityFrameworkCore.IAbpEfCoreDbContext"
        },
        {
          "name": "IEfCoreDbContext",
          "namespace": "Volo.Abp.EntityFrameworkCore",
          "declaringAssemblyName": "Volo.Abp.EntityFrameworkCore",
          "fullName": "Volo.Abp.EntityFrameworkCore.IEfCoreDbContext"
        },
        {
          "name": "ITransientDependency",
          "namespace": "Volo.Abp.DependencyInjection",
          "declaringAssemblyName": "Volo.Abp.Core",
          "fullName": "Volo.Abp.DependencyInjection.ITransientDependency"
        },
        {
          "name": "IAuditLoggingDbContext",
          "namespace": "Volo.Abp.AuditLogging.EntityFrameworkCore",
          "declaringAssemblyName": "Volo.Abp.AuditLogging.EntityFrameworkCore",
          "fullName": "Volo.Abp.AuditLogging.EntityFrameworkCore.IAuditLoggingDbContext"
        }
      ],
      "contentType": "efCoreDbContext",
      "name": "AbpAuditLoggingDbContext",
      "summary": null
    }
  ]
}