{
  "name": "Volo.Abp.Identity.Application.Contracts",
  "hash": "c8af4ea9f3e5ede28216e8369a597c9a",
  "contents": [
    {
      "namespace": "Volo.Abp.Identity",
      "dependsOnModules": [
        {
          "declaringAssemblyName": "Volo.Abp.Identity.Domain.Shared",
          "namespace": "Volo.Abp.Identity",
          "name": "AbpIdentityDomainSharedModule"
        },
        {
          "declaringAssemblyName": "Volo.Abp.Users.Abstractions",
          "namespace": "Volo.Abp.Users",
          "name": "AbpUsersAbstractionModule"
        },
        {
          "declaringAssemblyName": "Volo.Abp.Authorization",
          "namespace": "Volo.Abp.Authorization",
          "name": "AbpAuthorizationModule"
        },
        {
          "declaringAssemblyName": "Volo.Abp.PermissionManagement.Application.Contracts",
          "namespace": "Volo.Abp.PermissionManagement",
          "name": "AbpPermissionManagementApplicationContractsModule"
        }
      ],
      "contentType": "abpModule",
      "name": "AbpIdentityApplicationContractsModule",
      "summary": null
    },
    {
      "displayName": "Role management",
      "isEnabled": true,
      "contentType": "permission",
      "name": "AbpIdentity.Roles",
      "summary": null
    },
    {
      "displayName": "Create",
      "isEnabled": true,
      "contentType": "permission",
      "name": "AbpIdentity.Roles.Create",
      "summary": null
    },
    {
      "displayName": "Edit",
      "isEnabled": true,
      "contentType": "permission",
      "name": "AbpIdentity.Roles.Update",
      "summary": null
    },
    {
      "displayName": "Delete",
      "isEnabled": true,
      "contentType": "permission",
      "name": "AbpIdentity.Roles.Delete",
      "summary": null
    },
    {
      "displayName": "Change permissions",
      "isEnabled": true,
      "contentType": "permission",
      "name": "AbpIdentity.Roles.ManagePermissions",
      "summary": null
    },
    {
      "displayName": "User management",
      "isEnabled": true,
      "contentType": "permission",
      "name": "AbpIdentity.Users",
      "summary": null
    },
    {
      "displayName": "Create",
      "isEnabled": true,
      "contentType": "permission",
      "name": "AbpIdentity.Users.Create",
      "summary": null
    },
    {
      "displayName": "Edit",
      "isEnabled": true,
      "contentType": "permission",
      "name": "AbpIdentity.Users.Update",
      "summary": null
    },
    {
      "displayName": "Delete",
      "isEnabled": true,
      "contentType": "permission",
      "name": "AbpIdentity.Users.Delete",
      "summary": null
    },
    {
      "displayName": "Change permissions",
      "isEnabled": true,
      "contentType": "permission",
      "name": "AbpIdentity.Users.ManagePermissions",
      "summary": null
    },
    {
      "displayName": "User lookup",
      "isEnabled": true,
      "contentType": "permission",
      "name": "AbpIdentity.UserLookup",
      "summary": null
    }
  ]
}