{
  "name": "Volo.Blogging.Admin.Application",
  "hash": "da2cac72c4199b60197f4b57b5e7c9e6",
  "contents": [
    {
      "namespace": "Volo.Blogging.Admin",
      "contentType": "abpModule",
      "name": "BloggingAdminApplicationModule"
    },
    {
      "namespace": "Volo.Blogging.Admin.Blogs",
      "summary": null,
      "implementingInterfaces": [
        "Volo.Blogging.Admin.Blogs.IBlogManagementAppService"
      ],
      "contentType": "applicationService",
      "name": "BlogManagementAppService"
    }
  ]
}