{
  "name": "Volo.Abp.Account.Application.Contracts",
  "hash": "b1b2278dfff5cf65d63c586071d0f06a",
  "contents": [
    {
      "namespace": "Volo.Abp.Account",
      "dependsOnModules": [
        {
          "declaringAssemblyName": "Volo.Abp.Identity.Application.Contracts",
          "namespace": "Volo.Abp.Identity",
          "name": "AbpIdentityApplicationContractsModule"
        }
      ],
      "contentType": "abpModule",
      "name": "AbpAccountApplicationContractsModule",
      "summary": null
    }
  ]
}