{
  "name": "Volo.Abp.Account.Application.Contracts",
  "hash": "b056a9fa20b75b0f37fdd8fd5fd96c7e",
  "contents": [
    {
      "namespace": "Volo.Abp.Account",
      "dependsOnModules": [
        {
          "declaringAssemblyName": "Volo.Abp.Identity.Application.Contracts",
          "namespace": "Volo.Abp.Identity",
          "name": "AbpIdentityApplicationContractsModule"
        }
      ],
      "contentType": "abpModule",
      "name": "AbpAccountApplicationContractsModule",
      "summary": null
    }
  ]
}