{
  "name": "Volo.Abp.Account.Application.Contracts",
  "hash": "0cf61f35f18e0fb3c791e756d1935108",
  "contents": [
    {
      "namespace": "Volo.Abp.Account",
      "dependsOnModules": [
        {
          "declaringAssemblyName": "Volo.Abp.Identity.Application.Contracts",
          "namespace": "Volo.Abp.Identity",
          "name": "AbpIdentityApplicationContractsModule"
        }
      ],
      "contentType": "abpModule",
      "name": "AbpAccountApplicationContractsModule",
      "summary": null
    }
  ]
}