{
  "name": "Volo.Abp.TenantManagement.MongoDB",
  "hash": "3f9b80d90eb20c165b93c0d785a4430f",
  "contents": [
    {
      "namespace": "Volo.Abp.TenantManagement.MongoDB",
      "contentType": "abpModule",
      "name": "AbpTenantManagementMongoDbModule"
    },
    {
      "namespace": "Volo.Abp.TenantManagement.MongoDB",
      "connectionStringName": "AbpTenantManagement",
      "databaseCollections": [
        {
          "entityFullName": "Volo.Abp.TenantManagement.Tenant",
          "contentType": "databaseCollection",
          "name": "AbpTenants"
        }
      ],
      "contentType": "mongoDbContext",
      "name": "TenantManagementMongoDbContext"
    }
  ]
}