{
  "name": "Volo.Abp.Identity.Application",
  "hash": "327ef2b1683ec6bfec99a19161f8a58d",
  "contents": [
    {
      "namespace": "Volo.Abp.Identity",
      "dependsOnModules": [
        {
          "declaringAssemblyName": "Volo.Abp.Identity.Domain",
          "namespace": "Volo.Abp.Identity",
          "name": "AbpIdentityDomainModule"
        },
        {
          "declaringAssemblyName": "Volo.Abp.Identity.Application.Contracts",
          "namespace": "Volo.Abp.Identity",
          "name": "AbpIdentityApplicationContractsModule"
        },
        {
          "declaringAssemblyName": "Volo.Abp.AutoMapper",
          "namespace": "Volo.Abp.AutoMapper",
          "name": "AbpAutoMapperModule"
        },
        {
          "declaringAssemblyName": "Volo.Abp.PermissionManagement.Application",
          "namespace": "Volo.Abp.PermissionManagement",
          "name": "AbpPermissionManagementApplicationModule"
        }
      ],
      "implementingInterfaces": [
        {
          "name": "IAbpModule",
          "namespace": "Volo.Abp.Modularity",
          "declaringAssemblyName": "Volo.Abp.Core",
          "fullName": "Volo.Abp.Modularity.IAbpModule"
        },
        {
          "name": "IOnPreApplicationInitialization",
          "namespace": "Volo.Abp.Modularity",
          "declaringAssemblyName": "Volo.Abp.Core",
          "fullName": "Volo.Abp.Modularity.IOnPreApplicationInitialization"
        },
        {
          "name": "IOnApplicationInitialization",
          "namespace": "Volo.Abp",
          "declaringAssemblyName": "Volo.Abp.Core",
          "fullName": "Volo.Abp.IOnApplicationInitialization"
        },
        {
          "name": "IOnPostApplicationInitialization",
          "namespace": "Volo.Abp.Modularity",
          "declaringAssemblyName": "Volo.Abp.Core",
          "fullName": "Volo.Abp.Modularity.IOnPostApplicationInitialization"
        },
        {
          "name": "IOnApplicationShutdown",
          "namespace": "Volo.Abp",
          "declaringAssemblyName": "Volo.Abp.Core",
          "fullName": "Volo.Abp.IOnApplicationShutdown"
        },
        {
          "name": "IPreConfigureServices",
          "namespace": "Volo.Abp.Modularity",
          "declaringAssemblyName": "Volo.Abp.Core",
          "fullName": "Volo.Abp.Modularity.IPreConfigureServices"
        },
        {
          "name": "IPostConfigureServices",
          "namespace": "Volo.Abp.Modularity",
          "declaringAssemblyName": "Volo.Abp.Core",
          "fullName": "Volo.Abp.Modularity.IPostConfigureServices"
        }
      ],
      "contentType": "abpModule",
      "name": "AbpIdentityApplicationModule",
      "summary": null
    },
    {
      "namespace": "Volo.Abp.Identity",
      "baseClass": {
        "name": "IdentityAppServiceBase",
        "namespace": "Volo.Abp.Identity",
        "declaringAssemblyName": "Volo.Abp.Identity.Application",
        "fullName": "Volo.Abp.Identity.IdentityAppServiceBase"
      },
      "implementingInterfaces": [
        {
          "name": "IApplicationService",
          "namespace": "Volo.Abp.Application.Services",
          "declaringAssemblyName": "Volo.Abp.Ddd.Application.Contracts",
          "fullName": "Volo.Abp.Application.Services.IApplicationService"
        },
        {
          "name": "IRemoteService",
          "namespace": "Volo.Abp",
          "declaringAssemblyName": "Volo.Abp.Core",
          "fullName": "Volo.Abp.IRemoteService"
        },
        {
          "name": "IAvoidDuplicateCrossCuttingConcerns",
          "namespace": "Volo.Abp.Aspects",
          "declaringAssemblyName": "Volo.Abp.Core",
          "fullName": "Volo.Abp.Aspects.IAvoidDuplicateCrossCuttingConcerns"
        },
        {
          "name": "IValidationEnabled",
          "namespace": "Volo.Abp.Validation",
          "declaringAssemblyName": "Volo.Abp.Validation",
          "fullName": "Volo.Abp.Validation.IValidationEnabled"
        },
        {
          "name": "IUnitOfWorkEnabled",
          "namespace": "Volo.Abp.Uow",
          "declaringAssemblyName": "Volo.Abp.Uow",
          "fullName": "Volo.Abp.Uow.IUnitOfWorkEnabled"
        },
        {
          "name": "IAuditingEnabled",
          "namespace": "Volo.Abp.Auditing",
          "declaringAssemblyName": "Volo.Abp.Auditing.Contracts",
          "fullName": "Volo.Abp.Auditing.IAuditingEnabled"
        },
        {
          "name": "IGlobalFeatureCheckingEnabled",
          "namespace": "Volo.Abp.GlobalFeatures",
          "declaringAssemblyName": "Volo.Abp.GlobalFeatures",
          "fullName": "Volo.Abp.GlobalFeatures.IGlobalFeatureCheckingEnabled"
        },
        {
          "name": "ITransientDependency",
          "namespace": "Volo.Abp.DependencyInjection",
          "declaringAssemblyName": "Volo.Abp.Core",
          "fullName": "Volo.Abp.DependencyInjection.ITransientDependency"
        },
        {
          "name": "IIdentityRoleAppService",
          "namespace": "Volo.Abp.Identity",
          "declaringAssemblyName": "Volo.Abp.Identity.Application.Contracts",
          "fullName": "Volo.Abp.Identity.IIdentityRoleAppService"
        },
        {
          "name": "ICrudAppService<IdentityRoleDto, Guid, GetIdentityRolesInput, IdentityRoleCreateDto, IdentityRoleUpdateDto>",
          "namespace": "Volo.Abp.Application.Services",
          "declaringAssemblyName": "Volo.Abp.Ddd.Application.Contracts",
          "fullName": "Volo.Abp.Application.Services.ICrudAppService<IdentityRoleDto, Guid, GetIdentityRolesInput, IdentityRoleCreateDto, IdentityRoleUpdateDto>"
        },
        {
          "name": "ICrudAppService<IdentityRoleDto, IdentityRoleDto, Guid, GetIdentityRolesInput, IdentityRoleCreateDto, IdentityRoleUpdateDto>",
          "namespace": "Volo.Abp.Application.Services",
          "declaringAssemblyName": "Volo.Abp.Ddd.Application.Contracts",
          "fullName": "Volo.Abp.Application.Services.ICrudAppService<IdentityRoleDto, IdentityRoleDto, Guid, GetIdentityRolesInput, IdentityRoleCreateDto, IdentityRoleUpdateDto>"
        },
        {
          "name": "IReadOnlyAppService<IdentityRoleDto, IdentityRoleDto, Guid, GetIdentityRolesInput>",
          "namespace": "Volo.Abp.Application.Services",
          "declaringAssemblyName": "Volo.Abp.Ddd.Application.Contracts",
          "fullName": "Volo.Abp.Application.Services.IReadOnlyAppService<IdentityRoleDto, IdentityRoleDto, Guid, GetIdentityRolesInput>"
        },
        {
          "name": "ICreateUpdateAppService<IdentityRoleDto, Guid, IdentityRoleCreateDto, IdentityRoleUpdateDto>",
          "namespace": "Volo.Abp.Application.Services",
          "declaringAssemblyName": "Volo.Abp.Ddd.Application.Contracts",
          "fullName": "Volo.Abp.Application.Services.ICreateUpdateAppService<IdentityRoleDto, Guid, IdentityRoleCreateDto, IdentityRoleUpdateDto>"
        },
        {
          "name": "ICreateAppService<IdentityRoleDto, IdentityRoleCreateDto>",
          "namespace": "Volo.Abp.Application.Services",
          "declaringAssemblyName": "Volo.Abp.Ddd.Application.Contracts",
          "fullName": "Volo.Abp.Application.Services.ICreateAppService<IdentityRoleDto, IdentityRoleCreateDto>"
        },
        {
          "name": "IUpdateAppService<IdentityRoleDto, Guid, IdentityRoleUpdateDto>",
          "namespace": "Volo.Abp.Application.Services",
          "declaringAssemblyName": "Volo.Abp.Ddd.Application.Contracts",
          "fullName": "Volo.Abp.Application.Services.IUpdateAppService<IdentityRoleDto, Guid, IdentityRoleUpdateDto>"
        },
        {
          "name": "IDeleteAppService<Guid>",
          "namespace": "Volo.Abp.Application.Services",
          "declaringAssemblyName": "Volo.Abp.Ddd.Application.Contracts",
          "fullName": "Volo.Abp.Application.Services.IDeleteAppService<Guid>"
        }
      ],
      "methods": [
        {
          "returnType": "IdentityRoleDto",
          "name": "GetAsync",
          "summary": null,
          "isAsync": true,
          "isPublic": true,
          "isPrivate": false,
          "isStatic": false,
          "parameters": [
            {
              "type": "Guid",
              "name": "id",
              "isOptional": false
            }
          ]
        },
        {
          "returnType": "ListResultDto<IdentityRoleDto>",
          "name": "GetAllListAsync",
          "summary": null,
          "isAsync": true,
          "isPublic": true,
          "isPrivate": false,
          "isStatic": false,
          "parameters": []
        },
        {
          "returnType": "PagedResultDto<IdentityRoleDto>",
          "name": "GetListAsync",
          "summary": null,
          "isAsync": true,
          "isPublic": true,
          "isPrivate": false,
          "isStatic": false,
          "parameters": [
            {
              "type": "GetIdentityRolesInput",
              "name": "input",
              "isOptional": false
            }
          ]
        },
        {
          "returnType": "IdentityRoleDto",
          "name": "CreateAsync",
          "summary": null,
          "isAsync": true,
          "isPublic": true,
          "isPrivate": false,
          "isStatic": false,
          "parameters": [
            {
              "type": "IdentityRoleCreateDto",
              "name": "input",
              "isOptional": false
            }
          ]
        },
        {
          "returnType": "IdentityRoleDto",
          "name": "UpdateAsync",
          "summary": null,
          "isAsync": true,
          "isPublic": true,
          "isPrivate": false,
          "isStatic": false,
          "parameters": [
            {
              "type": "Guid",
              "name": "id",
              "isOptional": false
            },
            {
              "type": "IdentityRoleUpdateDto",
              "name": "input",
              "isOptional": false
            }
          ]
        },
        {
          "returnType": "Void",
          "name": "DeleteAsync",
          "summary": null,
          "isAsync": true,
          "isPublic": true,
          "isPrivate": false,
          "isStatic": false,
          "parameters": [
            {
              "type": "Guid",
              "name": "id",
              "isOptional": false
            }
          ]
        }
      ],
      "contentType": "applicationService",
      "name": "IdentityRoleAppService",
      "summary": null
    },
    {
      "namespace": "Volo.Abp.Identity",
      "baseClass": {
        "name": "IdentityAppServiceBase",
        "namespace": "Volo.Abp.Identity",
        "declaringAssemblyName": "Volo.Abp.Identity.Application",
        "fullName": "Volo.Abp.Identity.IdentityAppServiceBase"
      },
      "implementingInterfaces": [
        {
          "name": "IApplicationService",
          "namespace": "Volo.Abp.Application.Services",
          "declaringAssemblyName": "Volo.Abp.Ddd.Application.Contracts",
          "fullName": "Volo.Abp.Application.Services.IApplicationService"
        },
        {
          "name": "IRemoteService",
          "namespace": "Volo.Abp",
          "declaringAssemblyName": "Volo.Abp.Core",
          "fullName": "Volo.Abp.IRemoteService"
        },
        {
          "name": "IAvoidDuplicateCrossCuttingConcerns",
          "namespace": "Volo.Abp.Aspects",
          "declaringAssemblyName": "Volo.Abp.Core",
          "fullName": "Volo.Abp.Aspects.IAvoidDuplicateCrossCuttingConcerns"
        },
        {
          "name": "IValidationEnabled",
          "namespace": "Volo.Abp.Validation",
          "declaringAssemblyName": "Volo.Abp.Validation",
          "fullName": "Volo.Abp.Validation.IValidationEnabled"
        },
        {
          "name": "IUnitOfWorkEnabled",
          "namespace": "Volo.Abp.Uow",
          "declaringAssemblyName": "Volo.Abp.Uow",
          "fullName": "Volo.Abp.Uow.IUnitOfWorkEnabled"
        },
        {
          "name": "IAuditingEnabled",
          "namespace": "Volo.Abp.Auditing",
          "declaringAssemblyName": "Volo.Abp.Auditing.Contracts",
          "fullName": "Volo.Abp.Auditing.IAuditingEnabled"
        },
        {
          "name": "IGlobalFeatureCheckingEnabled",
          "namespace": "Volo.Abp.GlobalFeatures",
          "declaringAssemblyName": "Volo.Abp.GlobalFeatures",
          "fullName": "Volo.Abp.GlobalFeatures.IGlobalFeatureCheckingEnabled"
        },
        {
          "name": "ITransientDependency",
          "namespace": "Volo.Abp.DependencyInjection",
          "declaringAssemblyName": "Volo.Abp.Core",
          "fullName": "Volo.Abp.DependencyInjection.ITransientDependency"
        },
        {
          "name": "IIdentityUserAppService",
          "namespace": "Volo.Abp.Identity",
          "declaringAssemblyName": "Volo.Abp.Identity.Application.Contracts",
          "fullName": "Volo.Abp.Identity.IIdentityUserAppService"
        },
        {
          "name": "ICrudAppService<IdentityUserDto, Guid, GetIdentityUsersInput, IdentityUserCreateDto, IdentityUserUpdateDto>",
          "namespace": "Volo.Abp.Application.Services",
          "declaringAssemblyName": "Volo.Abp.Ddd.Application.Contracts",
          "fullName": "Volo.Abp.Application.Services.ICrudAppService<IdentityUserDto, Guid, GetIdentityUsersInput, IdentityUserCreateDto, IdentityUserUpdateDto>"
        },
        {
          "name": "ICrudAppService<IdentityUserDto, IdentityUserDto, Guid, GetIdentityUsersInput, IdentityUserCreateDto, IdentityUserUpdateDto>",
          "namespace": "Volo.Abp.Application.Services",
          "declaringAssemblyName": "Volo.Abp.Ddd.Application.Contracts",
          "fullName": "Volo.Abp.Application.Services.ICrudAppService<IdentityUserDto, IdentityUserDto, Guid, GetIdentityUsersInput, IdentityUserCreateDto, IdentityUserUpdateDto>"
        },
        {
          "name": "IReadOnlyAppService<IdentityUserDto, IdentityUserDto, Guid, GetIdentityUsersInput>",
          "namespace": "Volo.Abp.Application.Services",
          "declaringAssemblyName": "Volo.Abp.Ddd.Application.Contracts",
          "fullName": "Volo.Abp.Application.Services.IReadOnlyAppService<IdentityUserDto, IdentityUserDto, Guid, GetIdentityUsersInput>"
        },
        {
          "name": "ICreateUpdateAppService<IdentityUserDto, Guid, IdentityUserCreateDto, IdentityUserUpdateDto>",
          "namespace": "Volo.Abp.Application.Services",
          "declaringAssemblyName": "Volo.Abp.Ddd.Application.Contracts",
          "fullName": "Volo.Abp.Application.Services.ICreateUpdateAppService<IdentityUserDto, Guid, IdentityUserCreateDto, IdentityUserUpdateDto>"
        },
        {
          "name": "ICreateAppService<IdentityUserDto, IdentityUserCreateDto>",
          "namespace": "Volo.Abp.Application.Services",
          "declaringAssemblyName": "Volo.Abp.Ddd.Application.Contracts",
          "fullName": "Volo.Abp.Application.Services.ICreateAppService<IdentityUserDto, IdentityUserCreateDto>"
        },
        {
          "name": "IUpdateAppService<IdentityUserDto, Guid, IdentityUserUpdateDto>",
          "namespace": "Volo.Abp.Application.Services",
          "declaringAssemblyName": "Volo.Abp.Ddd.Application.Contracts",
          "fullName": "Volo.Abp.Application.Services.IUpdateAppService<IdentityUserDto, Guid, IdentityUserUpdateDto>"
        },
        {
          "name": "IDeleteAppService<Guid>",
          "namespace": "Volo.Abp.Application.Services",
          "declaringAssemblyName": "Volo.Abp.Ddd.Application.Contracts",
          "fullName": "Volo.Abp.Application.Services.IDeleteAppService<Guid>"
        }
      ],
      "methods": [
        {
          "returnType": "IdentityUserDto",
          "name": "GetAsync",
          "summary": null,
          "isAsync": true,
          "isPublic": true,
          "isPrivate": false,
          "isStatic": false,
          "parameters": [
            {
              "type": "Guid",
              "name": "id",
              "isOptional": false
            }
          ]
        },
        {
          "returnType": "PagedResultDto<IdentityUserDto>",
          "name": "GetListAsync",
          "summary": null,
          "isAsync": true,
          "isPublic": true,
          "isPrivate": false,
          "isStatic": false,
          "parameters": [
            {
              "type": "GetIdentityUsersInput",
              "name": "input",
              "isOptional": false
            }
          ]
        },
        {
          "returnType": "ListResultDto<IdentityRoleDto>",
          "name": "GetRolesAsync",
          "summary": null,
          "isAsync": true,
          "isPublic": true,
          "isPrivate": false,
          "isStatic": false,
          "parameters": [
            {
              "type": "Guid",
              "name": "id",
              "isOptional": false
            }
          ]
        },
        {
          "returnType": "ListResultDto<IdentityRoleDto>",
          "name": "GetAssignableRolesAsync",
          "summary": null,
          "isAsync": true,
          "isPublic": true,
          "isPrivate": false,
          "isStatic": false,
          "parameters": []
        },
        {
          "returnType": "IdentityUserDto",
          "name": "CreateAsync",
          "summary": null,
          "isAsync": true,
          "isPublic": true,
          "isPrivate": false,
          "isStatic": false,
          "parameters": [
            {
              "type": "IdentityUserCreateDto",
              "name": "input",
              "isOptional": false
            }
          ]
        },
        {
          "returnType": "IdentityUserDto",
          "name": "UpdateAsync",
          "summary": null,
          "isAsync": true,
          "isPublic": true,
          "isPrivate": false,
          "isStatic": false,
          "parameters": [
            {
              "type": "Guid",
              "name": "id",
              "isOptional": false
            },
            {
              "type": "IdentityUserUpdateDto",
              "name": "input",
              "isOptional": false
            }
          ]
        },
        {
          "returnType": "Void",
          "name": "DeleteAsync",
          "summary": null,
          "isAsync": true,
          "isPublic": true,
          "isPrivate": false,
          "isStatic": false,
          "parameters": [
            {
              "type": "Guid",
              "name": "id",
              "isOptional": false
            }
          ]
        },
        {
          "returnType": "Void",
          "name": "UpdateRolesAsync",
          "summary": null,
          "isAsync": true,
          "isPublic": true,
          "isPrivate": false,
          "isStatic": false,
          "parameters": [
            {
              "type": "Guid",
              "name": "id",
              "isOptional": false
            },
            {
              "type": "IdentityUserUpdateRolesDto",
              "name": "input",
              "isOptional": false
            }
          ]
        },
        {
          "returnType": "IdentityUserDto",
          "name": "FindByUsernameAsync",
          "summary": null,
          "isAsync": true,
          "isPublic": true,
          "isPrivate": false,
          "isStatic": false,
          "parameters": [
            {
              "type": "String",
              "name": "userName",
              "isOptional": false
            }
          ]
        },
        {
          "returnType": "IdentityUserDto",
          "name": "FindByEmailAsync",
          "summary": null,
          "isAsync": true,
          "isPublic": true,
          "isPrivate": false,
          "isStatic": false,
          "parameters": [
            {
              "type": "String",
              "name": "email",
              "isOptional": false
            }
          ]
        }
      ],
      "contentType": "applicationService",
      "name": "IdentityUserAppService",
      "summary": null
    },
    {
      "namespace": "Volo.Abp.Identity",
      "baseClass": {
        "name": "IdentityAppServiceBase",
        "namespace": "Volo.Abp.Identity",
        "declaringAssemblyName": "Volo.Abp.Identity.Application",
        "fullName": "Volo.Abp.Identity.IdentityAppServiceBase"
      },
      "implementingInterfaces": [
        {
          "name": "IApplicationService",
          "namespace": "Volo.Abp.Application.Services",
          "declaringAssemblyName": "Volo.Abp.Ddd.Application.Contracts",
          "fullName": "Volo.Abp.Application.Services.IApplicationService"
        },
        {
          "name": "IRemoteService",
          "namespace": "Volo.Abp",
          "declaringAssemblyName": "Volo.Abp.Core",
          "fullName": "Volo.Abp.IRemoteService"
        },
        {
          "name": "IAvoidDuplicateCrossCuttingConcerns",
          "namespace": "Volo.Abp.Aspects",
          "declaringAssemblyName": "Volo.Abp.Core",
          "fullName": "Volo.Abp.Aspects.IAvoidDuplicateCrossCuttingConcerns"
        },
        {
          "name": "IValidationEnabled",
          "namespace": "Volo.Abp.Validation",
          "declaringAssemblyName": "Volo.Abp.Validation",
          "fullName": "Volo.Abp.Validation.IValidationEnabled"
        },
        {
          "name": "IUnitOfWorkEnabled",
          "namespace": "Volo.Abp.Uow",
          "declaringAssemblyName": "Volo.Abp.Uow",
          "fullName": "Volo.Abp.Uow.IUnitOfWorkEnabled"
        },
        {
          "name": "IAuditingEnabled",
          "namespace": "Volo.Abp.Auditing",
          "declaringAssemblyName": "Volo.Abp.Auditing.Contracts",
          "fullName": "Volo.Abp.Auditing.IAuditingEnabled"
        },
        {
          "name": "IGlobalFeatureCheckingEnabled",
          "namespace": "Volo.Abp.GlobalFeatures",
          "declaringAssemblyName": "Volo.Abp.GlobalFeatures",
          "fullName": "Volo.Abp.GlobalFeatures.IGlobalFeatureCheckingEnabled"
        },
        {
          "name": "ITransientDependency",
          "namespace": "Volo.Abp.DependencyInjection",
          "declaringAssemblyName": "Volo.Abp.Core",
          "fullName": "Volo.Abp.DependencyInjection.ITransientDependency"
        },
        {
          "name": "IIdentityUserLookupAppService",
          "namespace": "Volo.Abp.Identity",
          "declaringAssemblyName": "Volo.Abp.Identity.Application.Contracts",
          "fullName": "Volo.Abp.Identity.IIdentityUserLookupAppService"
        }
      ],
      "methods": [
        {
          "returnType": "UserData",
          "name": "FindByIdAsync",
          "summary": null,
          "isAsync": true,
          "isPublic": true,
          "isPrivate": false,
          "isStatic": false,
          "parameters": [
            {
              "type": "Guid",
              "name": "id",
              "isOptional": false
            }
          ]
        },
        {
          "returnType": "UserData",
          "name": "FindByUserNameAsync",
          "summary": null,
          "isAsync": true,
          "isPublic": true,
          "isPrivate": false,
          "isStatic": false,
          "parameters": [
            {
              "type": "String",
              "name": "userName",
              "isOptional": false
            }
          ]
        },
        {
          "returnType": "ListResultDto<UserData>",
          "name": "SearchAsync",
          "summary": null,
          "isAsync": true,
          "isPublic": true,
          "isPrivate": false,
          "isStatic": false,
          "parameters": [
            {
              "type": "UserLookupSearchInputDto",
              "name": "input",
              "isOptional": false
            }
          ]
        },
        {
          "returnType": "Int64",
          "name": "GetCountAsync",
          "summary": null,
          "isAsync": true,
          "isPublic": true,
          "isPrivate": false,
          "isStatic": false,
          "parameters": [
            {
              "type": "UserLookupCountInputDto",
              "name": "input",
              "isOptional": false
            }
          ]
        }
      ],
      "contentType": "applicationService",
      "name": "IdentityUserLookupAppService",
      "summary": null
    }
  ]
}