{
  "culture": "tr",
  "texts": {
    "Settings": "Ayarlar",
    "SuccessfullySaved": "Başarıyla Kaydedildi",
    "Permission:SettingManagement": "Ayarlar yönetimi",
    "Permission:Emailing": "Email",
    "Menu:Emailing": "Email",
    "SmtpHost": "Sunucu",
    "SmtpPort": "Port",
    "SmtpUserName": "Kullanıcı adı",
    "SmtpPassword": "şifre",
    "SmtpDomain": "Domain",
    "SmtpEnableSsl": "Ssl'i aktif et",
    "SmtpUseDefaultCredentials": "Varsayılan yetkilendirmeleri kullan",
    "DefaultFromAddress": "Varsayılan gönderici görünen isim",
    "DefaultFromDisplayName": "Varsayılan gönderici email adresi",
    "Feature:SettingManagementGroup": "Ayar yönetimi",
    "Feature:SettingManagementEnable": "Ayar yönetimini etkinleştir",
    "Feature:SettingManagementEnableDescription": "Uygulamada ayar yönetim sistemini etkinleştirin.",
    "Feature:AllowTenantsToChangeEmailSettings": "Kiracıların e-posta ayarlarını değiştirmesine izin verin.",
    "Feature:AllowTenantsToChangeEmailSettingsDescription": "Kiracıların e-posta ayarlarını değiştirmesine izin verin."
  }
}