{
  "name": "Volo.Abp.FeatureManagement.HttpApi",
  "hash": "c1f91ebb00017d5c30d0a1b57cffc183",
  "contents": [
    {
      "namespace": "Volo.Abp.FeatureManagement",
      "dependsOnModules": [
        {
          "declaringAssemblyName": "Volo.Abp.FeatureManagement.Application.Contracts",
          "namespace": "Volo.Abp.FeatureManagement",
          "name": "AbpFeatureManagementApplicationContractsModule"
        },
        {
          "declaringAssemblyName": "Volo.Abp.AspNetCore.Mvc",
          "namespace": "Volo.Abp.AspNetCore.Mvc",
          "name": "AbpAspNetCoreMvcModule"
        }
      ],
      "contentType": "abpModule",
      "name": "AbpFeatureManagementHttpApiModule",
      "summary": null
    }
  ]
}