{
  "name": "Volo.CmsKit.Admin.Web",
  "hash": "04cd29d27f760a373d3d21aa367ff765",
  "contents": [
    {
      "namespace": "Volo.CmsKit.Admin.Web",
      "dependsOnModules": [
        {
          "declaringAssemblyName": "Volo.CmsKit.Admin.Application.Contracts",
          "namespace": "Volo.CmsKit.Admin",
          "name": "CmsKitAdminApplicationContractsModule"
        },
        {
          "declaringAssemblyName": "Volo.CmsKit.Common.Web",
          "namespace": "Volo.CmsKit.Web",
          "name": "CmsKitCommonWebModule"
        }
      ],
      "contentType": "abpModule",
      "name": "CmsKitAdminWebModule",
      "summary": null
    }
  ]
}