{
  "name": "VoloDocs.Web",
  "hash": "75a33a2ee7251a3fcd0a20ef1c988a5c",
  "contents": [
    {
      "namespace": "VoloDocs.Web",
      "dependsOnModules": [
        {
          "declaringAssemblyName": "Volo.Docs.Web",
          "namespace": "Volo.Docs",
          "name": "DocsWebModule"
        },
        {
          "declaringAssemblyName": "Volo.Docs.Admin.Web",
          "namespace": "Volo.Docs.Admin",
          "name": "DocsAdminWebModule"
        },
        {
          "declaringAssemblyName": "Volo.Docs.Application",
          "namespace": "Volo.Docs",
          "name": "DocsApplicationModule"
        },
        {
          "declaringAssemblyName": "Volo.Docs.HttpApi",
          "namespace": "Volo.Docs",
          "name": "DocsHttpApiModule"
        },
        {
          "declaringAssemblyName": "Volo.Docs.Admin.Application",
          "namespace": "Volo.Docs.Admin",
          "name": "DocsAdminApplicationModule"
        },
        {
          "declaringAssemblyName": "Volo.Docs.Admin.HttpApi",
          "namespace": "Volo.Docs.Admin",
          "name": "DocsAdminHttpApiModule"
        },
        {
          "declaringAssemblyName": "VoloDocs.EntityFrameworkCore",
          "namespace": "VoloDocs.EntityFrameworkCore",
          "name": "VoloDocsEntityFrameworkCoreModule"
        },
        {
          "declaringAssemblyName": "Volo.Abp.Autofac",
          "namespace": "Volo.Abp.Autofac",
          "name": "AbpAutofacModule"
        },
        {
          "declaringAssemblyName": "Volo.Abp.Account.Web",
          "namespace": "Volo.Abp.Account.Web",
          "name": "AbpAccountWebModule"
        },
        {
          "declaringAssemblyName": "Volo.Abp.Account.Application",
          "namespace": "Volo.Abp.Account",
          "name": "AbpAccountApplicationModule"
        },
        {
          "declaringAssemblyName": "Volo.Abp.Account.HttpApi",
          "namespace": "Volo.Abp.Account",
          "name": "AbpAccountHttpApiModule"
        },
        {
          "declaringAssemblyName": "Volo.Abp.Identity.Web",
          "namespace": "Volo.Abp.Identity.Web",
          "name": "AbpIdentityWebModule"
        },
        {
          "declaringAssemblyName": "Volo.Abp.Identity.Application",
          "namespace": "Volo.Abp.Identity",
          "name": "AbpIdentityApplicationModule"
        },
        {
          "declaringAssemblyName": "Volo.Abp.Identity.HttpApi",
          "namespace": "Volo.Abp.Identity",
          "name": "AbpIdentityHttpApiModule"
        },
        {
          "declaringAssemblyName": "Volo.Abp.PermissionManagement.Domain.Identity",
          "namespace": "Volo.Abp.PermissionManagement.Identity",
          "name": "AbpPermissionManagementDomainIdentityModule"
        },
        {
          "declaringAssemblyName": "Volo.Abp.PermissionManagement.Application",
          "namespace": "Volo.Abp.PermissionManagement",
          "name": "AbpPermissionManagementApplicationModule"
        },
        {
          "declaringAssemblyName": "Volo.Abp.PermissionManagement.HttpApi",
          "namespace": "Volo.Abp.PermissionManagement.HttpApi",
          "name": "AbpPermissionManagementHttpApiModule"
        },
        {
          "declaringAssemblyName": "Volo.Abp.AspNetCore.Mvc.UI.Theme.Basic",
          "namespace": "Volo.Abp.AspNetCore.Mvc.UI.Theme.Basic",
          "name": "AbpAspNetCoreMvcUiBasicThemeModule"
        }
      ],
      "contentType": "abpModule",
      "name": "VoloDocsWebModule",
      "summary": null
    }
  ]
}