{
  "name": "Volo.Docs.Admin.Application.Contracts",
  "hash": "cf08b3ad9649b2949de7d33f5658ffd7",
  "contents": [
    {
      "namespace": "Volo.Docs.Admin",
      "dependsOnModules": [
        {
          "declaringAssemblyName": "Volo.Docs.Domain.Shared",
          "namespace": "Volo.Docs",
          "name": "DocsDomainSharedModule"
        },
        {
          "declaringAssemblyName": "Volo.Abp.Ddd.Application.Contracts",
          "namespace": "Volo.Abp.Application",
          "name": "AbpDddApplicationContractsModule"
        },
        {
          "declaringAssemblyName": "Volo.Abp.Authorization.Abstractions",
          "namespace": "Volo.Abp.Authorization",
          "name": "AbpAuthorizationAbstractionsModule"
        }
      ],
      "implementingInterfaces": [
        {
          "name": "IAbpModule",
          "namespace": "Volo.Abp.Modularity",
          "declaringAssemblyName": "Volo.Abp.Core",
          "fullName": "Volo.Abp.Modularity.IAbpModule"
        },
        {
          "name": "IOnPreApplicationInitialization",
          "namespace": "Volo.Abp.Modularity",
          "declaringAssemblyName": "Volo.Abp.Core",
          "fullName": "Volo.Abp.Modularity.IOnPreApplicationInitialization"
        },
        {
          "name": "IOnApplicationInitialization",
          "namespace": "Volo.Abp",
          "declaringAssemblyName": "Volo.Abp.Core",
          "fullName": "Volo.Abp.IOnApplicationInitialization"
        },
        {
          "name": "IOnPostApplicationInitialization",
          "namespace": "Volo.Abp.Modularity",
          "declaringAssemblyName": "Volo.Abp.Core",
          "fullName": "Volo.Abp.Modularity.IOnPostApplicationInitialization"
        },
        {
          "name": "IOnApplicationShutdown",
          "namespace": "Volo.Abp",
          "declaringAssemblyName": "Volo.Abp.Core",
          "fullName": "Volo.Abp.IOnApplicationShutdown"
        },
        {
          "name": "IPreConfigureServices",
          "namespace": "Volo.Abp.Modularity",
          "declaringAssemblyName": "Volo.Abp.Core",
          "fullName": "Volo.Abp.Modularity.IPreConfigureServices"
        },
        {
          "name": "IPostConfigureServices",
          "namespace": "Volo.Abp.Modularity",
          "declaringAssemblyName": "Volo.Abp.Core",
          "fullName": "Volo.Abp.Modularity.IPostConfigureServices"
        }
      ],
      "contentType": "abpModule",
      "name": "DocsAdminApplicationContractsModule",
      "summary": null
    },
    {
      "displayName": "Projects",
      "isEnabled": true,
      "contentType": "permission",
      "name": "Docs.Admin.Projects",
      "summary": null
    },
    {
      "displayName": "Edit",
      "isEnabled": true,
      "contentType": "permission",
      "name": "Docs.Admin.Projects.Update",
      "summary": null
    },
    {
      "displayName": "Delete",
      "isEnabled": true,
      "contentType": "permission",
      "name": "Docs.Admin.Projects.Delete",
      "summary": null
    },
    {
      "displayName": "Create",
      "isEnabled": true,
      "contentType": "permission",
      "name": "Docs.Admin.Projects.Create",
      "summary": null
    },
    {
      "displayName": "Documents",
      "isEnabled": true,
      "contentType": "permission",
      "name": "Docs.Admin.Documents",
      "summary": null
    }
  ]
}