{
  "culture": "ar",
  "texts": {
    "Settings": "الإعدادات",
    "SuccessfullySaved": "تم الحفظ بنجاح",
    "Permission:SettingManagement": "إدارة الإعداد",
    "Permission:Emailing": "إرسال بالبريد الإلكتروني",
    "Permission:EmailingTest": "اختبار البريد الإلكتروني",
    "Permission:TimeZone": "وحدة زمنية",
    "SendTestEmail": "أرسل بريدًا إلكترونيًا للاختبار",
    "SenderEmailAddress": "عنوان البريد الإلكتروني للمرسل",
    "TargetEmailAddress": "عنوان البريد الإلكتروني المستهدف",
    "Subject": "موضوع",
    "Body": "جسم",
    "TestEmailSubject": "اختبار البريد الإلكتروني {0}",
    "TestEmailBody": "اختبار نص رسالة البريد الإلكتروني هنا",
    "SuccessfullySent": "أرسلت بنجاح",
    "Send": "يرسل",
    "Menu:Emailing": "إرسال بالبريد الإلكتروني",
    "Menu:TimeZone": "وحدة زمنية",
    "DisplayName:Timezone": "وحدة زمنية",
    "TimezoneHelpText": "يُستخدم هذا الإعداد على مستوى التطبيق أو على أساس المستأجر.",
    "SmtpHost": "مضيف",
    "SmtpPort": "ميناء",
    "SmtpUserName": "اسم المستخدم",
    "SmtpPassword": "كلمه السر",
    "SmtpDomain": "اختصاص",
    "SmtpEnableSsl": "تفعيل ssl",
    "SmtpUseDefaultCredentials": "استخدم بيانات الاعتماد الافتراضية",
    "DefaultFromAddress": "افتراضي من العنوان",
    "DefaultFromDisplayName": "افتراضي من اسم العرض",
    "Feature:SettingManagementGroup": "إدارة الإعداد",
    "Feature:SettingManagementEnable": "تمكين إدارة الإعداد",
    "Feature:SettingManagementEnableDescription": "تفعيل إعداد نظام الإدارة في التطبيق.",
    "Feature:AllowChangingEmailSettings": "السماح لتغيير إعدادات البريد الإلكتروني.",
    "Feature:AllowChangingEmailSettingsDescription": "السماح لتغيير إعدادات البريد الإلكتروني."
  }
}