{
  "culture": "de-DE",
  "texts": {
    "Settings": "Einstellungen",
    "SavedSuccessfully": "Erfolgreich gespeichert",
    "Permission:SettingManagement": "Einstellungen-Verwaltung",
    "Permission:Emailing": "E-Mail",
    "Permission:EmailingTest": "Test E-Mails",
    "Permission:TimeZone": "Zeitzone",
    "SendTestEmail": "Test E-Mail senden",
    "SenderEmailAddress": "Absender-Adresse",
    "TargetEmailAddress": "Empfänger-Adresse",
    "Subject": "Betreff",
    "Body": "Nachricht",
    "TestEmailSubject": "Test E-Mail {0}",
    "TestEmailBody": "Test E-Mail Nachricht hier eingeben",
    "SuccessfullySent": "Erfolgreich gesendet",
    "Send": "Senden",
    "Menu:Emailing": "E-Mail",
    "Menu:TimeZone": "Zeitzone",
    "DisplayName:Timezone": "Zeitzone",
    "TimezoneHelpText": "Diese Einstellung wird für die Anwendung oder den Mandanten verwendet.",
    "SmtpHost": "Host",
    "SmtpPort": "Port",
    "SmtpUserName": "Benutzername",
    "SmtpPassword": "Passwort",
    "SmtpDomain": "Domain",
    "SmtpEnableSsl": "SSL aktivieren",
    "SmtpUseDefaultCredentials": "Standardanmeldeinformationen verwenden",
    "DefaultFromAddress": "Standard-Absenderadresse",
    "DefaultFromDisplayName": "Standard-Anzeigename des Absenders",
    "Feature:SettingManagementGroup": "Einstellungsverwaltung",
    "Feature:SettingManagementEnable": "Einstellungsverwaltung aktivieren",
    "Feature:SettingManagementEnableDescription": "Aktivieren Sie das Einstellungsverwaltungssystem in der Anwendung.",
    "Feature:AllowChangingEmailSettings": "Änderung der E-Mail-Einstellungen zulassen.",
    "Feature:AllowChangingEmailSettingsDescription": "Änderung der E-Mail-Einstellungen zulassen."
  }
}
