{
  "culture": "el",
  "texts": {
    "Settings": "Ρυθμίσεις",
    "SuccessfullySaved": "Αποθηκεύτηκε με επιτυχία",
    "Permission:SettingManagement": "Διαχείριση ρυθμίσεων",
    "Permission:Emailing": "Αποστολή email",
    "Permission:EmailingTest": "Αποστολή δοκιμαστικού email",
    "Permission:TimeZone": "Ζώνη ώρας",
    "SendTestEmail": "Αποστολή δοκιμαστικού email",
    "SenderEmailAddress": "Διεύθυνση email αποστολέα",
    "TargetEmailAddress": "Διεύθυνση email παραλήπτη",
    "Subject": "Θέμα",
    "Body": "Κείμενο",
    "TestEmailSubject": "Δοκιμαστικό email {0}",
    "TestEmailBody": "Δοκιμαστικό κείμενο email εδώ",
    "SuccessfullySent": "Στάλθηκε με επιτυχία",
    "Send": "Αποστολή",
    "Menu:Emailing": "Αποστολή email",
    "SmtpHost": "Διακομιστής",
    "SmtpPort": "Πόρτα",
    "SmtpUserName": "Όνομα χρήστη",
    "SmtpPassword": "Κωδικός πρόσβασης",
    "SmtpDomain": "Τομέας",
    "SmtpEnableSsl": "Ενεργοποίηση ssl",
    "SmtpUseDefaultCredentials": "Χρησιμοποιήστε προεπιλεγμένα διαπιστευτήρια",
    "DefaultFromAddress": "Προεπιλεγμένη διεύθυνση αποστολέα",
    "DefaultFromDisplayName": "Προεπιλεγμένο όνομα αποστολέα",
    "Feature:SettingManagementGroup": "Διαχείριση ρυθμίσεων",
    "Feature:SettingManagementEnable": "Ενεργοποίηση διαχείρισης ρυθμίσεων",
    "Feature:SettingManagementEnableDescription": "Ενεργοποίηση συστήματος διαχείρισης ρυθμίσεων στην εφαρμογή.",
    "Feature:AllowChangingEmailSettings": "Επιτρέψτε την αλλαγή των ρυθμίσεων email.",
    "Feature:AllowChangingEmailSettingsDescription": "Επιτρέψτε την αλλαγή των ρυθμίσεων email."
  }
}
