{
  "culture": "es",
  "texts": {
    "Settings": "Configuraciones",
    "SavedSuccessfully": "Guardado correctamente",
    "Permission:SettingManagement": "Configuraciones de correo electronico",
    "Permission:Emailing": "Configuración",
    "Permission:EmailingTest": "prueba de correo electrónico",
    "Permission:TimeZone": "Zona horaria",
    "SendTestEmail": "Enviar correo electrónico de prueba",
    "SenderEmailAddress": "Dirección de correo electrónico del remitente",
    "TargetEmailAddress": "Dirección de correo electrónico de destino",
    "Subject": "Sujeto",
    "Body": "Cuerpo",
    "TestEmailSubject": "Correo electrónico de prueba {0}",
    "TestEmailBody": "Pruebe el cuerpo del mensaje de correo electrónico aquí",
    "SuccessfullySent": "Enviado exitosamente",
    "Send": "Enviar",
    "Menu:Emailing": "Configuración",
    "Menu:TimeZone": "Zona Horaria",
    "DisplayName:Timezone": "Zona horaria",
    "TimezoneHelpText": "Esta configuración se utiliza para toda la aplicación o basada en inquilinos.",
    "SmtpHost": "Host",
    "SmtpPort": "Puerto",
    "SmtpUserName": "Nombre de usuario",
    "SmtpPassword": "Contraseña",
    "SmtpDomain": "Dominio",
    "SmtpEnableSsl": "Activar ssl",
    "SmtpUseDefaultCredentials": "Usar credenciales por defecto",
    "DefaultFromAddress": "Dirección origen por defecto",
    "DefaultFromDisplayName": "Nombre a mostrar por defecto",
    "Feature:SettingManagementGroup": "Gestión de la configuración",
    "Feature:SettingManagementEnable": "Habilitar la gestión de la configuración",
    "Feature:SettingManagementEnableDescription": "Habilite el sistema de gestión de la configuración en la aplicación.",
    "Feature:AllowChangingEmailSettings": "Permitir cambiar la configuración de correo electrónico.",
    "Feature:AllowChangingEmailSettingsDescription": "Permitir cambiar la configuración de correo electrónico."
  }
}