{
  "culture": "fi",
  "texts": {
    "Settings": "Asetukset",
    "SuccessfullySaved": "Tallennettu onnistuneesti",
    "Permission:SettingManagement": "Asetusten hallinta",
    "Permission:Emailing": "Sähköpostiviestit",
    "Permission:EmailingTest": "Sähköpostitesti",
    "SendTestEmail": "Lähetä testisähköposti",
    "SenderEmailAddress": "Lähettäjän sähköpostiosoite",
    "TargetEmailAddress": "Kohdesähköpostiosoite",
    "Subject": "Aihe",
    "Body": "Runko",
    "TestEmailSubject": "Testisähköposti {0}",
    "TestEmailBody": "Testaa sähköpostiviestiä täällä",
    "SuccessfullySent": "Lähetetty onnistuneesti",
    "Send": "Lähetä",
    "Menu:Emailing": "Sähköpostiviestit",
    "SmtpHost": "Isäntä",
    "SmtpPort": "Portti",
    "SmtpUserName": "Käyttäjänimi",
    "SmtpPassword": "Salasana",
    "SmtpDomain": "Verkkotunnus",
    "SmtpEnableSsl": "Ota käyttöön SSL",
    "SmtpUseDefaultCredentials": "Käytä oletusarvoisia tunnistetietoja",
    "DefaultFromAddress": "Oletus osoitteesta",
    "DefaultFromDisplayName": "Oletus näyttönimestä",
    "Feature:SettingManagementGroup": "Asetusten hallinta",
    "Feature:SettingManagementEnable": "Ota asetusten hallinta käyttöön",
    "Feature:SettingManagementEnableDescription": "Ota asetustenhallintajärjestelmä käyttöön sovelluksessa.",
    "Feature:AllowChangingEmailSettings": "Salli sähköpostiasetusten muuttaminen.",
    "Feature:AllowChangingEmailSettingsDescription": "Salli sähköpostiasetusten muuttaminen."
  }
}