{
  "culture": "fr",
  "texts": {
    "Settings": "Paramètres",
    "SavedSuccessfully": "Enregistré avec succès",
    "Permission:SettingManagement": "Gestion des paramètres",
    "Permission:Emailing": "Envoi par e-mail",
    "Permission:EmailingTest": "Test d&#39;emailing",
    "Permission:TimeZone": "Fuseau horaire",
    "SendTestEmail": "Envoyer un e-mail de test",
    "SenderEmailAddress": "Adresse email de l&#39;expéditeur",
    "TargetEmailAddress": "Adresse e-mail cible",
    "Subject": "Sujet",
    "Body": "Corps",
    "TestEmailSubject": "E-mail test {0}",
    "TestEmailBody": "Testez le corps du message ici",
    "SuccessfullySent": "Envoyé avec succès",
    "MailSendingFailed": "L'envoi de courrier a échoué, veuillez vérifier votre configuration de courrier électronique et réessayer.",
    "Send": "Envoyer",
    "Menu:Emailing": "Envoi par e-mail",
    "Menu:TimeZone": "Fuseau Horaire",
    "DisplayName:Timezone": "Fuseau horaire",
    "TimezoneHelpText": "Ce paramètre est utilisé à l’échelle de l’application ou basé sur le client.",
    "SmtpHost": "Hôte",
    "SmtpPort": "Port",
    "SmtpUserName": "Nom d'utilisateur",
    "SmtpPassword": "Mot de passe",
    "SmtpDomain": "Domaine",
    "SmtpEnableSsl": "Activer SSL",
    "SmtpUseDefaultCredentials": "Utiliser les informations d'identification par défaut",
    "DefaultFromAddress": "Adresse par défaut",
    "DefaultFromDisplayName": "Valeur par défaut du nom d'affichage",
    "Feature:SettingManagementGroup": "Gestion des paramètres",
    "Feature:SettingManagementEnable": "Activer la gestion des paramètres",
    "Feature:SettingManagementEnableDescription": "Activer le système de gestion des paramètres dans l'application.",
    "Feature:AllowChangingEmailSettings": "Autoriser la modification des paramètres de messagerie.",
    "Feature:AllowChangingEmailSettingsDescription": "Autoriser la modification des paramètres de messagerie."
  }
}