{
  "culture": "fr",
  "texts": {
    "Settings": "Paramètres",
    "SuccessfullySaved": "Enregistré avec succès",
    "Permission:SettingManagement": "Gestion des paramètres",
    "Permission:Emailing": "Envoi par e-mail",
    "Menu:Emailing": "Envoi par e-mail",
    "SmtpHost": "Hôte",
    "SmtpPort": "Port",
    "SmtpUserName": "Nom d'utilisateur",
    "SmtpPassword": "Mot de passe",
    "SmtpDomain": "Domaine",
    "SmtpEnableSsl": "Activer SSL",
    "SmtpUseDefaultCredentials": "Utiliser les informations d'identification par défaut",
    "DefaultFromAddress": "Adresse par défaut",
    "DefaultFromDisplayName": "Valeur par défaut du nom d'affichage",
    "Feature:SettingManagementGroup": "Gestion des paramètres",
    "Feature:SettingManagementEnable": "Activer la gestion des paramètres",
    "Feature:SettingManagementEnableDescription": "Activer le système de gestion des paramètres dans l'application.",
    "Feature:AllowChangingEmailSettings": "Autoriser la modification des paramètres de messagerie.",
    "Feature:AllowChangingEmailSettingsDescription": "Autoriser la modification des paramètres de messagerie."
  }
}
