{
  "culture": "hi",
  "texts": {
    "Settings": "समायोजन",
    "SavedSuccessfully": "सफलतापूर्वक संचित कर लिया गया है",
    "Permission:SettingManagement": "प्रबंधन की स्थापना",
    "Permission:Emailing": "ईमेल से भेजना",
    "Permission:EmailingTest": "ईमेल परीक्षण",
    "Permission:TimeZone": "समय क्षेत्र",
    "SendTestEmail": "परीक्षण ईमेल भेजें",
    "SenderEmailAddress": "प्रेषक का ईमेल पता",
    "TargetEmailAddress": "लक्ष्य ईमेल पता",
    "Subject": "विषय",
    "Body": "शरीर",
    "TestEmailSubject": "परीक्षण ईमेल {0}",
    "TestEmailBody": "यहां ईमेल बॉडी संदेश का परीक्षण करें",
    "SuccessfullySent": "सफलतापूर्वक भेजा",
    "Send": "भेजना",
    "Menu:Emailing": "ईमेल से भेजना",
    "Menu:TimeZone": "समय क्षेत्र",
    "DisplayName:Timezone": "समय क्षेत्र",
    "TimezoneHelpText": "इस सेटिंग का उपयोग एप्लिकेशन-व्यापी या किरायेदार-आधारित के लिए किया जाता है।",
    "SmtpHost": "मेज़बान",
    "SmtpPort": "बंदरगाह",
    "SmtpUserName": "उपयोगकर्ता नाम",
    "SmtpPassword": "कुंजिका",
    "SmtpDomain": "डोमेन",
    "SmtpEnableSsl": "Ssl सक्षम करें",
    "SmtpUseDefaultCredentials": "डिफ़ॉल्ट क्रेडेंशियल्स का उपयोग करें",
    "DefaultFromAddress": "पते से डिफ़ॉल्ट",
    "DefaultFromDisplayName": "प्रदर्शन नाम से डिफ़ॉल्ट",
    "Feature:SettingManagementGroup": "सेटिंग प्रबंधन",
    "Feature:SettingManagementEnable": "सेटिंग प्रबंधन सक्षम करें",
    "Feature:SettingManagementEnableDescription": "एप्लिकेशन में सेटिंग प्रबंधन प्रणाली सक्षम करें।",
    "Feature:AllowChangingEmailSettings": "ईमेल सेटिंग्स बदलने की अनुमति दें।",
    "Feature:AllowChangingEmailSettingsDescription": "ईमेल सेटिंग्स बदलने की अनुमति दें।"
  }
}