{
    "culture": "hr",
    "texts": {
        "Settings": "Postavke",
        "SuccessfullySaved": "Uspješno spremljeno",
        "Permission:SettingManagement": "Upravljanje postavkama",
        "Permission:Emailing": "Slanje e-poštom",
        "Permission:EmailingTest": "Test slanja e-pošte",
        "SendTestEmail": "Po�alji probnu e-poštu",
        "Permission:TimeZone": "Vremenska zona",
        "SenderEmailAddress": "Adresa e-pošte pošiljatelja",
        "TargetEmailAddress": "Ciljana adresa e-pošte",
        "Subject": "Predmet",
        "Body": "Tijelo",
        "TestEmailSubject": "Probna e-pošta {0}",
        "TestEmailBody": "Testirajte tijelo poruke e-pošte ovdje",
        "SuccessfullySent": "Uspješno poslano",
        "Send": "Poslati",
        "Menu:Emailing": "Slanje e-poštom",
        "SmtpHost": "Domaćin",
        "SmtpPort": "Port",
        "SmtpUserName": "Korisničko ime",
        "SmtpPassword": "Zaporka",
        "SmtpDomain": "Domena",
        "SmtpEnableSsl": "Omogući ssl",
        "SmtpUseDefaultCredentials": "Koristite zadane vjerodajnice",
        "DefaultFromAddress": "Zadana adresa",
        "DefaultFromDisplayName": "Zadano iz imena za prikaz",
        "Feature:SettingManagementGroup": "Upravljanje postavkama",
        "Feature:SettingManagementEnable": "Omogući upravljanje postavkama",
        "Feature:SettingManagementEnableDescription": "Omogućite sustav upravljanja postavkama u aplikaciji.",
        "Feature:AllowChangingEmailSettings": "Dopusti promjenu postavki e-pošte.",
        "Feature:AllowChangingEmailSettingsDescription": "Dopusti promjenu postavki e-pošte."
    }
}
