{
  "culture": "is",
  "texts": {
    "Settings": "Stillingar",
    "SuccessfullySaved": "Tókst að vista",
    "Permission:SettingManagement": "Stillingar",
    "Permission:Emailing": "Senda tölvupóst",
    "Menu:Emailing": "Senda tölvupóst",
    "SmtpHost": "Smtp Host",
    "SmtpPort": "Port",
    "SmtpUserName": "Notanda nafn",
    "SmtpPassword": "Lykiloðr",
    "SmtpDomain": "Domain",
    "SmtpEnableSsl": "Virkja ssl",
    "SmtpUseDefaultCredentials": "Notað sjálfgefin auðkenni",
    "DefaultFromAddress": "Sjálfgefið frá heimilisfang",
    "DefaultFromDisplayName": "Sjálfgefið frá birtinga nafn",
    "Feature:SettingManagementGroup": "Stillingar",
    "Feature:SettingManagementEnable": "Virkja stillingar",
    "Feature:SettingManagementEnableDescription": "Virkja stillingar í forritinu.",
    "Feature:AllowChangingEmailSettings": "Leyfa að breyta stillingum tölvupósts.",
    "Feature:AllowChangingEmailSettingsDescription": "Leyfa að breyta stillingum tölvupósts."
  }
}
