{
  "culture": "ro-RO",
  "texts": {
    "Settings": "Setări",
    "SuccessfullySaved": "Salvat cu succes",
    "Permission:SettingManagement": "Administrarea setărilor",
    "Permission:Emailing": "Emailing",
    "Permission:EmailingTest": "Test de trimitere prin e-mail",
    "Permission:TimeZone": "Fus orar",
    "SendTestEmail": "Trimite e-mail de test",
    "SenderEmailAddress": "Adresa de e-mail a expeditorului",
    "TargetEmailAddress": "Adresă de e-mail țintă",
    "Subject": "Subiect",
    "Body": "Corp",
    "TestEmailSubject": "E-mail de testare {0}",
    "TestEmailBody": "Testați corpul mesajului de e-mail aici",
    "SuccessfullySent": "Trimis cu succes",
    "Send": "Trimite",
    "Menu:Emailing": "Emailing",
    "Menu:TimeZone": "Fus orar",
    "DisplayName:Timezone": "Fus orar",
    "TimezoneHelpText": "Această setare este utilizată pentru aplicație sau pentru chiriași.",
    "SmtpHost": "Host",
    "SmtpPort": "Port",
    "SmtpUserName": "Nume de utilizator",
    "SmtpPassword": "Parolă",
    "SmtpDomain": "Domeniu",
    "SmtpEnableSsl": "Activează SSL",
    "SmtpUseDefaultCredentials": "Foloseşte credenţialele implicite",
    "DefaultFromAddress": "Implicit de la adresa",
    "DefaultFromDisplayName": "Implicit de la numele de afişare",
    "Feature:SettingManagementGroup": "Administrarea setărilor",
    "Feature:SettingManagementEnable": "Activează administrarea setărilor",
    "Feature:SettingManagementEnableDescription": "Activează sistemul de administrare a setărilor în aplicaţie.",
    "Feature:AllowChangingEmailSettings": "Permiteți modificarea setărilor de e-mail.",
    "Feature:AllowChangingEmailSettingsDescription": "Permiteți modificarea setărilor de e-mail."
  }
}