{
  "culture": "ru",
  "texts": {
    "Settings": "Настройки",
    "SuccessfullySaved": "Успешно сохранено",
    "Permission:SettingManagement": "Управление настройками",
    "Permission:Emailing": "Отправка по электронной почте",
    "Permission:EmailingTest": "Тестовая рассылка по электронной почте",
    "Permission:TimeZone": "Часовой пояс",
    "SendTestEmail": "Отправить тестовое письмо",
    "SenderEmailAddress": "Адрес электронной почты отправителя",
    "TargetEmailAddress": "Целевой адрес электронной почты",
    "Subject": "Предмет",
    "Body": "Тело",
    "TestEmailSubject": "Тестовое письмо {0}",
    "TestEmailBody": "Проверьте текст сообщения электронной почты здесь",
    "SuccessfullySent": "Успешно отправлено",
    "Send": "Отправлять",
    "Menu:Emailing": "Отправка по электронной почте",
    "Menu:TimeZone": "Часовой пояс",
    "DisplayName:Timezone": "Часовой пояс",
    "TimezoneHelpText": "Этот параметр используется для всего приложения или на уровне клиента.",
    "SmtpHost": "Хозяин",
    "SmtpPort": "Порт",
    "SmtpUserName": "Имя пользователя",
    "SmtpPassword": "Пароль",
    "SmtpDomain": "Домен",
    "SmtpEnableSsl": "Включить ssl",
    "SmtpUseDefaultCredentials": "Использовать учетные данные по умолчанию",
    "DefaultFromAddress": "По умолчанию с адреса",
    "DefaultFromDisplayName": "По умолчанию из отображаемого имени",
    "Feature:SettingManagementGroup": "Управление настройками",
    "Feature:SettingManagementEnable": "Включить управление настройками",
    "Feature:SettingManagementEnableDescription": "Включите систему управления настройками в приложении.",
    "Feature:AllowChangingEmailSettings": "Разрешить изменение настроек электронной почты.",
    "Feature:AllowChangingEmailSettingsDescription": "Разрешить изменение настроек электронной почты."
  }
}