{
  "culture": "sl",
  "texts": {
    "Settings": "Nastavitve",
    "SuccessfullySaved": "Uspešno shranjeno",
    "Permission:SettingManagement": "Upravljanje nastavitev",
    "Permission:Emailing": "Pošiljanje po e-pošti",
    "Permission:EmailingTest": "Test pošiljanja po e-pošti",
    "Permission:TimeZone": "Časovni pas",
    "SendTestEmail": "Pošlji testno e-pošto",
    "SenderEmailAddress": "E-poštni naslov pošiljatelja",
    "TargetEmailAddress": "Ciljni e-poštni naslov",
    "Subject": "Predmet",
    "Body": "Telo",
    "TestEmailSubject": "Preskusno e-poštno sporočilo {0}",
    "TestEmailBody": "Tukaj preizkusite telo e-poštnega sporočila",
    "SuccessfullySent": "Uspešno poslano",
    "Send": "Pošlji",
    "Menu:Emailing": "Pošiljanje po e-pošti",
    "Menu:TimeZone": "Časovni pas",
    "DisplayName:Timezone": "Časovni pas",
    "TimezoneHelpText": "Ta nastavitev se uporablja za celotno aplikacijo ali za najemnika.",
    "SmtpHost": "Gostitelj",
    "SmtpPort": "pristanišče",
    "SmtpUserName": "Uporabniško ime",
    "SmtpPassword": "Geslo",
    "SmtpDomain": "domena",
    "SmtpEnableSsl": "Omogoči ssl",
    "SmtpUseDefaultCredentials": "Uporabite privzete poverilnice",
    "DefaultFromAddress": "Privzeto od naslova",
    "DefaultFromDisplayName": "Privzeto iz prikaznega imena",
    "Feature:SettingManagementGroup": "Upravljanje nastavitev",
    "Feature:SettingManagementEnable": "Omogoči upravljanje nastavitev",
    "Feature:SettingManagementEnableDescription": "Omogočite nastavitev sistema upravljanja v aplikaciji.",
    "Feature:AllowChangingEmailSettings": "Dovoli spreminjanje e-poštnih nastavitev.",
    "Feature:AllowChangingEmailSettingsDescription": "Dovoli spreminjanje e-poštnih nastavitev."
  }
}