{
  "culture": "tr",
  "texts": {
    "Settings": "Ayarlar",
    "SuccessfullySaved": "Başarıyla Kaydedildi",
    "Permission:SettingManagement": "Ayarlar yönetimi",
    "Permission:Emailing": "Email",
    "Permission:EmailingTest": "Email testi",
    "SendTestEmail": "Test emaili gönder",
    "SenderEmailAddress": "Gönderen email adresi",
    "TargetEmailAddress": "Hedef email adresi",
    "Subject": "Konu",
    "Body": "Gövde",
    "TestEmailSubject": "Test email {0}",
    "TestEmailBody": "E-posta gövdesi mesajını burada test edin",
    "SuccessfullySent": "Başarıyla gönderildi",
    "Send": "Gönder",
    "Menu:Emailing": "Email",
    "SmtpHost": "Sunucu",
    "SmtpPort": "Port",
    "SmtpUserName": "Kullanıcı adı",
    "SmtpPassword": "şifre",
    "SmtpDomain": "Domain",
    "SmtpEnableSsl": "Ssl'i aktif et",
    "SmtpUseDefaultCredentials": "Varsayılan yetkilendirmeleri kullan",
    "DefaultFromAddress": "Varsayılan gönderici email adresi",
    "DefaultFromDisplayName": "Varsayılan gönderici görünen isim",
    "Feature:SettingManagementGroup": "Ayar yönetimi",
    "Feature:SettingManagementEnable": "Ayar yönetimini etkinleştir",
    "Feature:SettingManagementEnableDescription": "Uygulamada ayar yönetim sistemini etkinleştirin.",
    "Feature:AllowChangingEmailSettings": "E-posta ayarlarını değiştirmeye izin verin.",
    "Feature:AllowChangingEmailSettingsDescription": "E-posta ayarlarını değiştirmeye izin verin."
  }
}
