{
  "culture": "vi",
  "texts": {
    "Settings": "Cài đặt",
    "SuccessfullySaved": "Lưu thành công",
    "Permission:SettingManagement": "Cài đặt quản lý",
    "Permission:Emailing": "Gửi email",
    "Permission:EmailingTest": "Kiểm tra gửi email",
    "Permission:TimeZone": "Múi giờ",
    "SendTestEmail": "Gửi email kiểm tra",
    "SenderEmailAddress": "Địa chỉ email người gửi",
    "TargetEmailAddress": "Địa chỉ email mục tiêu",
    "Subject": "Chủ thể",
    "Body": "Thân hình",
    "TestEmailSubject": "Kiểm tra email {0}",
    "TestEmailBody": "Kiểm tra nội dung email tại đây",
    "SuccessfullySent": "Đã gửi thành công",
    "Send": "Gửi",
    "Menu:Emailing": "Gửi email",
    "Menu:TimeZone": "Múi giờ",
    "DisplayName:Timezone": "Múi giờ",
    "TimezoneHelpText": "Cài đặt này được sử dụng cho toàn bộ ứng dụng hoặc dựa trên đối tượng thuê.",
    "SmtpHost": "Tổ chức",
    "SmtpPort": "Hải cảng",
    "SmtpUserName": "Tên tài khoản",
    "SmtpPassword": "Mật khẩu",
    "SmtpDomain": "Lãnh địa",
    "SmtpEnableSsl": "Bật ssl",
    "SmtpUseDefaultCredentials": "Sử dụng thông tin đăng nhập mặc định",
    "DefaultFromAddress": "Mặc định từ địa chỉ",
    "DefaultFromDisplayName": "Mặc định từ tên hiển thị",
    "Feature:SettingManagementGroup": "Cài đặt quản lý",
    "Feature:SettingManagementEnable": "Bật quản lý cài đặt",
    "Feature:SettingManagementEnableDescription": "Bật cài đặt hệ thống quản lý trong ứng dụng.",
    "Feature:AllowChangingEmailSettings": "Cho phép thay đổi cài đặt email.",
    "Feature:AllowChangingEmailSettingsDescription": "Cho phép thay đổi cài đặt email."
  }
}