{
  "name": "Volo.Abp.BackgroundJobs.DemoApp",
  "hash": "3c116702d9842f4847b75ee72f247675",
  "contents": [
    {
      "namespace": "Volo.Abp.BackgroundJobs.DemoApp",
      "dependsOnModules": [
        {
          "declaringAssemblyName": "Volo.Abp.BackgroundJobs.DemoApp.Shared",
          "namespace": "Volo.Abp.BackgroundJobs.DemoApp.Shared",
          "name": "DemoAppSharedModule"
        },
        {
          "declaringAssemblyName": "Volo.Abp.BackgroundJobs.EntityFrameworkCore",
          "namespace": "Volo.Abp.BackgroundJobs.EntityFrameworkCore",
          "name": "AbpBackgroundJobsEntityFrameworkCoreModule"
        },
        {
          "declaringAssemblyName": "Volo.Abp.Autofac",
          "namespace": "Volo.Abp.Autofac",
          "name": "AbpAutofacModule"
        },
        {
          "declaringAssemblyName": "Volo.Abp.EntityFrameworkCore.SqlServer",
          "namespace": "Volo.Abp.EntityFrameworkCore.SqlServer",
          "name": "AbpEntityFrameworkCoreSqlServerModule"
        }
      ],
      "contentType": "abpModule",
      "name": "DemoAppModule",
      "summary": null
    }
  ]
}