{
  "name": "Volo.Blogging.Admin.Application.Contracts",
  "hash": "c5174c77e62ce8b17b4646a4afbd53dd",
  "contents": [
    {
      "namespace": "Volo.Blogging.Admin",
      "dependsOnModules": [
        {
          "declaringAssemblyName": "Volo.Blogging.Application.Contracts.Shared",
          "namespace": "Volo.Blogging",
          "name": "BloggingApplicationContractsSharedModule"
        }
      ],
      "contentType": "abpModule",
      "name": "BloggingAdminApplicationContractsModule",
      "summary": null
    }
  ]
}