{
  "name": "Volo.Blogging.Admin.Application.Contracts",
  "hash": "e9b4d6b6728b54912ce49aad4b2041d4",
  "contents": [
    {
      "namespace": "Volo.Blogging.Admin",
      "dependsOnModules": [
        {
          "declaringAssemblyName": "Volo.Blogging.Application.Contracts.Shared",
          "namespace": "Volo.Blogging",
          "name": "BloggingApplicationContractsSharedModule"
        }
      ],
      "contentType": "abpModule",
      "name": "BloggingAdminApplicationContractsModule",
      "summary": null
    }
  ]
}