{
  "name": "Volo.Abp.Account.HttpApi.Client",
  "hash": "9bc85dfaea6a19a3683acebb80792b2d",
  "contents": [
    {
      "namespace": "Volo.Abp.Account",
      "dependsOnModules": [
        {
          "declaringAssemblyName": "Volo.Abp.Account.Application.Contracts",
          "namespace": "Volo.Abp.Account",
          "name": "AbpAccountApplicationContractsModule"
        },
        {
          "declaringAssemblyName": "Volo.Abp.Http.Client",
          "namespace": "Volo.Abp.Http.Client",
          "name": "AbpHttpClientModule"
        }
      ],
      "contentType": "abpModule",
      "name": "AbpAccountHttpApiClientModule",
      "summary": null
    }
  ]
}