{
  "name": "Volo.Abp.BlobStoring.Database.EntityFrameworkCore",
  "hash": "0c136e999f8d28fc3b27414e0ff5aef7",
  "contents": [
    {
      "namespace": "Volo.Abp.BlobStoring.Database.EntityFrameworkCore",
      "dependsOnModules": [
        {
          "declaringAssemblyName": "Volo.Abp.BlobStoring.Database.Domain",
          "namespace": "Volo.Abp.BlobStoring.Database",
          "name": "BlobStoringDatabaseDomainModule"
        },
        {
          "declaringAssemblyName": "Volo.Abp.EntityFrameworkCore",
          "namespace": "Volo.Abp.EntityFrameworkCore",
          "name": "AbpEntityFrameworkCoreModule"
        }
      ],
      "contentType": "abpModule",
      "name": "BlobStoringDatabaseEntityFrameworkCoreModule",
      "summary": null
    },
    {
      "namespace": "Volo.Abp.BlobStoring.Database.EntityFrameworkCore",
      "connectionStringName": "AbpBlobStoring",
      "databaseTables": [
        {
          "entityFullName": "Volo.Abp.BlobStoring.Database.DatabaseBlob",
          "contentType": "databaseTable",
          "name": "AbpBlobs",
          "summary": null
        },
        {
          "entityFullName": "Volo.Abp.BlobStoring.Database.DatabaseBlobContainer",
          "contentType": "databaseTable",
          "name": "AbpBlobContainers",
          "summary": null
        }
      ],
      "contentType": "efCoreDbContext",
      "name": "BlobStoringDbContext",
      "summary": null
    }
  ]
}