{
  "name": "Volo.Abp.BackgroundJobs.DemoApp.Shared",
  "hash": "84c2d9320ed4bf5f3710b2b23fd6333b",
  "contents": [
    {
      "namespace": "Volo.Abp.BackgroundJobs.DemoApp.Shared",
      "dependsOnModules": [
        {
          "declaringAssemblyName": "Volo.Abp.BackgroundJobs.Abstractions",
          "namespace": "Volo.Abp.BackgroundJobs",
          "name": "AbpBackgroundJobsAbstractionsModule"
        }
      ],
      "contentType": "abpModule",
      "name": "DemoAppSharedModule",
      "summary": null
    }
  ]
}