{
  "name": "Volo.Abp.BackgroundJobs.DemoApp.Shared",
  "hash": "aa84ef9ea57d53c3d4a69f2260b8bb7e",
  "contents": [
    {
      "namespace": "Volo.Abp.BackgroundJobs.DemoApp.Shared",
      "dependsOnModules": [
        {
          "declaringAssemblyName": "Volo.Abp.BackgroundJobs.Abstractions",
          "namespace": "Volo.Abp.BackgroundJobs",
          "name": "AbpBackgroundJobsAbstractionsModule"
        }
      ],
      "contentType": "abpModule",
      "name": "DemoAppSharedModule",
      "summary": null
    }
  ]
}