{
  "name": "Volo.Abp.TenantManagement.Domain.Shared",
  "hash": "44ad187bd4ce00e26509db2b6562d3c1",
  "contents": [
    {
      "namespace": "Volo.Abp.TenantManagement",
      "dependsOnModules": [
        {
          "declaringAssemblyName": "Volo.Abp.Validation",
          "namespace": "Volo.Abp.Validation",
          "name": "AbpValidationModule"
        }
      ],
      "contentType": "abpModule",
      "name": "AbpTenantManagementDomainSharedModule",
      "summary": null
    }
  ]
}