{
  "name": "Volo.CmsKit.Public.HttpApi",
  "hash": "546b2c05f57888f57acc9672472cba89",
  "contents": [
    {
      "namespace": "Volo.CmsKit.Public",
      "dependsOnModules": [
        {
          "declaringAssemblyName": "Volo.CmsKit.Public.Application.Contracts",
          "namespace": "Volo.CmsKit.Public",
          "name": "CmsKitPublicApplicationContractsModule"
        },
        {
          "declaringAssemblyName": "Volo.CmsKit.Common.HttpApi",
          "namespace": "Volo.CmsKit",
          "name": "CmsKitCommonHttpApiModule"
        }
      ],
      "contentType": "abpModule",
      "name": "CmsKitPublicHttpApiModule",
      "summary": null
    }
  ]
}