{
  "name": "Volo.Abp.BackgroundJobs.Domain",
  "hash": "edcb98cb920b6d3805b6ff82d280b1bd",
  "contents": [
    {
      "namespace": "Volo.Abp.BackgroundJobs",
      "contentType": "abpModule",
      "name": "AbpBackgroundJobsDomainModule"
    },
    {
      "namespace": "Volo.Abp.BackgroundJobs",
      "primaryKeyType": "Guid",
      "summary": null,
      "collectionProperties": [],
      "navigationProperties": [],
      "contentType": "aggregateRoot",
      "name": "BackgroundJobRecord"
    },
    {
      "namespace": "Volo.Abp.BackgroundJobs",
      "summary": null,
      "entityAnalyzeModel": {
        "namespace": "Volo.Abp.BackgroundJobs",
        "primaryKeyType": "Guid",
        "summary": null,
        "collectionProperties": [],
        "navigationProperties": [],
        "contentType": "entity",
        "name": "BackgroundJobRecord"
      },
      "contentType": "repositoryInterface",
      "name": "IBackgroundJobRepository"
    }
  ]
}