{
  "name": "Volo.Abp.IdentityServer.Domain.Shared",
  "hash": "2eef45ba2c0e6710cbfcea6bd7f91d73",
  "contents": [
    {
      "namespace": "Volo.Abp.IdentityServer",
      "dependsOnModules": [
        {
          "declaringAssemblyName": "Volo.Abp.Validation",
          "namespace": "Volo.Abp.Validation",
          "name": "AbpValidationModule"
        }
      ],
      "contentType": "abpModule",
      "name": "AbpIdentityServerDomainSharedModule",
      "summary": null
    }
  ]
}