{
  "name": "Volo.Abp.IdentityServer.Domain.Shared",
  "hash": "7f766c6329609c616fb59eefe36628a2",
  "contents": [
    {
      "namespace": "Volo.Abp.IdentityServer",
      "dependsOnModules": [
        {
          "declaringAssemblyName": "Volo.Abp.Validation",
          "namespace": "Volo.Abp.Validation",
          "name": "AbpValidationModule"
        }
      ],
      "contentType": "abpModule",
      "name": "AbpIdentityServerDomainSharedModule",
      "summary": null
    }
  ]
}