{
  "name": "Volo.Abp.IdentityServer.Domain.Shared",
  "hash": "cf5f30e09d04b2b6485d8377436125bf",
  "contents": [
    {
      "namespace": "Volo.Abp.IdentityServer",
      "dependsOnModules": [
        {
          "declaringAssemblyName": "Volo.Abp.Validation",
          "namespace": "Volo.Abp.Validation",
          "name": "AbpValidationModule"
        }
      ],
      "contentType": "abpModule",
      "name": "AbpIdentityServerDomainSharedModule",
      "summary": null
    }
  ]
}