{
  "name": "BlobStoring.Database.Host.ConsoleApp.ConsoleApp",
  "hash": "5b2e6c7a39634fdcdad1d820acd70e8b",
  "contents": [
    {
      "namespace": "BlobStoring.Database.Host.ConsoleApp.ConsoleApp",
      "dependsOnModules": [
        {
          "declaringAssemblyName": "Volo.Abp.Autofac",
          "namespace": "Volo.Abp.Autofac",
          "name": "AbpAutofacModule"
        },
        {
          "declaringAssemblyName": "Volo.Abp.EntityFrameworkCore.SqlServer",
          "namespace": "Volo.Abp.EntityFrameworkCore.SqlServer",
          "name": "AbpEntityFrameworkCoreSqlServerModule"
        },
        {
          "declaringAssemblyName": "Volo.Abp.BlobStoring.Database.EntityFrameworkCore",
          "namespace": "Volo.Abp.BlobStoring.Database.EntityFrameworkCore",
          "name": "BlobStoringDatabaseEntityFrameworkCoreModule"
        }
      ],
      "contentType": "abpModule",
      "name": "ConsoleAppConsoleAppModule",
      "summary": null
    }
  ]
}