{
  "name": "Volo.Abp.Users.Domain.Shared",
  "hash": "9edc039bc906d00cc6f63f0b20b48c56",
  "contents": [
    {
      "namespace": "Volo.Abp.Users",
      "dependsOnModules": [],
      "implementingInterfaces": [
        {
          "name": "IAbpModule",
          "namespace": "Volo.Abp.Modularity",
          "declaringAssemblyName": "Volo.Abp.Core",
          "fullName": "Volo.Abp.Modularity.IAbpModule"
        },
        {
          "name": "IOnPreApplicationInitialization",
          "namespace": "Volo.Abp.Modularity",
          "declaringAssemblyName": "Volo.Abp.Core",
          "fullName": "Volo.Abp.Modularity.IOnPreApplicationInitialization"
        },
        {
          "name": "IOnApplicationInitialization",
          "namespace": "Volo.Abp",
          "declaringAssemblyName": "Volo.Abp.Core",
          "fullName": "Volo.Abp.IOnApplicationInitialization"
        },
        {
          "name": "IOnPostApplicationInitialization",
          "namespace": "Volo.Abp.Modularity",
          "declaringAssemblyName": "Volo.Abp.Core",
          "fullName": "Volo.Abp.Modularity.IOnPostApplicationInitialization"
        },
        {
          "name": "IOnApplicationShutdown",
          "namespace": "Volo.Abp",
          "declaringAssemblyName": "Volo.Abp.Core",
          "fullName": "Volo.Abp.IOnApplicationShutdown"
        },
        {
          "name": "IPreConfigureServices",
          "namespace": "Volo.Abp.Modularity",
          "declaringAssemblyName": "Volo.Abp.Core",
          "fullName": "Volo.Abp.Modularity.IPreConfigureServices"
        },
        {
          "name": "IPostConfigureServices",
          "namespace": "Volo.Abp.Modularity",
          "declaringAssemblyName": "Volo.Abp.Core",
          "fullName": "Volo.Abp.Modularity.IPostConfigureServices"
        }
      ],
      "contentType": "abpModule",
      "name": "AbpUsersDomainSharedModule",
      "summary": null
    }
  ]
}