{
  "name": "Volo.Abp.VirtualFileExplorer.Web",
  "hash": "cd1aaa125cf0d6e3ff0ee1e8c6878f6d",
  "contents": [
    {
      "namespace": "Volo.Abp.VirtualFileExplorer.Web",
      "dependsOnModules": [
        {
          "declaringAssemblyName": "Volo.Abp.AspNetCore.Mvc.UI.Bootstrap",
          "namespace": "Volo.Abp.AspNetCore.Mvc.UI.Bootstrap",
          "name": "AbpAspNetCoreMvcUiBootstrapModule"
        },
        {
          "declaringAssemblyName": "Volo.Abp.AspNetCore.Mvc.UI.Theme.Shared",
          "namespace": "Volo.Abp.AspNetCore.Mvc.UI.Theme.Shared",
          "name": "AbpAspNetCoreMvcUiThemeSharedModule"
        }
      ],
      "contentType": "abpModule",
      "name": "AbpVirtualFileExplorerWebModule",
      "summary": null
    }
  ]
}