{
  "name": "Volo.Abp.VirtualFileExplorer.Web",
  "hash": "4505a926da71d0475117f7d3126192b0",
  "contents": [
    {
      "namespace": "Volo.Abp.VirtualFileExplorer.Web",
      "dependsOnModules": [
        {
          "declaringAssemblyName": "Volo.Abp.AspNetCore.Mvc.UI.Bootstrap",
          "namespace": "Volo.Abp.AspNetCore.Mvc.UI.Bootstrap",
          "name": "AbpAspNetCoreMvcUiBootstrapModule"
        },
        {
          "declaringAssemblyName": "Volo.Abp.AspNetCore.Mvc.UI.Theme.Shared",
          "namespace": "Volo.Abp.AspNetCore.Mvc.UI.Theme.Shared",
          "name": "AbpAspNetCoreMvcUiThemeSharedModule"
        }
      ],
      "implementingInterfaces": [
        {
          "name": "IAbpModule",
          "namespace": "Volo.Abp.Modularity",
          "declaringAssemblyName": "Volo.Abp.Core",
          "fullName": "Volo.Abp.Modularity.IAbpModule"
        },
        {
          "name": "IOnPreApplicationInitialization",
          "namespace": "Volo.Abp.Modularity",
          "declaringAssemblyName": "Volo.Abp.Core",
          "fullName": "Volo.Abp.Modularity.IOnPreApplicationInitialization"
        },
        {
          "name": "IOnApplicationInitialization",
          "namespace": "Volo.Abp",
          "declaringAssemblyName": "Volo.Abp.Core",
          "fullName": "Volo.Abp.IOnApplicationInitialization"
        },
        {
          "name": "IOnPostApplicationInitialization",
          "namespace": "Volo.Abp.Modularity",
          "declaringAssemblyName": "Volo.Abp.Core",
          "fullName": "Volo.Abp.Modularity.IOnPostApplicationInitialization"
        },
        {
          "name": "IOnApplicationShutdown",
          "namespace": "Volo.Abp",
          "declaringAssemblyName": "Volo.Abp.Core",
          "fullName": "Volo.Abp.IOnApplicationShutdown"
        },
        {
          "name": "IPreConfigureServices",
          "namespace": "Volo.Abp.Modularity",
          "declaringAssemblyName": "Volo.Abp.Core",
          "fullName": "Volo.Abp.Modularity.IPreConfigureServices"
        },
        {
          "name": "IPostConfigureServices",
          "namespace": "Volo.Abp.Modularity",
          "declaringAssemblyName": "Volo.Abp.Core",
          "fullName": "Volo.Abp.Modularity.IPostConfigureServices"
        }
      ],
      "contentType": "abpModule",
      "name": "AbpVirtualFileExplorerWebModule",
      "summary": null
    }
  ]
}