{
  "culture": "ar",
  "texts": {
    "Features": "المميزات",
    "NoFeatureFoundMessage": "لا توجد أي ميزة متاحة.",
    "ManageHostFeatures": "إدارة ميزات المضيف",
    "Permission:FeatureManagement": "إدارة الميزات",
    "Permission:FeatureManagement.ManageHostFeatures": "إدارة ميزات المضيف",
    "Volo.Abp.FeatureManagement:InvalidFeatureValue": "{0} قيمة الميزة غير صالحة!",
		"Menu:FeatureManagement": "إدارة الميزات"
  }
}