{
  "culture": "en",
  "texts": {
    "Features": "Features",
    "NoFeatureFoundMessage": "There isn't any available feature.",
    "ManageHostFeatures": "Manage Host features",
    "Permission:FeatureManagement": "Feature management",
    "Permission:FeatureManagement.ManageHostFeatures": "Manage Host features",
    "Volo.Abp.FeatureManagement:InvalidFeatureValue": "{0} feature value is not valid!",
    "Menu:FeatureManagement": "Feature Management",
    "ResetToDefault": "Reset to default",
    "ResetedToDefault": "Reseted to default",
    "AreYouSureToResetToDefault": "Are you sure to reset to default?"
  }
}
