{
  "culture": "es",
  "texts": {
    "Features": "Características",
    "NoFeatureFoundMessage": "No hay ninguna característica disponible.",
    "ManageHostFeatures": "Administrar funciones de host",
    "Permission:FeatureManagement": "Gestión de características",
    "Permission:FeatureManagement.ManageHostFeatures": "Gestionar características del Host",
    "Volo.Abp.FeatureManagement:InvalidFeatureValue": "{0} valor de característica no es valido!",
		"Menu:FeatureManagement": "Gestión de características"
  }
}