{
  "culture": "fr",
  "texts": {
    "Features": "Fonctionnalités",
    "NoFeatureFoundMessage": "Il n'y a aucune fonctionnalité disponible.",
    "ManageHostFeatures": "Gérer les fonctionnalités de l’hôte",
    "ManageHostFeaturesText": "Vous pouvez gérer les fonctionnalités côté hôte en cliquant sur le bouton suivant.",
    "Permission:FeatureManagement": "Gestion des fonctionnalités",
    "Permission:FeatureManagement.ManageHostFeatures": "Gérer les fonctionnalités de l'hôte",
    "Volo.Abp.FeatureManagement:InvalidFeatureValue": "La valeur de la fonctionnalité {0} n'est pas valide!",
    "Menu:FeatureManagement": "Gestion des fonctionnalités",
    "ResetToDefault": "Réinitialiser aux valeurs par défaut",
    "ResetedToDefault": "Réinitialisé aux valeurs par défaut",
    "AreYouSure": "Es-tu sûr?",
    "AreYouSureToResetToDefault": "Etes-vous sûr d&#39;avoir réinitialisé les paramètres par défaut ?"
  }
}