{
 "culture": "fr",
 "texts": {
  "Features": "Fonctionnalités",
  "NoFeatureFoundMessage": "Il n'y a aucune fonctionnalité disponible.",
  "ManageHostFeatures": "Gérer les fonctionnalités de l’hôte",
  "Permission:FeatureManagement": "Gestion des fonctionnalités",
  "Permission:FeatureManagement.ManageHostFeatures": "Gérer les fonctionnalités de l'hôte",
  "Volo.Abp.FeatureManagement:InvalidFeatureValue": "La valeur de la fonctionnalité {0} n'est pas valide!",
  "Menu:FeatureManagement": "Gestion des fonctionnalités"
 }
}