{
  "culture": "pl-PL",
  "texts": {
    "Features": "Funkcje",
    "NoFeatureFoundMessage": "Brak dostępnej funkcji.",
    "ManageHostFeatures": "Zarządzaj funkcjami hosta",
    "ManageHostFeaturesText": "Możesz zarządzać funkcjami po stronie hosta, klikając poniższy przycisk.",
    "Permission:FeatureManagement": "Zarządzanie funkcjami",
    "Permission:FeatureManagement.ManageHostFeatures": "Zarządzaj funkcjami hosta",
    "Volo.Abp.FeatureManagement:InvalidFeatureValue": "{0} wartość funkcji jest nieprawidłowa!",
    "Menu:FeatureManagement": "Zarządzanie funkcjami",
    "ResetToDefault": "Przywróć ustawienia domyślne",
    "ResetedToDefault": "Zresetowano do ustawień domyślnych",
    "AreYouSure": "Jesteś pewny?",
    "AreYouSureToResetToDefault": "Czy na pewno chcesz przywrócić ustawienia domyślne?"
  }
}