{
  "culture": "sl",
  "texts": {
    "Features": "Funkcionalnosti",
    "NoFeatureFoundMessage": "Na voljo ni nobene funkcionalnosti.",
    "ManageHostFeatures": "Upravljajte funkcije gostitelja",
    "Permission:FeatureManagement": "Upravljanje funkcij",
    "Permission:FeatureManagement.ManageHostFeatures": "Upravljajte funkcije gostitelja",
    "Volo.Abp.FeatureManagement:InvalidFeatureValue": "Vrednost funkcije {0} ni veljavna!",
		"Menu:FeatureManagement": "Upravljanje funkcij"
  }
}