{
  "culture": "tr",
  "texts": {
    "Features": "Özellikler",
    "NoFeatureFoundMessage": "Hiç özellik yok.",
    "ManageHostFeatures": "Host özelliklerini yönetin",
    "Permission:FeatureManagement": "Özellik yönetimi",
    "Permission:FeatureManagement.ManageHostFeatures": "Host özelliklerini düzenle",
    "Volo.Abp.FeatureManagement:InvalidFeatureValue": "{0} özellik değeri geçerli değil!",
    "Menu:FeatureManagement": "Özellik Yönetimi",
    "ResetToDefault": "Varsayılana sıfırla",
    "ResetedToDefault": "Varsayılana sıfırlandı",
    "AreYouSureToResetToDefault": "Varsayılana sıfırlamak istediğinizden emin misiniz?"
  }
}
