{
  "name": "Volo.Blogging.Admin.HttpApi",
  "hash": "53a99e9e30415186b9832e971cb6fb8b",
  "contents": [
    {
      "namespace": "Volo.Blogging.Admin",
      "dependsOnModules": [
        {
          "declaringAssemblyName": "Volo.Blogging.Admin.Application.Contracts",
          "namespace": "Volo.Blogging.Admin",
          "name": "BloggingAdminApplicationContractsModule"
        },
        {
          "declaringAssemblyName": "Volo.Abp.AspNetCore.Mvc",
          "namespace": "Volo.Abp.AspNetCore.Mvc",
          "name": "AbpAspNetCoreMvcModule"
        }
      ],
      "contentType": "abpModule",
      "name": "BloggingAdminHttpApiModule",
      "summary": null
    }
  ]
}