{
  "name": "Volo.Abp.AuditLogging.Domain.Shared",
  "hash": "a0ffc1b5440ee562f0964e5ccb6b2a38",
  "contents": [
    {
      "namespace": "Volo.Abp.AuditLogging",
      "dependsOnModules": [
        {
          "declaringAssemblyName": "Volo.Abp.Validation",
          "namespace": "Volo.Abp.Validation",
          "name": "AbpValidationModule"
        }
      ],
      "contentType": "abpModule",
      "name": "AbpAuditLoggingDomainSharedModule",
      "summary": null
    }
  ]
}