{
  "name": "Volo.Abp.AuditLogging.Domain.Shared",
  "hash": "34412f56a2d86cbb131a8ee55ca3c9dd",
  "contents": [
    {
      "namespace": "Volo.Abp.AuditLogging",
      "dependsOnModules": [
        {
          "declaringAssemblyName": "Volo.Abp.Validation",
          "namespace": "Volo.Abp.Validation",
          "name": "AbpValidationModule"
        }
      ],
      "contentType": "abpModule",
      "name": "AbpAuditLoggingDomainSharedModule",
      "summary": null
    }
  ]
}