{
  "name": "Volo.Abp.AuditLogging.Domain.Shared",
  "hash": "45c8295fa14f123cc4038ce5ce28420b",
  "contents": [
    {
      "namespace": "Volo.Abp.AuditLogging",
      "dependsOnModules": [
        {
          "declaringAssemblyName": "Volo.Abp.Validation",
          "namespace": "Volo.Abp.Validation",
          "name": "AbpValidationModule"
        }
      ],
      "contentType": "abpModule",
      "name": "AbpAuditLoggingDomainSharedModule",
      "summary": null
    }
  ]
}