{
  "name": "Volo.Abp.AuditLogging.Domain.Shared",
  "hash": "240b6ecd8a36dc37a1fc56f5f62246c7",
  "contents": [
    {
      "namespace": "Volo.Abp.AuditLogging",
      "dependsOnModules": [
        {
          "declaringAssemblyName": "Volo.Abp.Validation",
          "namespace": "Volo.Abp.Validation",
          "name": "AbpValidationModule"
        }
      ],
      "contentType": "abpModule",
      "name": "AbpAuditLoggingDomainSharedModule",
      "summary": null
    }
  ]
}