{
  "name": "Volo.CmsKit.Domain",
  "hash": "9563ec318b090e3347580fe48ee5639e",
  "contents": [
    {
      "namespace": "Volo.CmsKit",
      "dependsOnModules": [
        {
          "declaringAssemblyName": "Volo.CmsKit.Domain.Shared",
          "namespace": "Volo.CmsKit",
          "name": "CmsKitDomainSharedModule"
        },
        {
          "declaringAssemblyName": "Volo.Abp.Users.Domain",
          "namespace": "Volo.Abp.Users",
          "name": "AbpUsersDomainModule"
        },
        {
          "declaringAssemblyName": "Volo.Abp.Ddd.Domain",
          "namespace": "Volo.Abp.Domain",
          "name": "AbpDddDomainModule"
        },
        {
          "declaringAssemblyName": "Volo.Abp.BlobStoring",
          "namespace": "Volo.Abp.BlobStoring",
          "name": "AbpBlobStoringModule"
        }
      ],
      "contentType": "abpModule",
      "name": "CmsKitDomainModule",
      "summary": null
    },
    {
      "baseClass": {
        "name": "AggregateRoot<Guid>",
        "namespace": "Volo.Abp.Domain.Entities",
        "declaringAssemblyName": "Volo.Abp.Ddd.Domain"
      },
      "implementingInterfaces": [
        {
          "name": "IEntity",
          "namespace": "Volo.Abp.Domain.Entities",
          "declaringAssemblyName": "Volo.Abp.Ddd.Domain"
        },
        {
          "name": "IEntity<Guid>",
          "namespace": "Volo.Abp.Domain.Entities",
          "declaringAssemblyName": "Volo.Abp.Ddd.Domain"
        },
        {
          "name": "IAggregateRoot<Guid>",
          "namespace": "Volo.Abp.Domain.Entities",
          "declaringAssemblyName": "Volo.Abp.Ddd.Domain"
        },
        {
          "name": "IAggregateRoot",
          "namespace": "Volo.Abp.Domain.Entities",
          "declaringAssemblyName": "Volo.Abp.Ddd.Domain"
        },
        {
          "name": "IGeneratesDomainEvents",
          "namespace": "Volo.Abp.Domain.Entities",
          "declaringAssemblyName": "Volo.Abp.Ddd.Domain"
        },
        {
          "name": "IHasExtraProperties",
          "namespace": "Volo.Abp.Data",
          "declaringAssemblyName": "Volo.Abp.ObjectExtending"
        },
        {
          "name": "IHasConcurrencyStamp",
          "namespace": "Volo.Abp.Domain.Entities",
          "declaringAssemblyName": "Volo.Abp.Data"
        },
        {
          "name": "IUser",
          "namespace": "Volo.Abp.Users",
          "declaringAssemblyName": "Volo.Abp.Users.Domain"
        },
        {
          "name": "IMultiTenant",
          "namespace": "Volo.Abp.MultiTenancy",
          "declaringAssemblyName": "Volo.Abp.MultiTenancy"
        },
        {
          "name": "IUpdateUserData",
          "namespace": "Volo.Abp.Users",
          "declaringAssemblyName": "Volo.Abp.Users.Domain"
        }
      ],
      "methods": [
        {
          "returnType": "Boolean",
          "isAsync": false,
          "name": "Update",
          "summary": null,
          "parameters": [
            {
              "type": "IUserData",
              "name": "user",
              "isOptional": false
            }
          ]
        }
      ],
      "namespace": "Volo.CmsKit.Users",
      "primaryKeyType": "Guid",
      "collectionProperties": {},
      "navigationProperties": {},
      "contentType": "aggregateRoot",
      "name": "CmsUser",
      "summary": null
    },
    {
      "baseClass": {
        "name": "FullAuditedAggregateRoot<Guid>",
        "namespace": "Volo.Abp.Domain.Entities.Auditing",
        "declaringAssemblyName": "Volo.Abp.Ddd.Domain"
      },
      "implementingInterfaces": [
        {
          "name": "IEntity",
          "namespace": "Volo.Abp.Domain.Entities",
          "declaringAssemblyName": "Volo.Abp.Ddd.Domain"
        },
        {
          "name": "IEntity<Guid>",
          "namespace": "Volo.Abp.Domain.Entities",
          "declaringAssemblyName": "Volo.Abp.Ddd.Domain"
        },
        {
          "name": "IAggregateRoot<Guid>",
          "namespace": "Volo.Abp.Domain.Entities",
          "declaringAssemblyName": "Volo.Abp.Ddd.Domain"
        },
        {
          "name": "IAggregateRoot",
          "namespace": "Volo.Abp.Domain.Entities",
          "declaringAssemblyName": "Volo.Abp.Ddd.Domain"
        },
        {
          "name": "IGeneratesDomainEvents",
          "namespace": "Volo.Abp.Domain.Entities",
          "declaringAssemblyName": "Volo.Abp.Ddd.Domain"
        },
        {
          "name": "IHasExtraProperties",
          "namespace": "Volo.Abp.Data",
          "declaringAssemblyName": "Volo.Abp.ObjectExtending"
        },
        {
          "name": "IHasConcurrencyStamp",
          "namespace": "Volo.Abp.Domain.Entities",
          "declaringAssemblyName": "Volo.Abp.Data"
        },
        {
          "name": "ICreationAuditedObject",
          "namespace": "Volo.Abp.Auditing",
          "declaringAssemblyName": "Volo.Abp.Auditing.Contracts"
        },
        {
          "name": "IHasCreationTime",
          "namespace": "Volo.Abp.Auditing",
          "declaringAssemblyName": "Volo.Abp.Auditing.Contracts"
        },
        {
          "name": "IMayHaveCreator",
          "namespace": "Volo.Abp.Auditing",
          "declaringAssemblyName": "Volo.Abp.Auditing.Contracts"
        },
        {
          "name": "IAuditedObject",
          "namespace": "Volo.Abp.Auditing",
          "declaringAssemblyName": "Volo.Abp.Auditing.Contracts"
        },
        {
          "name": "IModificationAuditedObject",
          "namespace": "Volo.Abp.Auditing",
          "declaringAssemblyName": "Volo.Abp.Auditing.Contracts"
        },
        {
          "name": "IHasModificationTime",
          "namespace": "Volo.Abp.Auditing",
          "declaringAssemblyName": "Volo.Abp.Auditing.Contracts"
        },
        {
          "name": "IFullAuditedObject",
          "namespace": "Volo.Abp.Auditing",
          "declaringAssemblyName": "Volo.Abp.Auditing.Contracts"
        },
        {
          "name": "IDeletionAuditedObject",
          "namespace": "Volo.Abp.Auditing",
          "declaringAssemblyName": "Volo.Abp.Auditing.Contracts"
        },
        {
          "name": "IHasDeletionTime",
          "namespace": "Volo.Abp.Auditing",
          "declaringAssemblyName": "Volo.Abp.Auditing.Contracts"
        },
        {
          "name": "ISoftDelete",
          "namespace": "Volo.Abp",
          "declaringAssemblyName": "Volo.Abp.Core"
        },
        {
          "name": "IMultiTenant",
          "namespace": "Volo.Abp.MultiTenancy",
          "declaringAssemblyName": "Volo.Abp.MultiTenancy"
        }
      ],
      "methods": [
        {
          "returnType": "Void",
          "isAsync": false,
          "name": "SetName",
          "summary": null,
          "parameters": [
            {
              "type": "String",
              "name": "name",
              "isOptional": false
            }
          ]
        },
        {
          "returnType": "Void",
          "isAsync": false,
          "name": "SetEntityType",
          "summary": null,
          "parameters": [
            {
              "type": "String",
              "name": "entityType",
              "isOptional": false
            }
          ]
        }
      ],
      "namespace": "Volo.CmsKit.Tags",
      "primaryKeyType": "Guid",
      "collectionProperties": {},
      "navigationProperties": {},
      "contentType": "aggregateRoot",
      "name": "Tag",
      "summary": null
    },
    {
      "baseClass": {
        "name": "BasicAggregateRoot<Guid>",
        "namespace": "Volo.Abp.Domain.Entities",
        "declaringAssemblyName": "Volo.Abp.Ddd.Domain"
      },
      "implementingInterfaces": [
        {
          "name": "IEntity",
          "namespace": "Volo.Abp.Domain.Entities",
          "declaringAssemblyName": "Volo.Abp.Ddd.Domain"
        },
        {
          "name": "IEntity<Guid>",
          "namespace": "Volo.Abp.Domain.Entities",
          "declaringAssemblyName": "Volo.Abp.Ddd.Domain"
        },
        {
          "name": "IAggregateRoot<Guid>",
          "namespace": "Volo.Abp.Domain.Entities",
          "declaringAssemblyName": "Volo.Abp.Ddd.Domain"
        },
        {
          "name": "IAggregateRoot",
          "namespace": "Volo.Abp.Domain.Entities",
          "declaringAssemblyName": "Volo.Abp.Ddd.Domain"
        },
        {
          "name": "IGeneratesDomainEvents",
          "namespace": "Volo.Abp.Domain.Entities",
          "declaringAssemblyName": "Volo.Abp.Ddd.Domain"
        },
        {
          "name": "IHasCreationTime",
          "namespace": "Volo.Abp.Auditing",
          "declaringAssemblyName": "Volo.Abp.Auditing.Contracts"
        },
        {
          "name": "IMustHaveCreator",
          "namespace": "Volo.Abp.Auditing",
          "declaringAssemblyName": "Volo.Abp.Auditing.Contracts"
        },
        {
          "name": "IMultiTenant",
          "namespace": "Volo.Abp.MultiTenancy",
          "declaringAssemblyName": "Volo.Abp.MultiTenancy"
        }
      ],
      "methods": [],
      "namespace": "Volo.CmsKit.Reactions",
      "primaryKeyType": "Guid",
      "collectionProperties": {},
      "navigationProperties": {},
      "contentType": "aggregateRoot",
      "name": "UserReaction",
      "summary": null
    },
    {
      "baseClass": {
        "name": "BasicAggregateRoot<Guid>",
        "namespace": "Volo.Abp.Domain.Entities",
        "declaringAssemblyName": "Volo.Abp.Ddd.Domain"
      },
      "implementingInterfaces": [
        {
          "name": "IEntity",
          "namespace": "Volo.Abp.Domain.Entities",
          "declaringAssemblyName": "Volo.Abp.Ddd.Domain"
        },
        {
          "name": "IEntity<Guid>",
          "namespace": "Volo.Abp.Domain.Entities",
          "declaringAssemblyName": "Volo.Abp.Ddd.Domain"
        },
        {
          "name": "IAggregateRoot<Guid>",
          "namespace": "Volo.Abp.Domain.Entities",
          "declaringAssemblyName": "Volo.Abp.Ddd.Domain"
        },
        {
          "name": "IAggregateRoot",
          "namespace": "Volo.Abp.Domain.Entities",
          "declaringAssemblyName": "Volo.Abp.Ddd.Domain"
        },
        {
          "name": "IGeneratesDomainEvents",
          "namespace": "Volo.Abp.Domain.Entities",
          "declaringAssemblyName": "Volo.Abp.Ddd.Domain"
        },
        {
          "name": "IHasCreationTime",
          "namespace": "Volo.Abp.Auditing",
          "declaringAssemblyName": "Volo.Abp.Auditing.Contracts"
        },
        {
          "name": "IMustHaveCreator",
          "namespace": "Volo.Abp.Auditing",
          "declaringAssemblyName": "Volo.Abp.Auditing.Contracts"
        }
      ],
      "methods": [
        {
          "returnType": "Void",
          "isAsync": false,
          "name": "SetStarCount",
          "summary": null,
          "parameters": [
            {
              "type": "Int16",
              "name": "starCount",
              "isOptional": false
            }
          ]
        }
      ],
      "namespace": "Volo.CmsKit.Ratings",
      "primaryKeyType": "Guid",
      "collectionProperties": {},
      "navigationProperties": {},
      "contentType": "aggregateRoot",
      "name": "Rating",
      "summary": null
    },
    {
      "baseClass": {
        "name": "FullAuditedAggregateRoot<Guid>",
        "namespace": "Volo.Abp.Domain.Entities.Auditing",
        "declaringAssemblyName": "Volo.Abp.Ddd.Domain"
      },
      "implementingInterfaces": [
        {
          "name": "IEntity",
          "namespace": "Volo.Abp.Domain.Entities",
          "declaringAssemblyName": "Volo.Abp.Ddd.Domain"
        },
        {
          "name": "IEntity<Guid>",
          "namespace": "Volo.Abp.Domain.Entities",
          "declaringAssemblyName": "Volo.Abp.Ddd.Domain"
        },
        {
          "name": "IAggregateRoot<Guid>",
          "namespace": "Volo.Abp.Domain.Entities",
          "declaringAssemblyName": "Volo.Abp.Ddd.Domain"
        },
        {
          "name": "IAggregateRoot",
          "namespace": "Volo.Abp.Domain.Entities",
          "declaringAssemblyName": "Volo.Abp.Ddd.Domain"
        },
        {
          "name": "IGeneratesDomainEvents",
          "namespace": "Volo.Abp.Domain.Entities",
          "declaringAssemblyName": "Volo.Abp.Ddd.Domain"
        },
        {
          "name": "IHasExtraProperties",
          "namespace": "Volo.Abp.Data",
          "declaringAssemblyName": "Volo.Abp.ObjectExtending"
        },
        {
          "name": "IHasConcurrencyStamp",
          "namespace": "Volo.Abp.Domain.Entities",
          "declaringAssemblyName": "Volo.Abp.Data"
        },
        {
          "name": "ICreationAuditedObject",
          "namespace": "Volo.Abp.Auditing",
          "declaringAssemblyName": "Volo.Abp.Auditing.Contracts"
        },
        {
          "name": "IHasCreationTime",
          "namespace": "Volo.Abp.Auditing",
          "declaringAssemblyName": "Volo.Abp.Auditing.Contracts"
        },
        {
          "name": "IMayHaveCreator",
          "namespace": "Volo.Abp.Auditing",
          "declaringAssemblyName": "Volo.Abp.Auditing.Contracts"
        },
        {
          "name": "IAuditedObject",
          "namespace": "Volo.Abp.Auditing",
          "declaringAssemblyName": "Volo.Abp.Auditing.Contracts"
        },
        {
          "name": "IModificationAuditedObject",
          "namespace": "Volo.Abp.Auditing",
          "declaringAssemblyName": "Volo.Abp.Auditing.Contracts"
        },
        {
          "name": "IHasModificationTime",
          "namespace": "Volo.Abp.Auditing",
          "declaringAssemblyName": "Volo.Abp.Auditing.Contracts"
        },
        {
          "name": "IFullAuditedObject",
          "namespace": "Volo.Abp.Auditing",
          "declaringAssemblyName": "Volo.Abp.Auditing.Contracts"
        },
        {
          "name": "IDeletionAuditedObject",
          "namespace": "Volo.Abp.Auditing",
          "declaringAssemblyName": "Volo.Abp.Auditing.Contracts"
        },
        {
          "name": "IHasDeletionTime",
          "namespace": "Volo.Abp.Auditing",
          "declaringAssemblyName": "Volo.Abp.Auditing.Contracts"
        },
        {
          "name": "ISoftDelete",
          "namespace": "Volo.Abp",
          "declaringAssemblyName": "Volo.Abp.Core"
        },
        {
          "name": "IMultiTenant",
          "namespace": "Volo.Abp.MultiTenancy",
          "declaringAssemblyName": "Volo.Abp.MultiTenancy"
        }
      ],
      "methods": [
        {
          "returnType": "Void",
          "isAsync": false,
          "name": "SetTitle",
          "summary": null,
          "parameters": [
            {
              "type": "String",
              "name": "title",
              "isOptional": false
            }
          ]
        },
        {
          "returnType": "Void",
          "isAsync": false,
          "name": "SetContent",
          "summary": null,
          "parameters": [
            {
              "type": "String",
              "name": "content",
              "isOptional": false
            }
          ]
        },
        {
          "returnType": "Void",
          "isAsync": false,
          "name": "SetScript",
          "summary": null,
          "parameters": [
            {
              "type": "String",
              "name": "script",
              "isOptional": false
            }
          ]
        },
        {
          "returnType": "Void",
          "isAsync": false,
          "name": "SetStyle",
          "summary": null,
          "parameters": [
            {
              "type": "String",
              "name": "style",
              "isOptional": false
            }
          ]
        }
      ],
      "namespace": "Volo.CmsKit.Pages",
      "primaryKeyType": "Guid",
      "collectionProperties": {},
      "navigationProperties": {},
      "contentType": "aggregateRoot",
      "name": "Page",
      "summary": null
    },
    {
      "baseClass": {
        "name": "AuditedAggregateRoot<Guid>",
        "namespace": "Volo.Abp.Domain.Entities.Auditing",
        "declaringAssemblyName": "Volo.Abp.Ddd.Domain"
      },
      "implementingInterfaces": [
        {
          "name": "IEntity",
          "namespace": "Volo.Abp.Domain.Entities",
          "declaringAssemblyName": "Volo.Abp.Ddd.Domain"
        },
        {
          "name": "IEntity<Guid>",
          "namespace": "Volo.Abp.Domain.Entities",
          "declaringAssemblyName": "Volo.Abp.Ddd.Domain"
        },
        {
          "name": "IAggregateRoot<Guid>",
          "namespace": "Volo.Abp.Domain.Entities",
          "declaringAssemblyName": "Volo.Abp.Ddd.Domain"
        },
        {
          "name": "IAggregateRoot",
          "namespace": "Volo.Abp.Domain.Entities",
          "declaringAssemblyName": "Volo.Abp.Ddd.Domain"
        },
        {
          "name": "IGeneratesDomainEvents",
          "namespace": "Volo.Abp.Domain.Entities",
          "declaringAssemblyName": "Volo.Abp.Ddd.Domain"
        },
        {
          "name": "IHasExtraProperties",
          "namespace": "Volo.Abp.Data",
          "declaringAssemblyName": "Volo.Abp.ObjectExtending"
        },
        {
          "name": "IHasConcurrencyStamp",
          "namespace": "Volo.Abp.Domain.Entities",
          "declaringAssemblyName": "Volo.Abp.Data"
        },
        {
          "name": "ICreationAuditedObject",
          "namespace": "Volo.Abp.Auditing",
          "declaringAssemblyName": "Volo.Abp.Auditing.Contracts"
        },
        {
          "name": "IHasCreationTime",
          "namespace": "Volo.Abp.Auditing",
          "declaringAssemblyName": "Volo.Abp.Auditing.Contracts"
        },
        {
          "name": "IMayHaveCreator",
          "namespace": "Volo.Abp.Auditing",
          "declaringAssemblyName": "Volo.Abp.Auditing.Contracts"
        },
        {
          "name": "IAuditedObject",
          "namespace": "Volo.Abp.Auditing",
          "declaringAssemblyName": "Volo.Abp.Auditing.Contracts"
        },
        {
          "name": "IModificationAuditedObject",
          "namespace": "Volo.Abp.Auditing",
          "declaringAssemblyName": "Volo.Abp.Auditing.Contracts"
        },
        {
          "name": "IHasModificationTime",
          "namespace": "Volo.Abp.Auditing",
          "declaringAssemblyName": "Volo.Abp.Auditing.Contracts"
        },
        {
          "name": "IMultiTenant",
          "namespace": "Volo.Abp.MultiTenancy",
          "declaringAssemblyName": "Volo.Abp.MultiTenancy"
        }
      ],
      "methods": [
        {
          "returnType": "Void",
          "isAsync": false,
          "name": "SetDisplayName",
          "summary": null,
          "parameters": [
            {
              "type": "String",
              "name": "displayName",
              "isOptional": false
            }
          ]
        },
        {
          "returnType": "Void",
          "isAsync": false,
          "name": "SetUrl",
          "summary": null,
          "parameters": [
            {
              "type": "String",
              "name": "url",
              "isOptional": false
            }
          ]
        }
      ],
      "namespace": "Volo.CmsKit.Menus",
      "primaryKeyType": "Guid",
      "collectionProperties": {},
      "navigationProperties": {},
      "contentType": "aggregateRoot",
      "name": "MenuItem",
      "summary": null
    },
    {
      "baseClass": {
        "name": "FullAuditedAggregateRoot<Guid>",
        "namespace": "Volo.Abp.Domain.Entities.Auditing",
        "declaringAssemblyName": "Volo.Abp.Ddd.Domain"
      },
      "implementingInterfaces": [
        {
          "name": "IEntity",
          "namespace": "Volo.Abp.Domain.Entities",
          "declaringAssemblyName": "Volo.Abp.Ddd.Domain"
        },
        {
          "name": "IEntity<Guid>",
          "namespace": "Volo.Abp.Domain.Entities",
          "declaringAssemblyName": "Volo.Abp.Ddd.Domain"
        },
        {
          "name": "IAggregateRoot<Guid>",
          "namespace": "Volo.Abp.Domain.Entities",
          "declaringAssemblyName": "Volo.Abp.Ddd.Domain"
        },
        {
          "name": "IAggregateRoot",
          "namespace": "Volo.Abp.Domain.Entities",
          "declaringAssemblyName": "Volo.Abp.Ddd.Domain"
        },
        {
          "name": "IGeneratesDomainEvents",
          "namespace": "Volo.Abp.Domain.Entities",
          "declaringAssemblyName": "Volo.Abp.Ddd.Domain"
        },
        {
          "name": "IHasExtraProperties",
          "namespace": "Volo.Abp.Data",
          "declaringAssemblyName": "Volo.Abp.ObjectExtending"
        },
        {
          "name": "IHasConcurrencyStamp",
          "namespace": "Volo.Abp.Domain.Entities",
          "declaringAssemblyName": "Volo.Abp.Data"
        },
        {
          "name": "ICreationAuditedObject",
          "namespace": "Volo.Abp.Auditing",
          "declaringAssemblyName": "Volo.Abp.Auditing.Contracts"
        },
        {
          "name": "IHasCreationTime",
          "namespace": "Volo.Abp.Auditing",
          "declaringAssemblyName": "Volo.Abp.Auditing.Contracts"
        },
        {
          "name": "IMayHaveCreator",
          "namespace": "Volo.Abp.Auditing",
          "declaringAssemblyName": "Volo.Abp.Auditing.Contracts"
        },
        {
          "name": "IAuditedObject",
          "namespace": "Volo.Abp.Auditing",
          "declaringAssemblyName": "Volo.Abp.Auditing.Contracts"
        },
        {
          "name": "IModificationAuditedObject",
          "namespace": "Volo.Abp.Auditing",
          "declaringAssemblyName": "Volo.Abp.Auditing.Contracts"
        },
        {
          "name": "IHasModificationTime",
          "namespace": "Volo.Abp.Auditing",
          "declaringAssemblyName": "Volo.Abp.Auditing.Contracts"
        },
        {
          "name": "IFullAuditedObject",
          "namespace": "Volo.Abp.Auditing",
          "declaringAssemblyName": "Volo.Abp.Auditing.Contracts"
        },
        {
          "name": "IDeletionAuditedObject",
          "namespace": "Volo.Abp.Auditing",
          "declaringAssemblyName": "Volo.Abp.Auditing.Contracts"
        },
        {
          "name": "IHasDeletionTime",
          "namespace": "Volo.Abp.Auditing",
          "declaringAssemblyName": "Volo.Abp.Auditing.Contracts"
        },
        {
          "name": "ISoftDelete",
          "namespace": "Volo.Abp",
          "declaringAssemblyName": "Volo.Abp.Core"
        },
        {
          "name": "IMultiTenant",
          "namespace": "Volo.Abp.MultiTenancy",
          "declaringAssemblyName": "Volo.Abp.MultiTenancy"
        }
      ],
      "methods": [
        {
          "returnType": "Void",
          "isAsync": false,
          "name": "SetName",
          "summary": null,
          "parameters": [
            {
              "type": "String",
              "name": "name",
              "isOptional": false
            }
          ]
        }
      ],
      "namespace": "Volo.CmsKit.MediaDescriptors",
      "primaryKeyType": "Guid",
      "collectionProperties": {},
      "navigationProperties": {},
      "contentType": "aggregateRoot",
      "name": "MediaDescriptor",
      "summary": null
    },
    {
      "baseClass": {
        "name": "AuditedAggregateRoot<Guid>",
        "namespace": "Volo.Abp.Domain.Entities.Auditing",
        "declaringAssemblyName": "Volo.Abp.Ddd.Domain"
      },
      "implementingInterfaces": [
        {
          "name": "IEntity",
          "namespace": "Volo.Abp.Domain.Entities",
          "declaringAssemblyName": "Volo.Abp.Ddd.Domain"
        },
        {
          "name": "IEntity<Guid>",
          "namespace": "Volo.Abp.Domain.Entities",
          "declaringAssemblyName": "Volo.Abp.Ddd.Domain"
        },
        {
          "name": "IAggregateRoot<Guid>",
          "namespace": "Volo.Abp.Domain.Entities",
          "declaringAssemblyName": "Volo.Abp.Ddd.Domain"
        },
        {
          "name": "IAggregateRoot",
          "namespace": "Volo.Abp.Domain.Entities",
          "declaringAssemblyName": "Volo.Abp.Ddd.Domain"
        },
        {
          "name": "IGeneratesDomainEvents",
          "namespace": "Volo.Abp.Domain.Entities",
          "declaringAssemblyName": "Volo.Abp.Ddd.Domain"
        },
        {
          "name": "IHasExtraProperties",
          "namespace": "Volo.Abp.Data",
          "declaringAssemblyName": "Volo.Abp.ObjectExtending"
        },
        {
          "name": "IHasConcurrencyStamp",
          "namespace": "Volo.Abp.Domain.Entities",
          "declaringAssemblyName": "Volo.Abp.Data"
        },
        {
          "name": "ICreationAuditedObject",
          "namespace": "Volo.Abp.Auditing",
          "declaringAssemblyName": "Volo.Abp.Auditing.Contracts"
        },
        {
          "name": "IHasCreationTime",
          "namespace": "Volo.Abp.Auditing",
          "declaringAssemblyName": "Volo.Abp.Auditing.Contracts"
        },
        {
          "name": "IMayHaveCreator",
          "namespace": "Volo.Abp.Auditing",
          "declaringAssemblyName": "Volo.Abp.Auditing.Contracts"
        },
        {
          "name": "IAuditedObject",
          "namespace": "Volo.Abp.Auditing",
          "declaringAssemblyName": "Volo.Abp.Auditing.Contracts"
        },
        {
          "name": "IModificationAuditedObject",
          "namespace": "Volo.Abp.Auditing",
          "declaringAssemblyName": "Volo.Abp.Auditing.Contracts"
        },
        {
          "name": "IHasModificationTime",
          "namespace": "Volo.Abp.Auditing",
          "declaringAssemblyName": "Volo.Abp.Auditing.Contracts"
        },
        {
          "name": "IMultiTenant",
          "namespace": "Volo.Abp.MultiTenancy",
          "declaringAssemblyName": "Volo.Abp.MultiTenancy"
        }
      ],
      "methods": [
        {
          "returnType": "Void",
          "isAsync": false,
          "name": "SetValue",
          "summary": null,
          "parameters": [
            {
              "type": "String",
              "name": "value",
              "isOptional": false
            }
          ]
        }
      ],
      "namespace": "Volo.CmsKit.GlobalResources",
      "primaryKeyType": "Guid",
      "collectionProperties": {},
      "navigationProperties": {},
      "contentType": "aggregateRoot",
      "name": "GlobalResource",
      "summary": null
    },
    {
      "baseClass": {
        "name": "AggregateRoot<Guid>",
        "namespace": "Volo.Abp.Domain.Entities",
        "declaringAssemblyName": "Volo.Abp.Ddd.Domain"
      },
      "implementingInterfaces": [
        {
          "name": "IEntity",
          "namespace": "Volo.Abp.Domain.Entities",
          "declaringAssemblyName": "Volo.Abp.Ddd.Domain"
        },
        {
          "name": "IEntity<Guid>",
          "namespace": "Volo.Abp.Domain.Entities",
          "declaringAssemblyName": "Volo.Abp.Ddd.Domain"
        },
        {
          "name": "IAggregateRoot<Guid>",
          "namespace": "Volo.Abp.Domain.Entities",
          "declaringAssemblyName": "Volo.Abp.Ddd.Domain"
        },
        {
          "name": "IAggregateRoot",
          "namespace": "Volo.Abp.Domain.Entities",
          "declaringAssemblyName": "Volo.Abp.Ddd.Domain"
        },
        {
          "name": "IGeneratesDomainEvents",
          "namespace": "Volo.Abp.Domain.Entities",
          "declaringAssemblyName": "Volo.Abp.Ddd.Domain"
        },
        {
          "name": "IHasExtraProperties",
          "namespace": "Volo.Abp.Data",
          "declaringAssemblyName": "Volo.Abp.ObjectExtending"
        },
        {
          "name": "IHasConcurrencyStamp",
          "namespace": "Volo.Abp.Domain.Entities",
          "declaringAssemblyName": "Volo.Abp.Data"
        },
        {
          "name": "IHasCreationTime",
          "namespace": "Volo.Abp.Auditing",
          "declaringAssemblyName": "Volo.Abp.Auditing.Contracts"
        },
        {
          "name": "IMustHaveCreator",
          "namespace": "Volo.Abp.Auditing",
          "declaringAssemblyName": "Volo.Abp.Auditing.Contracts"
        },
        {
          "name": "IMultiTenant",
          "namespace": "Volo.Abp.MultiTenancy",
          "declaringAssemblyName": "Volo.Abp.MultiTenancy"
        }
      ],
      "methods": [
        {
          "returnType": "Void",
          "isAsync": false,
          "name": "SetText",
          "summary": null,
          "parameters": [
            {
              "type": "String",
              "name": "text",
              "isOptional": false
            }
          ]
        }
      ],
      "namespace": "Volo.CmsKit.Comments",
      "primaryKeyType": "Guid",
      "collectionProperties": {},
      "navigationProperties": {},
      "contentType": "aggregateRoot",
      "name": "Comment",
      "summary": null
    },
    {
      "baseClass": {
        "name": "FullAuditedAggregateRoot<Guid>",
        "namespace": "Volo.Abp.Domain.Entities.Auditing",
        "declaringAssemblyName": "Volo.Abp.Ddd.Domain"
      },
      "implementingInterfaces": [
        {
          "name": "IEntity",
          "namespace": "Volo.Abp.Domain.Entities",
          "declaringAssemblyName": "Volo.Abp.Ddd.Domain"
        },
        {
          "name": "IEntity<Guid>",
          "namespace": "Volo.Abp.Domain.Entities",
          "declaringAssemblyName": "Volo.Abp.Ddd.Domain"
        },
        {
          "name": "IAggregateRoot<Guid>",
          "namespace": "Volo.Abp.Domain.Entities",
          "declaringAssemblyName": "Volo.Abp.Ddd.Domain"
        },
        {
          "name": "IAggregateRoot",
          "namespace": "Volo.Abp.Domain.Entities",
          "declaringAssemblyName": "Volo.Abp.Ddd.Domain"
        },
        {
          "name": "IGeneratesDomainEvents",
          "namespace": "Volo.Abp.Domain.Entities",
          "declaringAssemblyName": "Volo.Abp.Ddd.Domain"
        },
        {
          "name": "IHasExtraProperties",
          "namespace": "Volo.Abp.Data",
          "declaringAssemblyName": "Volo.Abp.ObjectExtending"
        },
        {
          "name": "IHasConcurrencyStamp",
          "namespace": "Volo.Abp.Domain.Entities",
          "declaringAssemblyName": "Volo.Abp.Data"
        },
        {
          "name": "ICreationAuditedObject",
          "namespace": "Volo.Abp.Auditing",
          "declaringAssemblyName": "Volo.Abp.Auditing.Contracts"
        },
        {
          "name": "IHasCreationTime",
          "namespace": "Volo.Abp.Auditing",
          "declaringAssemblyName": "Volo.Abp.Auditing.Contracts"
        },
        {
          "name": "IMayHaveCreator",
          "namespace": "Volo.Abp.Auditing",
          "declaringAssemblyName": "Volo.Abp.Auditing.Contracts"
        },
        {
          "name": "IAuditedObject",
          "namespace": "Volo.Abp.Auditing",
          "declaringAssemblyName": "Volo.Abp.Auditing.Contracts"
        },
        {
          "name": "IModificationAuditedObject",
          "namespace": "Volo.Abp.Auditing",
          "declaringAssemblyName": "Volo.Abp.Auditing.Contracts"
        },
        {
          "name": "IHasModificationTime",
          "namespace": "Volo.Abp.Auditing",
          "declaringAssemblyName": "Volo.Abp.Auditing.Contracts"
        },
        {
          "name": "IFullAuditedObject",
          "namespace": "Volo.Abp.Auditing",
          "declaringAssemblyName": "Volo.Abp.Auditing.Contracts"
        },
        {
          "name": "IDeletionAuditedObject",
          "namespace": "Volo.Abp.Auditing",
          "declaringAssemblyName": "Volo.Abp.Auditing.Contracts"
        },
        {
          "name": "IHasDeletionTime",
          "namespace": "Volo.Abp.Auditing",
          "declaringAssemblyName": "Volo.Abp.Auditing.Contracts"
        },
        {
          "name": "ISoftDelete",
          "namespace": "Volo.Abp",
          "declaringAssemblyName": "Volo.Abp.Core"
        },
        {
          "name": "IMultiTenant",
          "namespace": "Volo.Abp.MultiTenancy",
          "declaringAssemblyName": "Volo.Abp.MultiTenancy"
        }
      ],
      "methods": [
        {
          "returnType": "Void",
          "isAsync": false,
          "name": "SetName",
          "summary": null,
          "parameters": [
            {
              "type": "String",
              "name": "name",
              "isOptional": false
            }
          ]
        },
        {
          "returnType": "Void",
          "isAsync": false,
          "name": "SetSlug",
          "summary": null,
          "parameters": [
            {
              "type": "String",
              "name": "slug",
              "isOptional": false
            }
          ]
        }
      ],
      "namespace": "Volo.CmsKit.Blogs",
      "primaryKeyType": "Guid",
      "collectionProperties": {},
      "navigationProperties": {},
      "contentType": "aggregateRoot",
      "name": "Blog",
      "summary": null
    },
    {
      "baseClass": {
        "name": "FullAuditedAggregateRoot<Guid>",
        "namespace": "Volo.Abp.Domain.Entities.Auditing",
        "declaringAssemblyName": "Volo.Abp.Ddd.Domain"
      },
      "implementingInterfaces": [
        {
          "name": "IEntity",
          "namespace": "Volo.Abp.Domain.Entities",
          "declaringAssemblyName": "Volo.Abp.Ddd.Domain"
        },
        {
          "name": "IEntity<Guid>",
          "namespace": "Volo.Abp.Domain.Entities",
          "declaringAssemblyName": "Volo.Abp.Ddd.Domain"
        },
        {
          "name": "IAggregateRoot<Guid>",
          "namespace": "Volo.Abp.Domain.Entities",
          "declaringAssemblyName": "Volo.Abp.Ddd.Domain"
        },
        {
          "name": "IAggregateRoot",
          "namespace": "Volo.Abp.Domain.Entities",
          "declaringAssemblyName": "Volo.Abp.Ddd.Domain"
        },
        {
          "name": "IGeneratesDomainEvents",
          "namespace": "Volo.Abp.Domain.Entities",
          "declaringAssemblyName": "Volo.Abp.Ddd.Domain"
        },
        {
          "name": "IHasExtraProperties",
          "namespace": "Volo.Abp.Data",
          "declaringAssemblyName": "Volo.Abp.ObjectExtending"
        },
        {
          "name": "IHasConcurrencyStamp",
          "namespace": "Volo.Abp.Domain.Entities",
          "declaringAssemblyName": "Volo.Abp.Data"
        },
        {
          "name": "ICreationAuditedObject",
          "namespace": "Volo.Abp.Auditing",
          "declaringAssemblyName": "Volo.Abp.Auditing.Contracts"
        },
        {
          "name": "IHasCreationTime",
          "namespace": "Volo.Abp.Auditing",
          "declaringAssemblyName": "Volo.Abp.Auditing.Contracts"
        },
        {
          "name": "IMayHaveCreator",
          "namespace": "Volo.Abp.Auditing",
          "declaringAssemblyName": "Volo.Abp.Auditing.Contracts"
        },
        {
          "name": "IAuditedObject",
          "namespace": "Volo.Abp.Auditing",
          "declaringAssemblyName": "Volo.Abp.Auditing.Contracts"
        },
        {
          "name": "IModificationAuditedObject",
          "namespace": "Volo.Abp.Auditing",
          "declaringAssemblyName": "Volo.Abp.Auditing.Contracts"
        },
        {
          "name": "IHasModificationTime",
          "namespace": "Volo.Abp.Auditing",
          "declaringAssemblyName": "Volo.Abp.Auditing.Contracts"
        },
        {
          "name": "IFullAuditedObject",
          "namespace": "Volo.Abp.Auditing",
          "declaringAssemblyName": "Volo.Abp.Auditing.Contracts"
        },
        {
          "name": "IDeletionAuditedObject",
          "namespace": "Volo.Abp.Auditing",
          "declaringAssemblyName": "Volo.Abp.Auditing.Contracts"
        },
        {
          "name": "IHasDeletionTime",
          "namespace": "Volo.Abp.Auditing",
          "declaringAssemblyName": "Volo.Abp.Auditing.Contracts"
        },
        {
          "name": "ISoftDelete",
          "namespace": "Volo.Abp",
          "declaringAssemblyName": "Volo.Abp.Core"
        }
      ],
      "methods": [],
      "namespace": "Volo.CmsKit.Blogs",
      "primaryKeyType": "Guid",
      "collectionProperties": {},
      "navigationProperties": {},
      "contentType": "aggregateRoot",
      "name": "BlogFeature",
      "summary": null
    },
    {
      "baseClass": {
        "name": "FullAuditedAggregateRoot<Guid>",
        "namespace": "Volo.Abp.Domain.Entities.Auditing",
        "declaringAssemblyName": "Volo.Abp.Ddd.Domain"
      },
      "implementingInterfaces": [
        {
          "name": "IEntity",
          "namespace": "Volo.Abp.Domain.Entities",
          "declaringAssemblyName": "Volo.Abp.Ddd.Domain"
        },
        {
          "name": "IEntity<Guid>",
          "namespace": "Volo.Abp.Domain.Entities",
          "declaringAssemblyName": "Volo.Abp.Ddd.Domain"
        },
        {
          "name": "IAggregateRoot<Guid>",
          "namespace": "Volo.Abp.Domain.Entities",
          "declaringAssemblyName": "Volo.Abp.Ddd.Domain"
        },
        {
          "name": "IAggregateRoot",
          "namespace": "Volo.Abp.Domain.Entities",
          "declaringAssemblyName": "Volo.Abp.Ddd.Domain"
        },
        {
          "name": "IGeneratesDomainEvents",
          "namespace": "Volo.Abp.Domain.Entities",
          "declaringAssemblyName": "Volo.Abp.Ddd.Domain"
        },
        {
          "name": "IHasExtraProperties",
          "namespace": "Volo.Abp.Data",
          "declaringAssemblyName": "Volo.Abp.ObjectExtending"
        },
        {
          "name": "IHasConcurrencyStamp",
          "namespace": "Volo.Abp.Domain.Entities",
          "declaringAssemblyName": "Volo.Abp.Data"
        },
        {
          "name": "ICreationAuditedObject",
          "namespace": "Volo.Abp.Auditing",
          "declaringAssemblyName": "Volo.Abp.Auditing.Contracts"
        },
        {
          "name": "IHasCreationTime",
          "namespace": "Volo.Abp.Auditing",
          "declaringAssemblyName": "Volo.Abp.Auditing.Contracts"
        },
        {
          "name": "IMayHaveCreator",
          "namespace": "Volo.Abp.Auditing",
          "declaringAssemblyName": "Volo.Abp.Auditing.Contracts"
        },
        {
          "name": "IAuditedObject",
          "namespace": "Volo.Abp.Auditing",
          "declaringAssemblyName": "Volo.Abp.Auditing.Contracts"
        },
        {
          "name": "IModificationAuditedObject",
          "namespace": "Volo.Abp.Auditing",
          "declaringAssemblyName": "Volo.Abp.Auditing.Contracts"
        },
        {
          "name": "IHasModificationTime",
          "namespace": "Volo.Abp.Auditing",
          "declaringAssemblyName": "Volo.Abp.Auditing.Contracts"
        },
        {
          "name": "IFullAuditedObject",
          "namespace": "Volo.Abp.Auditing",
          "declaringAssemblyName": "Volo.Abp.Auditing.Contracts"
        },
        {
          "name": "IDeletionAuditedObject",
          "namespace": "Volo.Abp.Auditing",
          "declaringAssemblyName": "Volo.Abp.Auditing.Contracts"
        },
        {
          "name": "IHasDeletionTime",
          "namespace": "Volo.Abp.Auditing",
          "declaringAssemblyName": "Volo.Abp.Auditing.Contracts"
        },
        {
          "name": "ISoftDelete",
          "namespace": "Volo.Abp",
          "declaringAssemblyName": "Volo.Abp.Core"
        },
        {
          "name": "IMultiTenant",
          "namespace": "Volo.Abp.MultiTenancy",
          "declaringAssemblyName": "Volo.Abp.MultiTenancy"
        }
      ],
      "methods": [
        {
          "returnType": "Void",
          "isAsync": false,
          "name": "SetTitle",
          "summary": null,
          "parameters": [
            {
              "type": "String",
              "name": "title",
              "isOptional": false
            }
          ]
        },
        {
          "returnType": "Void",
          "isAsync": false,
          "name": "SetShortDescription",
          "summary": null,
          "parameters": [
            {
              "type": "String",
              "name": "shortDescription",
              "isOptional": false
            }
          ]
        },
        {
          "returnType": "Void",
          "isAsync": false,
          "name": "SetContent",
          "summary": null,
          "parameters": [
            {
              "type": "String",
              "name": "content",
              "isOptional": false
            }
          ]
        },
        {
          "returnType": "Void",
          "isAsync": false,
          "name": "SetDraft",
          "summary": null,
          "parameters": []
        },
        {
          "returnType": "Void",
          "isAsync": false,
          "name": "SetPublished",
          "summary": null,
          "parameters": []
        },
        {
          "returnType": "Void",
          "isAsync": false,
          "name": "SetWaitingForReview",
          "summary": null,
          "parameters": []
        }
      ],
      "namespace": "Volo.CmsKit.Blogs",
      "primaryKeyType": "Guid",
      "collectionProperties": {},
      "navigationProperties": {
        "author": {
          "name": "CmsUser",
          "namespace": "Volo.CmsKit.Users",
          "declaringAssemblyName": "Volo.CmsKit.Domain"
        }
      },
      "contentType": "aggregateRoot",
      "name": "BlogPost",
      "summary": null
    },
    {
      "namespace": "Volo.CmsKit.Tags",
      "baseClass": {
        "name": "DomainService",
        "namespace": "Volo.Abp.Domain.Services",
        "declaringAssemblyName": "Volo.Abp.Ddd.Domain"
      },
      "methods": [
        {
          "returnType": "EntityTag",
          "isAsync": true,
          "name": "AddTagToEntityAsync",
          "summary": null,
          "parameters": [
            {
              "type": "Guid",
              "name": "tagId",
              "isOptional": false
            },
            {
              "type": "String",
              "name": "entityType",
              "isOptional": false
            },
            {
              "type": "String",
              "name": "entityId",
              "isOptional": false
            },
            {
              "type": "Nullable<Guid>",
              "name": "tenantId",
              "isOptional": true
            },
            {
              "type": "CancellationToken",
              "name": "cancellationToken",
              "isOptional": true
            }
          ]
        },
        {
          "returnType": "Void",
          "isAsync": true,
          "name": "RemoveTagFromEntityAsync",
          "summary": null,
          "parameters": [
            {
              "type": "Guid",
              "name": "tagId",
              "isOptional": false
            },
            {
              "type": "String",
              "name": "entityType",
              "isOptional": false
            },
            {
              "type": "String",
              "name": "entityId",
              "isOptional": false
            },
            {
              "type": "Nullable<Guid>",
              "name": "tenantId",
              "isOptional": true
            },
            {
              "type": "CancellationToken",
              "name": "cancellationToken",
              "isOptional": true
            }
          ]
        },
        {
          "returnType": "Void",
          "isAsync": true,
          "name": "SetEntityTagsAsync",
          "summary": null,
          "parameters": [
            {
              "type": "String",
              "name": "entityType",
              "isOptional": false
            },
            {
              "type": "String",
              "name": "entityId",
              "isOptional": false
            },
            {
              "type": "List<String>",
              "name": "tags",
              "isOptional": false
            }
          ]
        },
        {
          "returnType": "List<String>",
          "isAsync": true,
          "name": "GetEntityIdsFilteredByTagAsync",
          "summary": null,
          "parameters": [
            {
              "type": "Guid",
              "name": "tagId",
              "isOptional": false
            },
            {
              "type": "Nullable<Guid>",
              "name": "tenantId",
              "isOptional": false
            },
            {
              "type": "CancellationToken",
              "name": "cancellationToken",
              "isOptional": true
            }
          ]
        },
        {
          "returnType": "List<String>",
          "isAsync": true,
          "name": "GetEntityIdsFilteredByTagNameAsync",
          "summary": null,
          "parameters": [
            {
              "type": "String",
              "name": "tagName",
              "isOptional": false
            },
            {
              "type": "String",
              "name": "entityType",
              "isOptional": false
            },
            {
              "type": "Nullable<Guid>",
              "name": "tenantId",
              "isOptional": false
            },
            {
              "type": "CancellationToken",
              "name": "cancellationToken",
              "isOptional": true
            }
          ]
        }
      ],
      "contentType": "domainService",
      "name": "EntityTagManager",
      "summary": null
    },
    {
      "namespace": "Volo.CmsKit.Tags",
      "baseClass": {
        "name": "DomainService",
        "namespace": "Volo.Abp.Domain.Services",
        "declaringAssemblyName": "Volo.Abp.Ddd.Domain"
      },
      "methods": [
        {
          "returnType": "Tag",
          "isAsync": true,
          "name": "GetOrAddAsync",
          "summary": null,
          "parameters": [
            {
              "type": "String",
              "name": "entityType",
              "isOptional": false
            },
            {
              "type": "String",
              "name": "name",
              "isOptional": false
            }
          ]
        },
        {
          "returnType": "Tag",
          "isAsync": true,
          "name": "CreateAsync",
          "summary": null,
          "parameters": [
            {
              "type": "Guid",
              "name": "id",
              "isOptional": false
            },
            {
              "type": "String",
              "name": "entityType",
              "isOptional": false
            },
            {
              "type": "String",
              "name": "name",
              "isOptional": false
            }
          ]
        },
        {
          "returnType": "Tag",
          "isAsync": true,
          "name": "UpdateAsync",
          "summary": null,
          "parameters": [
            {
              "type": "Guid",
              "name": "id",
              "isOptional": false
            },
            {
              "type": "String",
              "name": "name",
              "isOptional": false
            }
          ]
        }
      ],
      "contentType": "domainService",
      "name": "TagManager",
      "summary": null
    },
    {
      "namespace": "Volo.CmsKit.Reactions",
      "baseClass": {
        "name": "CmsKitDomainServiceBase",
        "namespace": "Volo.CmsKit",
        "declaringAssemblyName": "Volo.CmsKit.Domain"
      },
      "methods": [
        {
          "returnType": "List<ReactionDefinition>",
          "isAsync": true,
          "name": "GetReactionsAsync",
          "summary": null,
          "parameters": [
            {
              "type": "String",
              "name": "entityType",
              "isOptional": false
            }
          ]
        },
        {
          "returnType": "List<ReactionSummary>",
          "isAsync": true,
          "name": "GetSummariesAsync",
          "summary": null,
          "parameters": [
            {
              "type": "String",
              "name": "entityType",
              "isOptional": false
            },
            {
              "type": "String",
              "name": "entityId",
              "isOptional": false
            }
          ]
        },
        {
          "returnType": "UserReaction",
          "isAsync": true,
          "name": "GetOrCreateAsync",
          "summary": null,
          "parameters": [
            {
              "type": "Guid",
              "name": "creatorId",
              "isOptional": false
            },
            {
              "type": "String",
              "name": "entityType",
              "isOptional": false
            },
            {
              "type": "String",
              "name": "entityId",
              "isOptional": false
            },
            {
              "type": "String",
              "name": "reactionName",
              "isOptional": false
            }
          ]
        },
        {
          "returnType": "Boolean",
          "isAsync": true,
          "name": "DeleteAsync",
          "summary": null,
          "parameters": [
            {
              "type": "Guid",
              "name": "userId",
              "isOptional": false
            },
            {
              "type": "String",
              "name": "entityType",
              "isOptional": false
            },
            {
              "type": "String",
              "name": "entityId",
              "isOptional": false
            },
            {
              "type": "String",
              "name": "reactionName",
              "isOptional": false
            }
          ]
        }
      ],
      "contentType": "domainService",
      "name": "ReactionManager",
      "summary": null
    },
    {
      "namespace": "Volo.CmsKit.Ratings",
      "baseClass": {
        "name": "DomainService",
        "namespace": "Volo.Abp.Domain.Services",
        "declaringAssemblyName": "Volo.Abp.Ddd.Domain"
      },
      "methods": [
        {
          "returnType": "Rating",
          "isAsync": true,
          "name": "SetStarAsync",
          "summary": null,
          "parameters": [
            {
              "type": "CmsUser",
              "name": "user",
              "isOptional": false
            },
            {
              "type": "String",
              "name": "entityType",
              "isOptional": false
            },
            {
              "type": "String",
              "name": "entityId",
              "isOptional": false
            },
            {
              "type": "Int16",
              "name": "starCount",
              "isOptional": false
            }
          ]
        }
      ],
      "contentType": "domainService",
      "name": "RatingManager",
      "summary": null
    },
    {
      "namespace": "Volo.CmsKit.Pages",
      "baseClass": {
        "name": "DomainService",
        "namespace": "Volo.Abp.Domain.Services",
        "declaringAssemblyName": "Volo.Abp.Ddd.Domain"
      },
      "methods": [
        {
          "returnType": "Page",
          "isAsync": true,
          "name": "CreateAsync",
          "summary": null,
          "parameters": [
            {
              "type": "String",
              "name": "title",
              "isOptional": false
            },
            {
              "type": "String",
              "name": "slug",
              "isOptional": false
            },
            {
              "type": "String",
              "name": "content",
              "isOptional": true
            },
            {
              "type": "String",
              "name": "script",
              "isOptional": true
            },
            {
              "type": "String",
              "name": "style",
              "isOptional": true
            }
          ]
        },
        {
          "returnType": "Void",
          "isAsync": true,
          "name": "SetSlugAsync",
          "summary": null,
          "parameters": [
            {
              "type": "Page",
              "name": "page",
              "isOptional": false
            },
            {
              "type": "String",
              "name": "newSlug",
              "isOptional": false
            }
          ]
        },
        {
          "returnType": "Void",
          "isAsync": true,
          "name": "SetHomePageAsync",
          "summary": null,
          "parameters": [
            {
              "type": "Page",
              "name": "page",
              "isOptional": false
            }
          ]
        },
        {
          "returnType": "Page",
          "isAsync": true,
          "name": "GetHomePageAsync",
          "summary": null,
          "parameters": []
        }
      ],
      "contentType": "domainService",
      "name": "PageManager",
      "summary": null
    },
    {
      "namespace": "Volo.CmsKit.Menus",
      "baseClass": {
        "name": "CmsKitDomainServiceBase",
        "namespace": "Volo.CmsKit",
        "declaringAssemblyName": "Volo.CmsKit.Domain"
      },
      "methods": [
        {
          "returnType": "Void",
          "isAsync": false,
          "name": "SetPageUrl",
          "summary": null,
          "parameters": [
            {
              "type": "MenuItem",
              "name": "menuItem",
              "isOptional": false
            },
            {
              "type": "Page",
              "name": "page",
              "isOptional": false
            }
          ]
        },
        {
          "returnType": "Void",
          "isAsync": true,
          "name": "MoveAsync",
          "summary": null,
          "parameters": [
            {
              "type": "Guid",
              "name": "menuItemId",
              "isOptional": false
            },
            {
              "type": "Nullable<Guid>",
              "name": "newParentMenuItemId",
              "isOptional": false
            },
            {
              "type": "Int32",
              "name": "position",
              "isOptional": true
            }
          ]
        },
        {
          "returnType": "Void",
          "isAsync": false,
          "name": "OrganizeTreeOrderForMenuItem",
          "summary": null,
          "parameters": [
            {
              "type": "List<MenuItem>",
              "name": "items",
              "isOptional": false
            },
            {
              "type": "MenuItem",
              "name": "menuItem",
              "isOptional": false
            }
          ]
        }
      ],
      "contentType": "domainService",
      "name": "MenuItemManager",
      "summary": null
    },
    {
      "namespace": "Volo.CmsKit.MediaDescriptors",
      "baseClass": {
        "name": "DomainService",
        "namespace": "Volo.Abp.Domain.Services",
        "declaringAssemblyName": "Volo.Abp.Ddd.Domain"
      },
      "methods": [
        {
          "returnType": "MediaDescriptor",
          "isAsync": true,
          "name": "CreateAsync",
          "summary": null,
          "parameters": [
            {
              "type": "String",
              "name": "entityType",
              "isOptional": false
            },
            {
              "type": "String",
              "name": "name",
              "isOptional": false
            },
            {
              "type": "String",
              "name": "mimeType",
              "isOptional": false
            },
            {
              "type": "Int64",
              "name": "size",
              "isOptional": false
            }
          ]
        }
      ],
      "contentType": "domainService",
      "name": "MediaDescriptorManager",
      "summary": null
    },
    {
      "namespace": "Volo.CmsKit.GlobalResources",
      "baseClass": {
        "name": "DomainService",
        "namespace": "Volo.Abp.Domain.Services",
        "declaringAssemblyName": "Volo.Abp.Ddd.Domain"
      },
      "methods": [
        {
          "returnType": "GlobalResource",
          "isAsync": true,
          "name": "SetGlobalStyleAsync",
          "summary": null,
          "parameters": [
            {
              "type": "String",
              "name": "value",
              "isOptional": false
            }
          ]
        },
        {
          "returnType": "GlobalResource",
          "isAsync": true,
          "name": "SetGlobalScriptAsync",
          "summary": null,
          "parameters": [
            {
              "type": "String",
              "name": "value",
              "isOptional": false
            }
          ]
        },
        {
          "returnType": "GlobalResource",
          "isAsync": true,
          "name": "GetGlobalStyleAsync",
          "summary": null,
          "parameters": []
        },
        {
          "returnType": "GlobalResource",
          "isAsync": true,
          "name": "GetGlobalScriptAsync",
          "summary": null,
          "parameters": []
        }
      ],
      "contentType": "domainService",
      "name": "GlobalResourceManager",
      "summary": null
    },
    {
      "namespace": "Volo.CmsKit.Comments",
      "baseClass": {
        "name": "DomainService",
        "namespace": "Volo.Abp.Domain.Services",
        "declaringAssemblyName": "Volo.Abp.Ddd.Domain"
      },
      "methods": [
        {
          "returnType": "Comment",
          "isAsync": true,
          "name": "CreateAsync",
          "summary": null,
          "parameters": [
            {
              "type": "CmsUser",
              "name": "creator",
              "isOptional": false
            },
            {
              "type": "String",
              "name": "entityType",
              "isOptional": false
            },
            {
              "type": "String",
              "name": "entityId",
              "isOptional": false
            },
            {
              "type": "String",
              "name": "text",
              "isOptional": false
            },
            {
              "type": "Nullable<Guid>",
              "name": "repliedCommentId",
              "isOptional": true
            }
          ]
        }
      ],
      "contentType": "domainService",
      "name": "CommentManager",
      "summary": null
    },
    {
      "namespace": "Volo.CmsKit.Blogs",
      "baseClass": {
        "name": "DomainService",
        "namespace": "Volo.Abp.Domain.Services",
        "declaringAssemblyName": "Volo.Abp.Ddd.Domain"
      },
      "methods": [
        {
          "returnType": "Void",
          "isAsync": true,
          "name": "SetAsync",
          "summary": null,
          "parameters": [
            {
              "type": "Guid",
              "name": "blogId",
              "isOptional": false
            },
            {
              "type": "String",
              "name": "featureName",
              "isOptional": false
            },
            {
              "type": "Boolean",
              "name": "isEnabled",
              "isOptional": false
            }
          ]
        },
        {
          "returnType": "Void",
          "isAsync": true,
          "name": "SetDefaultsAsync",
          "summary": null,
          "parameters": [
            {
              "type": "Guid",
              "name": "blogId",
              "isOptional": false
            }
          ]
        },
        {
          "returnType": "Void",
          "isAsync": true,
          "name": "SetIfNotSetAsync",
          "summary": null,
          "parameters": [
            {
              "type": "Guid",
              "name": "blogId",
              "isOptional": false
            },
            {
              "type": "String",
              "name": "featureName",
              "isOptional": false
            },
            {
              "type": "Boolean",
              "name": "isEnabled",
              "isOptional": false
            }
          ]
        },
        {
          "returnType": "Void",
          "isAsync": true,
          "name": "SetDefaultsIfNotSetAsync",
          "summary": null,
          "parameters": [
            {
              "type": "Guid",
              "name": "blogId",
              "isOptional": false
            }
          ]
        }
      ],
      "contentType": "domainService",
      "name": "BlogFeatureManager",
      "summary": null
    },
    {
      "namespace": "Volo.CmsKit.Blogs",
      "baseClass": {
        "name": "DomainService",
        "namespace": "Volo.Abp.Domain.Services",
        "declaringAssemblyName": "Volo.Abp.Ddd.Domain"
      },
      "methods": [
        {
          "returnType": "Blog",
          "isAsync": true,
          "name": "CreateAsync",
          "summary": null,
          "parameters": [
            {
              "type": "String",
              "name": "name",
              "isOptional": false
            },
            {
              "type": "String",
              "name": "slug",
              "isOptional": false
            }
          ]
        },
        {
          "returnType": "Blog",
          "isAsync": true,
          "name": "UpdateAsync",
          "summary": null,
          "parameters": [
            {
              "type": "Blog",
              "name": "blog",
              "isOptional": false
            },
            {
              "type": "String",
              "name": "name",
              "isOptional": false
            },
            {
              "type": "String",
              "name": "slug",
              "isOptional": false
            }
          ]
        }
      ],
      "contentType": "domainService",
      "name": "BlogManager",
      "summary": null
    },
    {
      "namespace": "Volo.CmsKit.Blogs",
      "baseClass": {
        "name": "DomainService",
        "namespace": "Volo.Abp.Domain.Services",
        "declaringAssemblyName": "Volo.Abp.Ddd.Domain"
      },
      "methods": [
        {
          "returnType": "BlogPost",
          "isAsync": true,
          "name": "CreateAsync",
          "summary": null,
          "parameters": [
            {
              "type": "CmsUser",
              "name": "author",
              "isOptional": false
            },
            {
              "type": "Blog",
              "name": "blog",
              "isOptional": false
            },
            {
              "type": "String",
              "name": "title",
              "isOptional": false
            },
            {
              "type": "String",
              "name": "slug",
              "isOptional": false
            },
            {
              "type": "BlogPostStatus",
              "name": "status",
              "isOptional": false
            },
            {
              "type": "String",
              "name": "shortDescription",
              "isOptional": true
            },
            {
              "type": "String",
              "name": "content",
              "isOptional": true
            },
            {
              "type": "Nullable<Guid>",
              "name": "coverImageMediaId",
              "isOptional": true
            }
          ]
        },
        {
          "returnType": "Void",
          "isAsync": true,
          "name": "SetSlugUrlAsync",
          "summary": null,
          "parameters": [
            {
              "type": "BlogPost",
              "name": "blogPost",
              "isOptional": false
            },
            {
              "type": "String",
              "name": "newSlug",
              "isOptional": false
            }
          ]
        }
      ],
      "contentType": "domainService",
      "name": "BlogPostManager",
      "summary": null
    },
    {
      "namespace": "Volo.CmsKit.Users",
      "entityAnalyzeModel": {
        "namespace": "Volo.CmsKit.Users",
        "primaryKeyType": "Guid",
        "collectionProperties": {},
        "navigationProperties": {},
        "contentType": "entity",
        "name": "CmsUser",
        "summary": null
      },
      "contentType": "repositoryInterface",
      "name": "ICmsUserRepository",
      "summary": null
    },
    {
      "namespace": "Volo.CmsKit.Tags",
      "entityAnalyzeModel": {
        "namespace": "Volo.CmsKit.Tags",
        "primaryKeyType": null,
        "collectionProperties": {},
        "navigationProperties": {},
        "contentType": "entity",
        "name": "EntityTag",
        "summary": null
      },
      "contentType": "repositoryInterface",
      "name": "IEntityTagRepository",
      "summary": null
    },
    {
      "namespace": "Volo.CmsKit.Tags",
      "entityAnalyzeModel": {
        "namespace": "Volo.CmsKit.Tags",
        "primaryKeyType": "Guid",
        "collectionProperties": {},
        "navigationProperties": {},
        "contentType": "entity",
        "name": "Tag",
        "summary": null
      },
      "contentType": "repositoryInterface",
      "name": "ITagRepository",
      "summary": null
    },
    {
      "namespace": "Volo.CmsKit.Reactions",
      "entityAnalyzeModel": {
        "namespace": "Volo.CmsKit.Reactions",
        "primaryKeyType": "Guid",
        "collectionProperties": {},
        "navigationProperties": {},
        "contentType": "entity",
        "name": "UserReaction",
        "summary": null
      },
      "contentType": "repositoryInterface",
      "name": "IUserReactionRepository",
      "summary": null
    },
    {
      "namespace": "Volo.CmsKit.Ratings",
      "entityAnalyzeModel": {
        "namespace": "Volo.CmsKit.Ratings",
        "primaryKeyType": "Guid",
        "collectionProperties": {},
        "navigationProperties": {},
        "contentType": "entity",
        "name": "Rating",
        "summary": null
      },
      "contentType": "repositoryInterface",
      "name": "IRatingRepository",
      "summary": null
    },
    {
      "namespace": "Volo.CmsKit.Pages",
      "entityAnalyzeModel": {
        "namespace": "Volo.CmsKit.Pages",
        "primaryKeyType": "Guid",
        "collectionProperties": {},
        "navigationProperties": {},
        "contentType": "entity",
        "name": "Page",
        "summary": null
      },
      "contentType": "repositoryInterface",
      "name": "IPageRepository",
      "summary": null
    },
    {
      "namespace": "Volo.CmsKit.Menus",
      "entityAnalyzeModel": {
        "namespace": "Volo.CmsKit.Menus",
        "primaryKeyType": "Guid",
        "collectionProperties": {},
        "navigationProperties": {},
        "contentType": "entity",
        "name": "MenuItem",
        "summary": null
      },
      "contentType": "repositoryInterface",
      "name": "IMenuItemRepository",
      "summary": null
    },
    {
      "namespace": "Volo.CmsKit.MediaDescriptors",
      "entityAnalyzeModel": {
        "namespace": "Volo.CmsKit.MediaDescriptors",
        "primaryKeyType": "Guid",
        "collectionProperties": {},
        "navigationProperties": {},
        "contentType": "entity",
        "name": "MediaDescriptor",
        "summary": null
      },
      "contentType": "repositoryInterface",
      "name": "IMediaDescriptorRepository",
      "summary": null
    },
    {
      "namespace": "Volo.CmsKit.GlobalResources",
      "entityAnalyzeModel": {
        "namespace": "Volo.CmsKit.GlobalResources",
        "primaryKeyType": "Guid",
        "collectionProperties": {},
        "navigationProperties": {},
        "contentType": "entity",
        "name": "GlobalResource",
        "summary": null
      },
      "contentType": "repositoryInterface",
      "name": "IGlobalResourceRepository",
      "summary": null
    },
    {
      "namespace": "Volo.CmsKit.Comments",
      "entityAnalyzeModel": {
        "namespace": "Volo.CmsKit.Comments",
        "primaryKeyType": "Guid",
        "collectionProperties": {},
        "navigationProperties": {},
        "contentType": "entity",
        "name": "Comment",
        "summary": null
      },
      "contentType": "repositoryInterface",
      "name": "ICommentRepository",
      "summary": null
    },
    {
      "namespace": "Volo.CmsKit.Blogs",
      "entityAnalyzeModel": {
        "namespace": "Volo.CmsKit.Blogs",
        "primaryKeyType": "Guid",
        "collectionProperties": {},
        "navigationProperties": {},
        "contentType": "entity",
        "name": "BlogFeature",
        "summary": null
      },
      "contentType": "repositoryInterface",
      "name": "IBlogFeatureRepository",
      "summary": null
    },
    {
      "namespace": "Volo.CmsKit.Blogs",
      "entityAnalyzeModel": {
        "namespace": "Volo.CmsKit.Blogs",
        "primaryKeyType": "Guid",
        "collectionProperties": {},
        "navigationProperties": {
          "author": {
            "name": "CmsUser",
            "namespace": "Volo.CmsKit.Users",
            "declaringAssemblyName": "Volo.CmsKit.Domain"
          }
        },
        "contentType": "entity",
        "name": "BlogPost",
        "summary": null
      },
      "contentType": "repositoryInterface",
      "name": "IBlogPostRepository",
      "summary": null
    },
    {
      "namespace": "Volo.CmsKit.Blogs",
      "entityAnalyzeModel": {
        "namespace": "Volo.CmsKit.Blogs",
        "primaryKeyType": "Guid",
        "collectionProperties": {},
        "navigationProperties": {},
        "contentType": "entity",
        "name": "Blog",
        "summary": null
      },
      "contentType": "repositoryInterface",
      "name": "IBlogRepository",
      "summary": null
    }
  ]
}