{
  "culture": "el",
  "texts": {
    "Documents": "Έγγραφα",
    "BackToWebsite": "Επιστροφή στον ιστότοπο",
    "Contributors": "Συνεισφέροντες",
    "ShareOn": "Κοινοποίηση στο",
    "Version": "Εκδοχή",
    "Edit": "Επεξεργασία",
    "LastEditTime": "Τελευταία επεξεργασία",
    "Delete": "Διαγραφή",
    "ClearCache": "Εκκαθάριση προσωρινής μνήμης",
    "ClearCacheConfirmationMessage": "Είστε βέβαιοι ότι θα διαγράψετε όλες τις προσωρινές μνήμες για το έργο\"{0}\"",
    "ReIndexAllProjects": "Αναπροσαρμογή όλων των έργων",
    "ReIndexProject": "Αναπροσαρμογή έργου",
    "ReIndexProjectConfirmationMessage": "Είστε βέβαιοι ότι θέλετε αναπροσαρμογή για το έργο\"{0}\"",
    "SuccessfullyReIndexProject": "Επιτυχής αναπροσαρμογή: \"{0}\"",
    "ReIndexAllProjectConfirmationMessage": "Είστε βέβαιοι ότι θέλετε αναπροσαρμογή όλων των έργων;",
    "SuccessfullyReIndexAllProject": "Επιτυχής αναπροσαρμογή όλων των έργων",
    "InThisDocument": "Σε αυτό το έργο",
    "GoToTop": "Πήγαινε στην κορυφή",
    "Projects": "Έργο/α",
    "NoProjectWarning": "Δεν υπάρχουν ακόμη έργα!",
    "DocumentNotFound": "Ωχ, το έγγραφο που ζητήθηκε δεν βρέθηκε!",
    "ProjectNotFound": "Ωχ, το έργο που ζητήθηκε δεν βρέθηκε!",
    "NavigationDocumentNotFound": "Αυτή η έκδοση δεν έχει έγγραφο πλοήγησης!",
    "DocumentNotFoundInSelectedLanguage": "Το έγγραφο στη γλώσσα που θέλατε δεν βρέθηκε. Εμφανίζεται το έγγραφο στην προεπιλεγμένη γλώσσα.",
    "FilterTopics": "Φιλτράρισμα θεμάτων",
    "FullSearch": "Αναζήτηση σε έγγραφα",
    "Volo.Docs.Domain:010001": "Η ελαστική αναζήτηση δεν είναι ενεργοποιημένη.",
    "MultipleVersionDocumentInfo": "Αυτό το έγγραφο έχει πολλές εκδόσεις. Επιλέξτε τις επιλογές που σας ταιριάζουν καλύτερα.",
    "New": "Νέο",
    "Upd": "Επικαιροποιημένο",
    "NewExplanation": "Δημιουργήθηκε τις τελευταίες δύο εβδομάδες",
    "UpdatedExplanation": "Ενημερώθηκε τις τελευταίες δύο εβδομάδες.",
    "Volo.Docs.Domain:010002": "Το Μικρό όνομα {ShortName} υπάρχει ήδη.",
    "Preview": "προεπισκόπηση",
    "Search": "Αναζήτηση",
    "SearchResults": "Αποτελέσματα αναζήτησης"
  }
}