{
  "culture": "fi",
  "texts": {
    "Documents": "Asiakirjat",
    "BackToWebsite": "Takaisin verkkosivustolle",
    "Contributors": "Avustajat",
    "ShareOn": "Jaa",
    "Version": "Versio",
    "Edit": "Muokata",
    "LastEditTime": "Viimeisin muokkaus",
    "Delete": "Poistaa",
    "ClearCache": "Tyhjennä välimuisti",
    "ClearCacheConfirmationMessage": "Haluatko varmasti tyhjentää kaikki välimuistit projektille \"{0}\"",
    "ReIndexAllProjects": "ReIndex kaikki projektit",
    "ReIndexProject": "ReIndex-projekti",
    "ReIndexProjectConfirmationMessage": "Haluatko varmasti luoda uudelleenindeksin projektille \"{0}\"",
    "SuccessfullyReIndexProject": "Reindex onnistuneesti projektille \"{0}\"",
    "ReIndexAllProjectConfirmationMessage": "Haluatko varmasti indeksoida kaikki projektit uudelleen?",
    "SuccessfullyReIndexAllProject": "Reindex onnistuneesti kaikille projekteille",
    "InThisDocument": "Tässä asiakirjassa",
    "GoToTop": "Mennä huipulle",
    "Projects": "Projekti (t)",
    "NoProjectWarning": "Ei vielä projekteja!",
    "DocumentNotFound": "Hups, pyydettyä asiakirjaa ei löytynyt!",
    "ProjectNotFound": "Hups, pyydettyä projektia ei löytynyt!",
    "NavigationDocumentNotFound": "Tässä versiossa ei ole navigointiasiakirjaa!",
    "DocumentNotFoundInSelectedLanguage": "Halutulla kielellä olevaa asiakirjaa ei löydy. Oletuskielellä oleva asiakirja näytetään.",
    "FilterTopics": "Suodata aiheita",
    "FullSearch": "Hae asiakirjoista",
    "Volo.Docs.Domain:010001": "Elastinen haku ei ole käytössä.",
    "MultipleVersionDocumentInfo": "Tällä asiakirjalla on useita versioita. Valitse sinulle parhaiten sopivat vaihtoehdot.",
    "New": "Uusi",
    "Upd": "Päivitykset",
    "NewExplanation": "Luotu kahden viime viikon aikana.",
    "UpdatedExplanation": "Päivitetty kahden viime viikon aikana.",
    "Volo.Docs.Domain:010002": "Lyhytnimi {ShortName} on jo olemassa.",
    "Preview": "esikatselu",
    "Search": "Hae",
    "SearchResults": "Hakutulokset"
  }
}