{
  "culture": "fr",
  "texts": {
    "Documents": "Documents",
    "BackToWebsite": "Retour au site",
    "Contributors": "Contributeurs",
    "ShareOn": "Partager sur",
    "Version": "Version",
    "Edit": "Éditer",
    "LastEditTime": "Dernière modification",
    "Delete": "Effacer",
    "ClearCache": "Vider le cache",
    "ClearCacheConfirmationMessage": "Êtes-vous sûr de vouloir effacer tous les caches du projet \"{0}\"",
    "ReIndexAllProjects": "Réindexer tous les projets",
    "ReIndexProject": "Projet ReIndex",
    "ReIndexProjectConfirmationMessage": "Êtes-vous sûr de réindexer pour le projet \"{0}\"",
    "SuccessfullyReIndexProject": "Réindexation réussie pour le projet \"{0}\"",
    "ReIndexAllProjectConfirmationMessage": "Êtes-vous sûr de réindexer tous les projets?",
    "SuccessfullyReIndexAllProject": "Réindexation réussie pour tous les projets",
    "InThisDocument": "Dans ce document",
    "GoToTop": "Haut de la page",
    "Projects": "Projet(s)",
    "NoProjectWarning": "Il n'y a pas encore de projets!",
    "DocumentNotFound": "Oups, le document demandé est introuvable!",
    "ProjectNotFound": "Oups, le projet demandé est introuvable!",
    "NavigationDocumentNotFound": "Cette version n'a pas de document de navigation!",
    "DocumentNotFoundInSelectedLanguage": "Le document dans la langue souhaitée est introuvable. Le document dans la langue par défaut est affiché.",
    "FilterTopics": "Filtrer les sujets",
    "FullSearch": "Rechercher dans les documents",
    "Volo.Docs.Domain:010001": "La recherche élastique n'est pas activée.",
    "MultipleVersionDocumentInfo": "Ce document a plusieurs versions. Sélectionnez les options qui vous conviennent le mieux.",
    "New": "Nouveau",
    "Upd": "Mettre à jour",
    "NewExplanation": "Créé au cours des deux dernières semaines.",
    "UpdatedExplanation": "Mis à jour au cours des deux dernières semaines.",
    "Volo.Docs.Domain:010002": "ShortName {ShortName} existe déjà.",
    "Preview": "Aperçu",
    "Search": "Rechercher",
    "SearchResults": "Résultats de recherche",
    "SearchInTheAllDocuments": "Rechercher dans tous les documents"
  }
}