{
  "culture": "ro-RO",
  "texts": {
    "Documents": "Documente",
    "BackToWebsite": "Înapoi la website",
    "Contributors": "Contribuitori",
    "ShareOn": "Distribuie pe",
    "Version": "Versiune",
    "Edit": "Editează",
    "LastEditTime": "Ultima modificare",
    "Delete": "Şterge",
    "ClearCache": "Goleşte cache",
    "ClearCacheConfirmationMessage": "Sunteţi sigur(ă) că vreţi să ştergeţi tot cache-ul pentru proiectul \"{0}\"",
    "ReIndexAllProjects": "Reindexaţi toate proiectele",
    "ReIndexProject": "Reindexaţi proiectul",
    "ReIndexProjectConfirmationMessage": "Sunteţi sigur(ă) că vreţi să reindexaţi pentru proiectul \"{0}\"",
    "SuccessfullyReIndexProject": "Reindexaţi cu succes pentru proiectul \"{0}\"",
    "ReIndexAllProjectConfirmationMessage": "Sunteţi sigur(ă) că vreţi să reindexaţi toate proiectele?",
    "SuccessfullyReIndexAllProject": "Reindexare cu succes pentru toate proiectele",
    "InThisDocument": "În acest document",
    "GoToTop": "Înapoi sus",
    "Projects": "Proiect(e)",
    "NoProjectWarning": "Nu există proiecte momentan!",
    "DocumentNotFound": "Oops, documentul dorit nu a fost găsit!",
    "ProjectNotFound": "Oops, proiectul dorit nu a fost găsit!",
    "NavigationDocumentNotFound": "Această versiune nu are un document de navigare!",
    "DocumentNotFoundInSelectedLanguage": "Documentul în limba dorită de dumneavoastră nu a fost găsit. Documentul este afişat în limba implicită.",
    "FilterTopics": "Filtraţi subiectele",
    "FullSearch": "Caută în documente",
    "Volo.Docs.Domain:010001": "Căutarea elastică nu este activată.",
    "MultipleVersionDocumentInfo": "Acest document are multiple versiuni. Selectaţi opţiunile cele mai potrivite pentru dumneavoastră.",
    "New": "Nou",
    "Upd": "Upd",
    "NewExplanation": "Creat în ultimele două săptămâni.",
    "UpdatedExplanation": "Actualizat în ultimele două săptămâni.",
    "Volo.Docs.Domain:010002": "Numele pe scurt {ShortName} există deja.",
    "Preview": "previzualizare",
    "Search": "Caută",
    "SearchResults": "Rezultatele căutării",
    "SearchInTheAllDocuments": "Căutați în toate documentele"
  }
}