{
  "name": "Volo.Abp.SettingManagement.Domain",
  "hash": "3fb2486bb7c8da0747093a314bde80a6",
  "contents": [
    {
      "namespace": "Volo.Abp.SettingManagement",
      "dependsOnModules": [
        {
          "declaringAssemblyName": "Volo.Abp.Settings",
          "namespace": "Volo.Abp.Settings",
          "name": "AbpSettingsModule"
        },
        {
          "declaringAssemblyName": "Volo.Abp.Ddd.Domain",
          "namespace": "Volo.Abp.Domain",
          "name": "AbpDddDomainModule"
        },
        {
          "declaringAssemblyName": "Volo.Abp.SettingManagement.Domain.Shared",
          "namespace": "Volo.Abp.SettingManagement",
          "name": "AbpSettingManagementDomainSharedModule"
        },
        {
          "declaringAssemblyName": "Volo.Abp.Caching",
          "namespace": "Volo.Abp.Caching",
          "name": "AbpCachingModule"
        }
      ],
      "implementingInterfaces": [
        {
          "name": "IAbpModule",
          "namespace": "Volo.Abp.Modularity",
          "declaringAssemblyName": "Volo.Abp.Core",
          "fullName": "Volo.Abp.Modularity.IAbpModule"
        },
        {
          "name": "IOnPreApplicationInitialization",
          "namespace": "Volo.Abp.Modularity",
          "declaringAssemblyName": "Volo.Abp.Core",
          "fullName": "Volo.Abp.Modularity.IOnPreApplicationInitialization"
        },
        {
          "name": "IOnApplicationInitialization",
          "namespace": "Volo.Abp",
          "declaringAssemblyName": "Volo.Abp.Core",
          "fullName": "Volo.Abp.IOnApplicationInitialization"
        },
        {
          "name": "IOnPostApplicationInitialization",
          "namespace": "Volo.Abp.Modularity",
          "declaringAssemblyName": "Volo.Abp.Core",
          "fullName": "Volo.Abp.Modularity.IOnPostApplicationInitialization"
        },
        {
          "name": "IOnApplicationShutdown",
          "namespace": "Volo.Abp",
          "declaringAssemblyName": "Volo.Abp.Core",
          "fullName": "Volo.Abp.IOnApplicationShutdown"
        },
        {
          "name": "IPreConfigureServices",
          "namespace": "Volo.Abp.Modularity",
          "declaringAssemblyName": "Volo.Abp.Core",
          "fullName": "Volo.Abp.Modularity.IPreConfigureServices"
        },
        {
          "name": "IPostConfigureServices",
          "namespace": "Volo.Abp.Modularity",
          "declaringAssemblyName": "Volo.Abp.Core",
          "fullName": "Volo.Abp.Modularity.IPostConfigureServices"
        }
      ],
      "contentType": "abpModule",
      "name": "AbpSettingManagementDomainModule",
      "summary": null
    },
    {
      "baseClass": {
        "name": "Entity<Guid>",
        "namespace": "Volo.Abp.Domain.Entities",
        "declaringAssemblyName": "Volo.Abp.Ddd.Domain",
        "fullName": "Volo.Abp.Domain.Entities.Entity<Guid>"
      },
      "implementingInterfaces": [
        {
          "name": "IEntity",
          "namespace": "Volo.Abp.Domain.Entities",
          "declaringAssemblyName": "Volo.Abp.Ddd.Domain",
          "fullName": "Volo.Abp.Domain.Entities.IEntity"
        },
        {
          "name": "IEntity<Guid>",
          "namespace": "Volo.Abp.Domain.Entities",
          "declaringAssemblyName": "Volo.Abp.Ddd.Domain",
          "fullName": "Volo.Abp.Domain.Entities.IEntity<Guid>"
        },
        {
          "name": "IAggregateRoot<Guid>",
          "namespace": "Volo.Abp.Domain.Entities",
          "declaringAssemblyName": "Volo.Abp.Ddd.Domain",
          "fullName": "Volo.Abp.Domain.Entities.IAggregateRoot<Guid>"
        },
        {
          "name": "IAggregateRoot",
          "namespace": "Volo.Abp.Domain.Entities",
          "declaringAssemblyName": "Volo.Abp.Ddd.Domain",
          "fullName": "Volo.Abp.Domain.Entities.IAggregateRoot"
        }
      ],
      "methods": [
        {
          "returnType": "String",
          "name": "ToString",
          "summary": null,
          "isAsync": false,
          "isPublic": true,
          "isPrivate": false,
          "isStatic": false,
          "parameters": []
        }
      ],
      "collectionProperties": {},
      "navigationProperties": {},
      "namespace": "Volo.Abp.SettingManagement",
      "primaryKeyType": "Guid",
      "properties": [
        {
          "type": "System.String",
          "name": "Name",
          "summary": null
        },
        {
          "type": "System.String",
          "name": "Value",
          "summary": null
        },
        {
          "type": "System.String",
          "name": "ProviderName",
          "summary": null
        },
        {
          "type": "System.String",
          "name": "ProviderKey",
          "summary": null
        }
      ],
      "contentType": "aggregateRoot",
      "name": "Setting",
      "summary": null
    },
    {
      "namespace": "Volo.Abp.SettingManagement",
      "entityAnalyzeModel": {
        "namespace": "Volo.Abp.SettingManagement",
        "primaryKeyType": "Guid",
        "properties": [],
        "contentType": "entity",
        "name": "Setting",
        "summary": null
      },
      "implementingInterfaces": [
        {
          "name": "IBasicRepository<Setting, Guid>",
          "namespace": "Volo.Abp.Domain.Repositories",
          "declaringAssemblyName": "Volo.Abp.Ddd.Domain",
          "fullName": "Volo.Abp.Domain.Repositories.IBasicRepository<Setting, Guid>"
        },
        {
          "name": "IBasicRepository<Setting>",
          "namespace": "Volo.Abp.Domain.Repositories",
          "declaringAssemblyName": "Volo.Abp.Ddd.Domain",
          "fullName": "Volo.Abp.Domain.Repositories.IBasicRepository<Setting>"
        },
        {
          "name": "IReadOnlyBasicRepository<Setting>",
          "namespace": "Volo.Abp.Domain.Repositories",
          "declaringAssemblyName": "Volo.Abp.Ddd.Domain",
          "fullName": "Volo.Abp.Domain.Repositories.IReadOnlyBasicRepository<Setting>"
        },
        {
          "name": "IRepository",
          "namespace": "Volo.Abp.Domain.Repositories",
          "declaringAssemblyName": "Volo.Abp.Ddd.Domain",
          "fullName": "Volo.Abp.Domain.Repositories.IRepository"
        },
        {
          "name": "IReadOnlyBasicRepository<Setting, Guid>",
          "namespace": "Volo.Abp.Domain.Repositories",
          "declaringAssemblyName": "Volo.Abp.Ddd.Domain",
          "fullName": "Volo.Abp.Domain.Repositories.IReadOnlyBasicRepository<Setting, Guid>"
        }
      ],
      "methods": [
        {
          "returnType": "Setting",
          "name": "FindAsync",
          "summary": null,
          "isAsync": true,
          "isPublic": true,
          "isPrivate": false,
          "isStatic": false,
          "parameters": [
            {
              "type": "String",
              "name": "name",
              "isOptional": false
            },
            {
              "type": "String",
              "name": "providerName",
              "isOptional": false
            },
            {
              "type": "String",
              "name": "providerKey",
              "isOptional": false
            },
            {
              "type": "CancellationToken",
              "name": "cancellationToken",
              "isOptional": true
            }
          ]
        },
        {
          "returnType": "List<Setting>",
          "name": "GetListAsync",
          "summary": null,
          "isAsync": true,
          "isPublic": true,
          "isPrivate": false,
          "isStatic": false,
          "parameters": [
            {
              "type": "String",
              "name": "providerName",
              "isOptional": false
            },
            {
              "type": "String",
              "name": "providerKey",
              "isOptional": false
            },
            {
              "type": "CancellationToken",
              "name": "cancellationToken",
              "isOptional": true
            }
          ]
        },
        {
          "returnType": "List<Setting>",
          "name": "GetListAsync",
          "summary": null,
          "isAsync": true,
          "isPublic": true,
          "isPrivate": false,
          "isStatic": false,
          "parameters": [
            {
              "type": "String[]",
              "name": "names",
              "isOptional": false
            },
            {
              "type": "String",
              "name": "providerName",
              "isOptional": false
            },
            {
              "type": "String",
              "name": "providerKey",
              "isOptional": false
            },
            {
              "type": "CancellationToken",
              "name": "cancellationToken",
              "isOptional": true
            }
          ]
        }
      ],
      "contentType": "repositoryInterface",
      "name": "ISettingRepository",
      "summary": null
    }
  ]
}