{
  "name": "Volo.ClientSimulation.Web",
  "hash": "115db18143bfb9e6e599ee0f614b5292",
  "contents": [
    {
      "namespace": "Volo.ClientSimulation",
      "dependsOnModules": [
        {
          "declaringAssemblyName": "Volo.ClientSimulation",
          "namespace": "Volo.ClientSimulation",
          "name": "ClientSimulationModule"
        },
        {
          "declaringAssemblyName": "Volo.Abp.Http.Client.IdentityModel.Web",
          "namespace": "Volo.Abp.Http.Client.IdentityModel.Web",
          "name": "AbpHttpClientIdentityModelWebModule"
        },
        {
          "declaringAssemblyName": "Volo.Abp.AspNetCore.Mvc.UI.Theme.Shared",
          "namespace": "Volo.Abp.AspNetCore.Mvc.UI.Theme.Shared",
          "name": "AbpAspNetCoreMvcUiThemeSharedModule"
        }
      ],
      "contentType": "abpModule",
      "name": "ClientSimulationWebModule",
      "summary": null
    }
  ]
}