{
  "name": "BlobStoring.Database.Host.ConsoleApp.ConsoleApp",
  "hash": "8f2009bf32cb6e0f29e33e0c43199e85",
  "contents": [
    {
      "namespace": "BlobStoring.Database.Host.ConsoleApp.ConsoleApp",
      "dependsOnModules": [
        {
          "declaringAssemblyName": "Volo.Abp.Autofac",
          "namespace": "Volo.Abp.Autofac",
          "name": "AbpAutofacModule"
        },
        {
          "declaringAssemblyName": "Volo.Abp.EntityFrameworkCore.SqlServer",
          "namespace": "Volo.Abp.EntityFrameworkCore.SqlServer",
          "name": "AbpEntityFrameworkCoreSqlServerModule"
        },
        {
          "declaringAssemblyName": "Volo.Abp.BlobStoring.Database.EntityFrameworkCore",
          "namespace": "Volo.Abp.BlobStoring.Database.EntityFrameworkCore",
          "name": "BlobStoringDatabaseEntityFrameworkCoreModule"
        }
      ],
      "contentType": "abpModule",
      "name": "ConsoleAppConsoleAppModule",
      "summary": null
    }
  ]
}