{
  "name": "Volo.Docs.HttpApi",
  "hash": "48f1fa677b544af1956f133071173780",
  "contents": [
    {
      "namespace": "Volo.Docs",
      "dependsOnModules": [
        {
          "declaringAssemblyName": "Volo.Docs.Application.Contracts",
          "namespace": "Volo.Docs",
          "name": "DocsApplicationContractsModule"
        },
        {
          "declaringAssemblyName": "Volo.Abp.AspNetCore.Mvc",
          "namespace": "Volo.Abp.AspNetCore.Mvc",
          "name": "AbpAspNetCoreMvcModule"
        }
      ],
      "contentType": "abpModule",
      "name": "DocsHttpApiModule",
      "summary": null
    }
  ]
}