{
  "name": "Volo.CmsKit.HttpApi",
  "hash": "bdfe48acd6d6a292f3bc04d18bd1a49f",
  "contents": [
    {
      "namespace": "Volo.CmsKit",
      "dependsOnModules": [
        {
          "declaringAssemblyName": "Volo.CmsKit.Admin.HttpApi",
          "namespace": "Volo.CmsKit.Admin",
          "name": "CmsKitAdminHttpApiModule"
        },
        {
          "declaringAssemblyName": "Volo.CmsKit.Public.HttpApi",
          "namespace": "Volo.CmsKit.Public",
          "name": "CmsKitPublicHttpApiModule"
        },
        {
          "declaringAssemblyName": "Volo.CmsKit.Application.Contracts",
          "namespace": "Volo.CmsKit",
          "name": "CmsKitApplicationContractsModule"
        }
      ],
      "contentType": "abpModule",
      "name": "CmsKitHttpApiModule",
      "summary": null
    }
  ]
}