{
  "name": "Volo.Abp.Account.Web",
  "hash": "369140daeb8b425806b2956bb4b4d73b",
  "contents": [
    {
      "namespace": "Volo.Abp.Account.Web",
      "dependsOnModules": [
        {
          "declaringAssemblyName": "Volo.Abp.Account.Application.Contracts",
          "namespace": "Volo.Abp.Account",
          "name": "AbpAccountApplicationContractsModule"
        },
        {
          "declaringAssemblyName": "Volo.Abp.Identity.AspNetCore",
          "namespace": "Volo.Abp.Identity.AspNetCore",
          "name": "AbpIdentityAspNetCoreModule"
        },
        {
          "declaringAssemblyName": "Volo.Abp.AutoMapper",
          "namespace": "Volo.Abp.AutoMapper",
          "name": "AbpAutoMapperModule"
        },
        {
          "declaringAssemblyName": "Volo.Abp.AspNetCore.Mvc.UI.Theme.Shared",
          "namespace": "Volo.Abp.AspNetCore.Mvc.UI.Theme.Shared",
          "name": "AbpAspNetCoreMvcUiThemeSharedModule"
        },
        {
          "declaringAssemblyName": "Volo.Abp.ExceptionHandling",
          "namespace": "Volo.Abp.ExceptionHandling",
          "name": "AbpExceptionHandlingModule"
        }
      ],
      "contentType": "abpModule",
      "name": "AbpAccountWebModule",
      "summary": null
    }
  ]
}