{
  "name": "Volo.Abp.SettingManagement.Application",
  "hash": "e101768281ffae14eab8cdfd970a3b0f",
  "contents": [
    {
      "namespace": "Volo.Abp.SettingManagement",
      "dependsOnModules": [
        {
          "declaringAssemblyName": "Volo.Abp.Ddd.Application",
          "namespace": "Volo.Abp.Application",
          "name": "AbpDddApplicationModule"
        },
        {
          "declaringAssemblyName": "Volo.Abp.SettingManagement.Domain",
          "namespace": "Volo.Abp.SettingManagement",
          "name": "AbpSettingManagementDomainModule"
        },
        {
          "declaringAssemblyName": "Volo.Abp.SettingManagement.Application.Contracts",
          "namespace": "Volo.Abp.SettingManagement",
          "name": "AbpSettingManagementApplicationContractsModule"
        },
        {
          "declaringAssemblyName": "Volo.Abp.Emailing",
          "namespace": "Volo.Abp.Emailing",
          "name": "AbpEmailingModule"
        }
      ],
      "implementingInterfaces": [
        {
          "name": "IAbpModule",
          "namespace": "Volo.Abp.Modularity",
          "declaringAssemblyName": "Volo.Abp.Core",
          "fullName": "Volo.Abp.Modularity.IAbpModule"
        },
        {
          "name": "IOnPreApplicationInitialization",
          "namespace": "Volo.Abp.Modularity",
          "declaringAssemblyName": "Volo.Abp.Core",
          "fullName": "Volo.Abp.Modularity.IOnPreApplicationInitialization"
        },
        {
          "name": "IOnApplicationInitialization",
          "namespace": "Volo.Abp",
          "declaringAssemblyName": "Volo.Abp.Core",
          "fullName": "Volo.Abp.IOnApplicationInitialization"
        },
        {
          "name": "IOnPostApplicationInitialization",
          "namespace": "Volo.Abp.Modularity",
          "declaringAssemblyName": "Volo.Abp.Core",
          "fullName": "Volo.Abp.Modularity.IOnPostApplicationInitialization"
        },
        {
          "name": "IOnApplicationShutdown",
          "namespace": "Volo.Abp",
          "declaringAssemblyName": "Volo.Abp.Core",
          "fullName": "Volo.Abp.IOnApplicationShutdown"
        },
        {
          "name": "IPreConfigureServices",
          "namespace": "Volo.Abp.Modularity",
          "declaringAssemblyName": "Volo.Abp.Core",
          "fullName": "Volo.Abp.Modularity.IPreConfigureServices"
        },
        {
          "name": "IPostConfigureServices",
          "namespace": "Volo.Abp.Modularity",
          "declaringAssemblyName": "Volo.Abp.Core",
          "fullName": "Volo.Abp.Modularity.IPostConfigureServices"
        }
      ],
      "contentType": "abpModule",
      "name": "AbpSettingManagementApplicationModule",
      "summary": null
    },
    {
      "namespace": "Volo.Abp.SettingManagement",
      "baseClass": {
        "name": "SettingManagementAppServiceBase",
        "namespace": "Volo.Abp.SettingManagement",
        "declaringAssemblyName": "Volo.Abp.SettingManagement.Application",
        "fullName": "Volo.Abp.SettingManagement.SettingManagementAppServiceBase"
      },
      "implementingInterfaces": [
        {
          "name": "IApplicationService",
          "namespace": "Volo.Abp.Application.Services",
          "declaringAssemblyName": "Volo.Abp.Ddd.Application.Contracts",
          "fullName": "Volo.Abp.Application.Services.IApplicationService"
        },
        {
          "name": "IRemoteService",
          "namespace": "Volo.Abp",
          "declaringAssemblyName": "Volo.Abp.Core",
          "fullName": "Volo.Abp.IRemoteService"
        },
        {
          "name": "IAvoidDuplicateCrossCuttingConcerns",
          "namespace": "Volo.Abp.Aspects",
          "declaringAssemblyName": "Volo.Abp.Core",
          "fullName": "Volo.Abp.Aspects.IAvoidDuplicateCrossCuttingConcerns"
        },
        {
          "name": "IValidationEnabled",
          "namespace": "Volo.Abp.Validation",
          "declaringAssemblyName": "Volo.Abp.Validation",
          "fullName": "Volo.Abp.Validation.IValidationEnabled"
        },
        {
          "name": "IUnitOfWorkEnabled",
          "namespace": "Volo.Abp.Uow",
          "declaringAssemblyName": "Volo.Abp.Uow",
          "fullName": "Volo.Abp.Uow.IUnitOfWorkEnabled"
        },
        {
          "name": "IAuditingEnabled",
          "namespace": "Volo.Abp.Auditing",
          "declaringAssemblyName": "Volo.Abp.Auditing.Contracts",
          "fullName": "Volo.Abp.Auditing.IAuditingEnabled"
        },
        {
          "name": "IGlobalFeatureCheckingEnabled",
          "namespace": "Volo.Abp.GlobalFeatures",
          "declaringAssemblyName": "Volo.Abp.GlobalFeatures",
          "fullName": "Volo.Abp.GlobalFeatures.IGlobalFeatureCheckingEnabled"
        },
        {
          "name": "ITransientDependency",
          "namespace": "Volo.Abp.DependencyInjection",
          "declaringAssemblyName": "Volo.Abp.Core",
          "fullName": "Volo.Abp.DependencyInjection.ITransientDependency"
        },
        {
          "name": "IEmailSettingsAppService",
          "namespace": "Volo.Abp.SettingManagement",
          "declaringAssemblyName": "Volo.Abp.SettingManagement.Application.Contracts",
          "fullName": "Volo.Abp.SettingManagement.IEmailSettingsAppService"
        }
      ],
      "methods": [
        {
          "returnType": "EmailSettingsDto",
          "name": "GetAsync",
          "summary": null,
          "isAsync": true,
          "isPublic": true,
          "isPrivate": false,
          "isStatic": false,
          "parameters": []
        },
        {
          "returnType": "Void",
          "name": "UpdateAsync",
          "summary": null,
          "isAsync": true,
          "isPublic": true,
          "isPrivate": false,
          "isStatic": false,
          "parameters": [
            {
              "type": "UpdateEmailSettingsDto",
              "name": "input",
              "isOptional": false
            }
          ]
        },
        {
          "returnType": "Void",
          "name": "SendTestEmailAsync",
          "summary": null,
          "isAsync": true,
          "isPublic": true,
          "isPrivate": false,
          "isStatic": false,
          "parameters": [
            {
              "type": "SendTestEmailInput",
              "name": "input",
              "isOptional": false
            }
          ]
        }
      ],
      "contentType": "applicationService",
      "name": "EmailSettingsAppService",
      "summary": null
    }
  ]
}