{
  "name": "Volo.Abp.SettingManagement.Application",
  "hash": "f386d54e7f84d934f9b872690668137a",
  "contents": [
    {
      "namespace": "Volo.Abp.SettingManagement",
      "dependsOnModules": [
        {
          "declaringAssemblyName": "Volo.Abp.Ddd.Application",
          "namespace": "Volo.Abp.Application",
          "name": "AbpDddApplicationModule"
        },
        {
          "declaringAssemblyName": "Volo.Abp.SettingManagement.Domain",
          "namespace": "Volo.Abp.SettingManagement",
          "name": "AbpSettingManagementDomainModule"
        },
        {
          "declaringAssemblyName": "Volo.Abp.SettingManagement.Application.Contracts",
          "namespace": "Volo.Abp.SettingManagement",
          "name": "AbpSettingManagementApplicationContractsModule"
        },
        {
          "declaringAssemblyName": "Volo.Abp.Emailing",
          "namespace": "Volo.Abp.Emailing",
          "name": "AbpEmailingModule"
        }
      ],
      "contentType": "abpModule",
      "name": "AbpSettingManagementApplicationModule",
      "summary": null
    },
    {
      "namespace": "Volo.Abp.SettingManagement",
      "baseClass": {
        "name": "SettingManagementAppServiceBase",
        "namespace": "Volo.Abp.SettingManagement",
        "declaringAssemblyName": "Volo.Abp.SettingManagement.Application"
      },
      "implementingInterfaces": [
        {
          "name": "IApplicationService",
          "namespace": "Volo.Abp.Application.Services",
          "declaringAssemblyName": "Volo.Abp.Ddd.Application.Contracts"
        },
        {
          "name": "IRemoteService",
          "namespace": "Volo.Abp",
          "declaringAssemblyName": "Volo.Abp.Core"
        },
        {
          "name": "IAvoidDuplicateCrossCuttingConcerns",
          "namespace": "Volo.Abp.Aspects",
          "declaringAssemblyName": "Volo.Abp.Core"
        },
        {
          "name": "IValidationEnabled",
          "namespace": "Volo.Abp.Validation",
          "declaringAssemblyName": "Volo.Abp.Validation"
        },
        {
          "name": "IUnitOfWorkEnabled",
          "namespace": "Volo.Abp.Uow",
          "declaringAssemblyName": "Volo.Abp.Uow"
        },
        {
          "name": "IAuditingEnabled",
          "namespace": "Volo.Abp.Auditing",
          "declaringAssemblyName": "Volo.Abp.Auditing.Contracts"
        },
        {
          "name": "IGlobalFeatureCheckingEnabled",
          "namespace": "Volo.Abp.GlobalFeatures",
          "declaringAssemblyName": "Volo.Abp.GlobalFeatures"
        },
        {
          "name": "ITransientDependency",
          "namespace": "Volo.Abp.DependencyInjection",
          "declaringAssemblyName": "Volo.Abp.Core"
        },
        {
          "name": "IEmailSettingsAppService",
          "namespace": "Volo.Abp.SettingManagement",
          "declaringAssemblyName": "Volo.Abp.SettingManagement.Application.Contracts"
        }
      ],
      "methods": [
        {
          "returnType": "EmailSettingsDto",
          "isAsync": true,
          "name": "GetAsync",
          "summary": null,
          "parameters": []
        },
        {
          "returnType": "Void",
          "isAsync": true,
          "name": "UpdateAsync",
          "summary": null,
          "parameters": [
            {
              "type": "UpdateEmailSettingsDto",
              "name": "input",
              "isOptional": false
            }
          ]
        },
        {
          "returnType": "Void",
          "isAsync": true,
          "name": "SendTestEmailAsync",
          "summary": null,
          "parameters": [
            {
              "type": "SendTestEmailInput",
              "name": "input",
              "isOptional": false
            }
          ]
        }
      ],
      "contentType": "applicationService",
      "name": "EmailSettingsAppService",
      "summary": null
    }
  ]
}