{
  "name": "Volo.Abp.BackgroundJobs.DemoApp.Shared",
  "hash": "ab1d2e4efe2a57db1ce09a80846d00e2",
  "contents": [
    {
      "namespace": "Volo.Abp.BackgroundJobs.DemoApp.Shared",
      "dependsOnModules": [
        {
          "declaringAssemblyName": "Volo.Abp.BackgroundJobs.Abstractions",
          "namespace": "Volo.Abp.BackgroundJobs",
          "name": "AbpBackgroundJobsAbstractionsModule"
        }
      ],
      "contentType": "abpModule",
      "name": "DemoAppSharedModule",
      "summary": null
    }
  ]
}