{
  "name": "Volo.Abp.TenantManagement.Application",
  "hash": "688edf873e866db07c39a080b1d040f4",
  "contents": [
    {
      "namespace": "Volo.Abp.TenantManagement",
      "dependsOnModules": [
        {
          "declaringAssemblyName": "Volo.Abp.TenantManagement.Domain",
          "namespace": "Volo.Abp.TenantManagement",
          "name": "AbpTenantManagementDomainModule"
        },
        {
          "declaringAssemblyName": "Volo.Abp.TenantManagement.Application.Contracts",
          "namespace": "Volo.Abp.TenantManagement",
          "name": "AbpTenantManagementApplicationContractsModule"
        },
        {
          "declaringAssemblyName": "Volo.Abp.Ddd.Application",
          "namespace": "Volo.Abp.Application",
          "name": "AbpDddApplicationModule"
        }
      ],
      "implementingInterfaces": [
        {
          "name": "IAbpModule",
          "namespace": "Volo.Abp.Modularity",
          "declaringAssemblyName": "Volo.Abp.Core",
          "fullName": "Volo.Abp.Modularity.IAbpModule"
        },
        {
          "name": "IOnPreApplicationInitialization",
          "namespace": "Volo.Abp.Modularity",
          "declaringAssemblyName": "Volo.Abp.Core",
          "fullName": "Volo.Abp.Modularity.IOnPreApplicationInitialization"
        },
        {
          "name": "IOnApplicationInitialization",
          "namespace": "Volo.Abp",
          "declaringAssemblyName": "Volo.Abp.Core",
          "fullName": "Volo.Abp.IOnApplicationInitialization"
        },
        {
          "name": "IOnPostApplicationInitialization",
          "namespace": "Volo.Abp.Modularity",
          "declaringAssemblyName": "Volo.Abp.Core",
          "fullName": "Volo.Abp.Modularity.IOnPostApplicationInitialization"
        },
        {
          "name": "IOnApplicationShutdown",
          "namespace": "Volo.Abp",
          "declaringAssemblyName": "Volo.Abp.Core",
          "fullName": "Volo.Abp.IOnApplicationShutdown"
        },
        {
          "name": "IPreConfigureServices",
          "namespace": "Volo.Abp.Modularity",
          "declaringAssemblyName": "Volo.Abp.Core",
          "fullName": "Volo.Abp.Modularity.IPreConfigureServices"
        },
        {
          "name": "IPostConfigureServices",
          "namespace": "Volo.Abp.Modularity",
          "declaringAssemblyName": "Volo.Abp.Core",
          "fullName": "Volo.Abp.Modularity.IPostConfigureServices"
        }
      ],
      "contentType": "abpModule",
      "name": "AbpTenantManagementApplicationModule",
      "summary": null
    },
    {
      "namespace": "Volo.Abp.TenantManagement",
      "baseClass": {
        "name": "TenantManagementAppServiceBase",
        "namespace": "Volo.Abp.TenantManagement",
        "declaringAssemblyName": "Volo.Abp.TenantManagement.Application",
        "fullName": "Volo.Abp.TenantManagement.TenantManagementAppServiceBase"
      },
      "implementingInterfaces": [
        {
          "name": "IApplicationService",
          "namespace": "Volo.Abp.Application.Services",
          "declaringAssemblyName": "Volo.Abp.Ddd.Application.Contracts",
          "fullName": "Volo.Abp.Application.Services.IApplicationService"
        },
        {
          "name": "IRemoteService",
          "namespace": "Volo.Abp",
          "declaringAssemblyName": "Volo.Abp.Core",
          "fullName": "Volo.Abp.IRemoteService"
        },
        {
          "name": "IAvoidDuplicateCrossCuttingConcerns",
          "namespace": "Volo.Abp.Aspects",
          "declaringAssemblyName": "Volo.Abp.Core",
          "fullName": "Volo.Abp.Aspects.IAvoidDuplicateCrossCuttingConcerns"
        },
        {
          "name": "IValidationEnabled",
          "namespace": "Volo.Abp.Validation",
          "declaringAssemblyName": "Volo.Abp.Validation",
          "fullName": "Volo.Abp.Validation.IValidationEnabled"
        },
        {
          "name": "IUnitOfWorkEnabled",
          "namespace": "Volo.Abp.Uow",
          "declaringAssemblyName": "Volo.Abp.Uow",
          "fullName": "Volo.Abp.Uow.IUnitOfWorkEnabled"
        },
        {
          "name": "IAuditingEnabled",
          "namespace": "Volo.Abp.Auditing",
          "declaringAssemblyName": "Volo.Abp.Auditing.Contracts",
          "fullName": "Volo.Abp.Auditing.IAuditingEnabled"
        },
        {
          "name": "IGlobalFeatureCheckingEnabled",
          "namespace": "Volo.Abp.GlobalFeatures",
          "declaringAssemblyName": "Volo.Abp.GlobalFeatures",
          "fullName": "Volo.Abp.GlobalFeatures.IGlobalFeatureCheckingEnabled"
        },
        {
          "name": "ITransientDependency",
          "namespace": "Volo.Abp.DependencyInjection",
          "declaringAssemblyName": "Volo.Abp.Core",
          "fullName": "Volo.Abp.DependencyInjection.ITransientDependency"
        },
        {
          "name": "ITenantAppService",
          "namespace": "Volo.Abp.TenantManagement",
          "declaringAssemblyName": "Volo.Abp.TenantManagement.Application.Contracts",
          "fullName": "Volo.Abp.TenantManagement.ITenantAppService"
        },
        {
          "name": "ICrudAppService<TenantDto, Guid, GetTenantsInput, TenantCreateDto, TenantUpdateDto>",
          "namespace": "Volo.Abp.Application.Services",
          "declaringAssemblyName": "Volo.Abp.Ddd.Application.Contracts",
          "fullName": "Volo.Abp.Application.Services.ICrudAppService<TenantDto, Guid, GetTenantsInput, TenantCreateDto, TenantUpdateDto>"
        },
        {
          "name": "ICrudAppService<TenantDto, TenantDto, Guid, GetTenantsInput, TenantCreateDto, TenantUpdateDto>",
          "namespace": "Volo.Abp.Application.Services",
          "declaringAssemblyName": "Volo.Abp.Ddd.Application.Contracts",
          "fullName": "Volo.Abp.Application.Services.ICrudAppService<TenantDto, TenantDto, Guid, GetTenantsInput, TenantCreateDto, TenantUpdateDto>"
        },
        {
          "name": "IReadOnlyAppService<TenantDto, TenantDto, Guid, GetTenantsInput>",
          "namespace": "Volo.Abp.Application.Services",
          "declaringAssemblyName": "Volo.Abp.Ddd.Application.Contracts",
          "fullName": "Volo.Abp.Application.Services.IReadOnlyAppService<TenantDto, TenantDto, Guid, GetTenantsInput>"
        },
        {
          "name": "ICreateUpdateAppService<TenantDto, Guid, TenantCreateDto, TenantUpdateDto>",
          "namespace": "Volo.Abp.Application.Services",
          "declaringAssemblyName": "Volo.Abp.Ddd.Application.Contracts",
          "fullName": "Volo.Abp.Application.Services.ICreateUpdateAppService<TenantDto, Guid, TenantCreateDto, TenantUpdateDto>"
        },
        {
          "name": "ICreateAppService<TenantDto, TenantCreateDto>",
          "namespace": "Volo.Abp.Application.Services",
          "declaringAssemblyName": "Volo.Abp.Ddd.Application.Contracts",
          "fullName": "Volo.Abp.Application.Services.ICreateAppService<TenantDto, TenantCreateDto>"
        },
        {
          "name": "IUpdateAppService<TenantDto, Guid, TenantUpdateDto>",
          "namespace": "Volo.Abp.Application.Services",
          "declaringAssemblyName": "Volo.Abp.Ddd.Application.Contracts",
          "fullName": "Volo.Abp.Application.Services.IUpdateAppService<TenantDto, Guid, TenantUpdateDto>"
        },
        {
          "name": "IDeleteAppService<Guid>",
          "namespace": "Volo.Abp.Application.Services",
          "declaringAssemblyName": "Volo.Abp.Ddd.Application.Contracts",
          "fullName": "Volo.Abp.Application.Services.IDeleteAppService<Guid>"
        }
      ],
      "methods": [
        {
          "returnType": "TenantDto",
          "name": "GetAsync",
          "summary": null,
          "isAsync": true,
          "isPublic": true,
          "isPrivate": false,
          "isStatic": false,
          "parameters": [
            {
              "type": "Guid",
              "name": "id",
              "isOptional": false
            }
          ]
        },
        {
          "returnType": "PagedResultDto<TenantDto>",
          "name": "GetListAsync",
          "summary": null,
          "isAsync": true,
          "isPublic": true,
          "isPrivate": false,
          "isStatic": false,
          "parameters": [
            {
              "type": "GetTenantsInput",
              "name": "input",
              "isOptional": false
            }
          ]
        },
        {
          "returnType": "TenantDto",
          "name": "CreateAsync",
          "summary": null,
          "isAsync": true,
          "isPublic": true,
          "isPrivate": false,
          "isStatic": false,
          "parameters": [
            {
              "type": "TenantCreateDto",
              "name": "input",
              "isOptional": false
            }
          ]
        },
        {
          "returnType": "TenantDto",
          "name": "UpdateAsync",
          "summary": null,
          "isAsync": true,
          "isPublic": true,
          "isPrivate": false,
          "isStatic": false,
          "parameters": [
            {
              "type": "Guid",
              "name": "id",
              "isOptional": false
            },
            {
              "type": "TenantUpdateDto",
              "name": "input",
              "isOptional": false
            }
          ]
        },
        {
          "returnType": "Void",
          "name": "DeleteAsync",
          "summary": null,
          "isAsync": true,
          "isPublic": true,
          "isPrivate": false,
          "isStatic": false,
          "parameters": [
            {
              "type": "Guid",
              "name": "id",
              "isOptional": false
            }
          ]
        },
        {
          "returnType": "String",
          "name": "GetDefaultConnectionStringAsync",
          "summary": null,
          "isAsync": true,
          "isPublic": true,
          "isPrivate": false,
          "isStatic": false,
          "parameters": [
            {
              "type": "Guid",
              "name": "id",
              "isOptional": false
            }
          ]
        },
        {
          "returnType": "Void",
          "name": "UpdateDefaultConnectionStringAsync",
          "summary": null,
          "isAsync": true,
          "isPublic": true,
          "isPrivate": false,
          "isStatic": false,
          "parameters": [
            {
              "type": "Guid",
              "name": "id",
              "isOptional": false
            },
            {
              "type": "String",
              "name": "defaultConnectionString",
              "isOptional": false
            }
          ]
        },
        {
          "returnType": "Void",
          "name": "DeleteDefaultConnectionStringAsync",
          "summary": null,
          "isAsync": true,
          "isPublic": true,
          "isPrivate": false,
          "isStatic": false,
          "parameters": [
            {
              "type": "Guid",
              "name": "id",
              "isOptional": false
            }
          ]
        }
      ],
      "contentType": "applicationService",
      "name": "TenantAppService",
      "summary": null
    }
  ]
}