{
  "name": "Volo.Docs.HttpApi.Client",
  "hash": "9f154241d0a8ea45c7a5acc7c8315cbc",
  "contents": [
    {
      "namespace": "Volo.Docs",
      "dependsOnModules": [
        {
          "declaringAssemblyName": "Volo.Docs.Application.Contracts",
          "namespace": "Volo.Docs",
          "name": "DocsApplicationContractsModule"
        },
        {
          "declaringAssemblyName": "Volo.Abp.Http.Client",
          "namespace": "Volo.Abp.Http.Client",
          "name": "AbpHttpClientModule"
        }
      ],
      "contentType": "abpModule",
      "name": "DocsHttpApiClientModule",
      "summary": null
    }
  ]
}