{
  "name": "Volo.Blogging.Web",
  "hash": "99ff7f0cb6445b21fe0b83ae7f9f40ab",
  "contents": [
    {
      "namespace": "Volo.Blogging",
      "dependsOnModules": [
        {
          "declaringAssemblyName": "Volo.Blogging.Application.Contracts",
          "namespace": "Volo.Blogging",
          "name": "BloggingApplicationContractsModule"
        },
        {
          "declaringAssemblyName": "Volo.Abp.AspNetCore.Mvc.UI.Bootstrap",
          "namespace": "Volo.Abp.AspNetCore.Mvc.UI.Bootstrap",
          "name": "AbpAspNetCoreMvcUiBootstrapModule"
        },
        {
          "declaringAssemblyName": "Volo.Abp.AspNetCore.Mvc.UI.Bundling",
          "namespace": "Volo.Abp.AspNetCore.Mvc.UI.Bundling",
          "name": "AbpAspNetCoreMvcUiBundlingModule"
        },
        {
          "declaringAssemblyName": "Volo.Abp.AutoMapper",
          "namespace": "Volo.Abp.AutoMapper",
          "name": "AbpAutoMapperModule"
        }
      ],
      "contentType": "abpModule",
      "name": "BloggingWebModule",
      "summary": null
    }
  ]
}