{
  "name": "Volo.Blogging.Web",
  "hash": "84b2bf92bbed19b35c9f0e921ab9acb4",
  "contents": [
    {
      "namespace": "Volo.Blogging",
      "dependsOnModules": [
        {
          "declaringAssemblyName": "Volo.Blogging.Application.Contracts",
          "namespace": "Volo.Blogging",
          "name": "BloggingApplicationContractsModule"
        },
        {
          "declaringAssemblyName": "Volo.Abp.AspNetCore.Mvc.UI.Bootstrap",
          "namespace": "Volo.Abp.AspNetCore.Mvc.UI.Bootstrap",
          "name": "AbpAspNetCoreMvcUiBootstrapModule"
        },
        {
          "declaringAssemblyName": "Volo.Abp.AspNetCore.Mvc.UI.Bundling",
          "namespace": "Volo.Abp.AspNetCore.Mvc.UI.Bundling",
          "name": "AbpAspNetCoreMvcUiBundlingModule"
        },
        {
          "declaringAssemblyName": "Volo.Abp.AutoMapper",
          "namespace": "Volo.Abp.AutoMapper",
          "name": "AbpAutoMapperModule"
        }
      ],
      "contentType": "abpModule",
      "name": "BloggingWebModule",
      "summary": null
    }
  ]
}