{
  "name": "Volo.Abp.AuditLogging.Domain.Shared",
  "hash": "3c6b094affd889f339e46eae7056c29a",
  "contents": [
    {
      "namespace": "Volo.Abp.AuditLogging",
      "dependsOnModules": [
        {
          "declaringAssemblyName": "Volo.Abp.Validation",
          "namespace": "Volo.Abp.Validation",
          "name": "AbpValidationModule"
        }
      ],
      "contentType": "abpModule",
      "name": "AbpAuditLoggingDomainSharedModule",
      "summary": null
    }
  ]
}