{
  "name": "Volo.Abp.PermissionManagement.HttpApi.Client",
  "hash": "f2fb8787a399028ffe0106073ba4aa08",
  "contents": [
    {
      "namespace": "Volo.Abp.PermissionManagement",
      "dependsOnModules": [
        {
          "declaringAssemblyName": "Volo.Abp.PermissionManagement.Application.Contracts",
          "namespace": "Volo.Abp.PermissionManagement",
          "name": "AbpPermissionManagementApplicationContractsModule"
        },
        {
          "declaringAssemblyName": "Volo.Abp.Http.Client",
          "namespace": "Volo.Abp.Http.Client",
          "name": "AbpHttpClientModule"
        }
      ],
      "contentType": "abpModule",
      "name": "AbpPermissionManagementHttpApiClientModule",
      "summary": null
    }
  ]
}