{
  "name": "Volo.Abp.SettingManagement.Domain.Shared",
  "hash": "880f916674c974f3bc0ae6fc179d97d3",
  "contents": [
    {
      "namespace": "Volo.Abp.SettingManagement",
      "dependsOnModules": [
        {
          "declaringAssemblyName": "Volo.Abp.Localization",
          "namespace": "Volo.Abp.Localization",
          "name": "AbpLocalizationModule"
        },
        {
          "declaringAssemblyName": "Volo.Abp.Validation",
          "namespace": "Volo.Abp.Validation",
          "name": "AbpValidationModule"
        },
        {
          "declaringAssemblyName": "Volo.Abp.Features",
          "namespace": "Volo.Abp.Features",
          "name": "AbpFeaturesModule"
        }
      ],
      "contentType": "abpModule",
      "name": "AbpSettingManagementDomainSharedModule",
      "summary": null
    },
    {
      "valueType": "ToggleStringValueType",
      "defaultValue": "true",
      "displayName": "Enable setting management",
      "description": "Enable setting management system in the application.",
      "isAvailableToHost": true,
      "isVisibleToClients": true,
      "contentType": "feature",
      "name": "SettingManagement.Enable",
      "summary": null
    },
    {
      "valueType": "ToggleStringValueType",
      "defaultValue": "false",
      "displayName": "Allow changing email settings.",
      "description": null,
      "isAvailableToHost": false,
      "isVisibleToClients": true,
      "contentType": "feature",
      "name": "SettingManagement.AllowChangingEmailSettings",
      "summary": null
    }
  ]
}