{
  "culture": "cs",
  "texts": {
    "Permission:DocumentManagement": "Správa dokumentů",
    "Permission:Projects": "Projekty",
    "Permission:Edit": "Upravit",
    "Permission:Delete": "Smazat",
    "Permission:Create": "Vytvořit",
    "Permission:Documents": "Dokumenty",
    "Menu:Documents": "Dokumenty",
    "Menu:DocumentManagement": "Dokumenty",
    "Menu:ProjectManagement": "Projekty",
    "CreateANewProject": "Vytvořit nový projekt",
    "Edit": "Upravit",
    "Create": "Vytvořit",
    "Pull": "Pull",
    "Projects": "Projekty",
    "Name": "Název",
    "ShortName": "Krátký název",
    "DocumentStoreType": "Typ uložiště dokumentu",
    "Format": "Formát",
    "ShortNameInfoText": "Bude použíto k unikátnímu URL.",
    "DisplayName:Name": "Název",
    "DisplayName:ShortName": "Krátký název",
    "DisplayName:Format": "Formát",
    "DisplayName:DefaultDocumentName": "Název výchozího dokumentu",
    "DisplayName:NavigationDocumentName": "Název navigačního dokumentu",
    "DisplayName:MinimumVersion": "Nejnižší verze",
    "DisplayName:MainWebsiteUrl": "URL hlavních webových stránek",
    "DisplayName:LatestVersionBranchName": "Název poslední verze odvětví",
    "DisplayName:GitHubRootUrl": "GitHub kořenové URL",
    "DisplayName:GitHubAccessToken": "GitHub přístupový token",
    "DisplayName:GitHubUserAgent": "GitHub user agent",
    "DisplayName:GithubVersionProviderSource": "GitHub version provider source",
    "DisplayName:VersionBranchPrefix": "Version branch prefix",
    "DisplayName:All": "Pull všeho",
    "DisplayName:LanguageCode": "Kód jazyka",
    "DisplayName:Version": "Verze",
    "Documents": "Dokumenty",
    "RemoveFromCache": "Odebrat z mezipaměti",
    "Reindex": "Reindex",
    "ReindexCompleted": "Reindex dokončen",
    "RemovedFromCache": "Odebráno z mezipaměti",
    "RemoveFromCacheConfirmation": "Opravdu chcete tuto položku odebrat z mezipaměti?",
    "ReIndexDocumentConfirmation": "Opravdu chcete tuto položku reindexovat?",
    "DeleteFromDatabase": "Odstranit z databáze",
    "Deleted": "Vymazáno",
    "Search": "Vyhledávání",
    "StartDate": "Počáteční datum",
    "EndDate": "Datum ukončení",
    "CreationTime": "Čas vytvoření",
    "LastUpdateTime": "Poslední aktualizace",
    "LastSignificantUpdateTime": "Poslední významná aktualizace",
    "Version": "Verze",
    "LanguageCode": "Kód jazyka",
    "FileName": "Název souboru",
    "LastCachedTime": "Čas uložení v mezipaměti"
  }
}
