{
  "culture": "de",
  "texts": {
    "Permission:DocumentManagement": "Dokumentenverwaltung",
    "Permission:Projects": "Projekte",
    "Permission:Edit": "Bearbeiten",
    "Permission:Delete": "Löschen",
    "Permission:Create": "Erstellen",
    "Permission:Documents": "Dokumente",
    "Menu:DocumentManagement": "Dokumente",
    "Menu:ProjectManagement": "Projekte",
    "CreateANewProject": "Neues Projekt erstellen",
    "Edit": "Bearbeiten",
    "Create": "Erstellen",
    "Pull": "Pull",
    "Projects": "Projekte",
    "Name": "Name",
    "ShortName": "Kurzname",
    "DocumentStoreType": "DocumentStoreType",
    "Format": "Format",
    "ShortNameInfoText": "Wird für eindeutige URL verwendet.",
    "DisplayName:Name": "Name",
    "DisplayName:ShortName": "Kurzname",
    "DisplayName:Format": "Format",
    "DisplayName:DefaultDocumentName": "Standard-Dokumentname",
    "DisplayName:NavigationDocumentName": "Name des Navigationsdokuments",
    "DisplayName:MinimumVersion": "Mindestversion",
    "DisplayName:MainWebsiteUrl": "Haupt-URL der Website",
    "DisplayName:LatestVersionBranchName": "Zweigname der neuesten Version",
    "DisplayName:GitHubRootUrl": "GitHub-Stamm-URL",
    "DisplayName:GitHubAccessToken": "GitHub-Zugriffstoken",
    "DisplayName:GitHubUserAgent": "GitHub-Benutzer-Agent",
    "DisplayName:All": "Pull all",
    "DisplayName:LanguageCode": "Sprachcode",
    "DisplayName:Version": "Version",
    "Project": "Projekt"
  }
}