{
  "culture": "fr",
  "texts": {
    "Permission:DocumentManagement": "Gestion de documents",
    "Permission:Projects": "Projets",
    "Permission:Edit": "Éditer",
    "Permission:Delete": "Effacer",
    "Permission:Create": "Créer",
    "Permission:Documents": "Des documents",
    "Menu:Documents": "Documents",
    "Menu:DocumentManagement": "Documents",
    "Menu:ProjectManagement": "Projets",
    "CreateANewProject": "Créer un nouveau projet",
    "Edit": "Éditer",
    "Create": "Créer",
    "Pull": "Tirer",
    "Projects": "Projets",
    "Name": "Nom",
    "ShortName": "Nom court",
    "DocumentStoreType": "DocumentStoreType",
    "Format": "Format",
    "ShortNameInfoText": "Sera utilisé pour une URL unique.",
    "DisplayName:Name": "Prénom",
    "DisplayName:ShortName": "Nom court",
    "DisplayName:Format": "Format",
    "DisplayName:DefaultDocumentName": "Nom du document par défaut",
    "DisplayName:NavigationDocumentName": "Nom du document de navigation",
    "DisplayName:MinimumVersion": "Version minimale",
    "DisplayName:MainWebsiteUrl": "URL du site Web principal",
    "DisplayName:LatestVersionBranchName": "Nom de la dernière version de la branche",
    "DisplayName:GitHubRootUrl": "URL racine GitHub",
    "DisplayName:GitHubAccessToken": "Jeton d'accès GitHub",
    "DisplayName:GitHubUserAgent": "Agent utilisateur GitHub",
    "DisplayName:GithubVersionProviderSource": "Source du fournisseur de version GitHub",
    "DisplayName:VersionBranchPrefix": "Préfixe de branche de version",
    "DisplayName:All": "Tirer tout",
    "DisplayName:LanguageCode": "Code de langue",
    "DisplayName:Version": "Version",
    "Documents": "Documents",
    "RemoveFromCache": "Remove from cache and ReIndex",
    "Reindex": "Réindexer",
    "ReindexCompleted": "Réindexation terminée",
    "RemovedFromCache": "Retiré du cache et ré-indexé",
    "RemoveFromCacheConfirmation": "Voulez-vous vraiment supprimer cet élément du cache?",
    "ReIndexDocumentConfirmation": "Êtes-vous sûr de vouloir réindexer \"{0}\" ?",
    "DeleteFromDatabase": "Supprimer de la base de données",
    "Deleted": "Supprimé",
    "Search": "Rechercher",
    "StartDate": "Date de début",
    "EndDate": "Date de fin",
    "CreationTime": "Temps de creation",
    "LastUpdateTime": "Dernière mise à jour",
    "LastSignificantUpdateTime": "Dernière mise à jour importante",
    "Version": "Version",
    "LanguageCode": "Code de langue",
    "FileName": "Nom de fichier",
    "LastCachedTime": "Temps de cache",
    "Project": "Projet",
    "RemoveCacheAndReIndexConfirmation": "Le document \"{0}\" sera supprimé du cache et réindexé. Confirmez-vous ?"
  }
}