{
    "culture": "hr",
    "texts": {
        "Permission:DocumentManagement": "Upravljanje dokumentima",
        "Permission:Projects": "Projekti",
        "Permission:Edit": "Uredi",
        "Permission:Delete": "Izbrisati",
        "Permission:Create": "Stvoriti",
        "Permission:Documents": "Dokumenti",
        "Menu:Documents": "Dokumenti",
        "Menu:DocumentManagement": "Dokumenti",
        "Menu:ProjectManagement": "Projekti",
        "CreateANewProject": "Stvorite novi projekt",
        "Edit": "Uredi",
        "Create": "Stvoriti",
        "Pull": "Vuci",
        "Projects": "Projekti",
        "Name": "Ime",
        "ShortName": "Kratko ime",
        "DocumentStoreType": "Vrsta pohrane dokumenata",
        "Format": "Format",
        "ShortNameInfoText": "Koristit će se za jedinstveni URL.",
        "DisplayName:Name": "Ime",
        "DisplayName:ShortName": "Kratko ime",
        "DisplayName:Format": "Format",
        "DisplayName:DefaultDocumentName": "Zadani naziv dokumenta",
        "DisplayName:NavigationDocumentName": "Naziv navigacijskog dokumenta",
        "DisplayName:MinimumVersion": "Minimalna verzija",
        "DisplayName:MainWebsiteUrl": "Glavni URL web stranice",
        "DisplayName:LatestVersionBranchName": "Naziv grane najnovije verzije",
        "DisplayName:GitHubRootUrl": "GitHub korijenski URL",
        "DisplayName:GitHubAccessToken": "GitHub pristupni token",
        "DisplayName:GitHubUserAgent": "GitHub korisnički agent",
        "DisplayName:GithubVersionProviderSource": "Izvor dobavljača GitHub verzije",
        "DisplayName:VersionBranchPrefix": "Prefiks grane verzije",
        "DisplayName:All": "Povuci sve",
        "DisplayName:LanguageCode": "Jezični kod",
        "DisplayName:Version": "Verzija",
        "Documents": "Dokumenti",
        "RemoveFromCache": "Ukloni iz predmemorije",
        "Reindex": "Ponovno indeksiranje",
        "ReindexCompleted": "Ponovno indeksiranje dovršeno",
        "RemovedFromCache": "Uklonjeno iz predmemorije",
        "RemoveFromCacheConfirmation": "Jeste li sigurni da želite ukloniti ovu stavku iz predmemorije?",
        "ReIndexDocumentConfirmation": "Jeste li sigurni da želite ponovno indeksirati ovu stavku?",
        "DeleteFromDatabase": "Izbriši iz baze podataka",
        "Deleted": "Izbrisano",
        "Search": "Pretraga",
        "StartDate": "Početni datum",
        "EndDate": "Krajnji datum",
        "CreationTime": "Vrijeme stvaranja",
        "LastUpdateTime": "Zadnje ažuriranje",
        "LastSignificantUpdateTime": "Zadnje značajno ažuriranje",
        "Version": "Verzija",
        "LanguageCode": "Jezični kod",
        "FileName": "Naziv datoteke",
        "LastCachedTime": "Vrijeme predmemorije",
        "Project": "Projekt",
        "AdvancedFilters": "Napredni filtri"
    }
}
