{
  "culture": "ro-RO",
  "texts": {
    "Permission:DocumentManagement": "Administrarea documentelor",
    "Permission:Projects": "Proiecte",
    "Permission:Edit": "Editează",
    "Permission:Delete": "Şterge",
    "Permission:Create": "Creează",
    "Permission:Documents": "Documente",
    "Menu:Documents": "Documente",
    "Menu:DocumentManagement": "Documente",
    "Menu:ProjectManagement": "Proiecte",
    "CreateANewProject": "Creează un nou proiect",
    "Edit": "Editează",
    "Create": "Creează",
    "Pull": "Pull",
    "Projects": "Proiecte",
    "Name": "Nume",
    "ShortName": "Nume pe scurt",
    "DocumentStoreType": "DocumentStoreType",
    "Format": "Format",
    "ShortNameInfoText": "Va fi folosit pentru URL unic.",
    "DisplayName:Name": "Nume",
    "DisplayName:ShortName": "Nume pe scurt",
    "DisplayName:Format": "Format",
    "DisplayName:DefaultDocumentName": "Nume implicit document",
    "DisplayName:NavigationDocumentName": "Nume document de navigare",
    "DisplayName:MinimumVersion": "Versiune minimă",
    "DisplayName:MainWebsiteUrl": "URL site web principal",
    "DisplayName:LatestVersionBranchName": "Latest version branch name",
    "DisplayName:GitHubRootUrl": "GitHub root URL",
    "DisplayName:GitHubAccessToken": "GitHub access token",
    "DisplayName:GitHubUserAgent": "GitHub user agent",
    "DisplayName:GithubVersionProviderSource": "GitHub version provider source",
    "DisplayName:VersionBranchPrefix": "Version branch prefix",
    "DisplayName:All": "Pull all",
    "DisplayName:LanguageCode": "Codul limbii",
    "DisplayName:Version": "Versiune",
    "Documents": "Documente",
    "RemoveFromCache": "Şterge din cache",
    "Reindex": "Reindexează",
    "ReindexCompleted": "Reindexare completă",
    "RemovedFromCache": "Şters din cache",
    "RemoveFromCacheConfirmation": "Sunteţi sigur(ă) că vreţi să ştergeţi acest obiect din cache?",
    "ReIndexDocumentConfirmation": "Sunteţi sigur(ă) că vreţi să reindexaţi acest obiect?",
    "DeleteFromDatabase": "Şterge din baza de date",
    "Deleted": "Şters",
    "Search": "Caută",
    "StartDate": "Data de început",
    "EndDate": "Data de sfârşit",
    "CreationTime": "Data creării",
    "LastUpdateTime": "Ultima actualizare",
    "LastSignificantUpdateTime": "Ultima actualizare semnificativă",
    "Version": "Versiune",
    "LanguageCode": "Codul limbii",
    "FileName": "Nume fişier",
    "LastCachedTime": "Durată cache",
    "Project": "Proiect"
  }
}