{
  "culture": "zh-Hant",
  "texts": {
    "Permission:DocumentManagement": "文件管理",
    "Permission:Projects": "專案",
    "Permission:Edit": "編輯",
    "Permission:Delete": "刪除",
    "Permission:Create": "建立",
    "Permission:Documents": "文件",
    "Menu:Documents": "文件",
    "Menu:DocumentManagement": "文件管理",
    "Menu:ProjectManagement": "專案管理",
    "CreateANewProject": "建立新專案",
    "Edit": "編輯",
    "Create": "建立",
    "Pull": "拉取",
    "Projects": "專案",
    "Name": "名稱",
    "ShortName": "簡稱",
    "DocumentStoreType": "文件存儲類型",
    "Format": "格式",
    "ShortNameInfoText": "將用於唯一的URL.",
    "DisplayName:Name": "名稱",
    "DisplayName:ShortName": "簡稱",
    "DisplayName:Format": "格式",
    "DisplayName:DefaultDocumentName": "預設文件名稱",
    "DisplayName:NavigationDocumentName": "導覽文件名稱",
    "DisplayName:MinimumVersion": "最低版本",
    "DisplayName:MainWebsiteUrl": "主網站網址",
    "DisplayName:LatestVersionBranchName": "最新版本的分支名稱",
    "DisplayName:GitHubRootUrl": "GitHub根網址",
    "DisplayName:GitHubAccessToken": "GitHub 存取Token ",
    "DisplayName:GitHubUserAgent": "GitHub 使用者代理",
    "DisplayName:GithubVersionProviderSource": "GitHub 版本提供程序源",
    "DisplayName:VersionBranchPrefix": "版本分支前綴",
    "DisplayName:All": "拉取所有",
    "DisplayName:LanguageCode": "語言代碼",
    "DisplayName:Version": "版本",
    "Documents": "文件",
    "RemoveFromCache": "從緩存中刪除並重新索引",
    "Reindex": "重新索引",
    "ReindexCompleted": "重新索引完成",
    "RemovedFromCache": "從緩存中刪除並重新編入索引",
    "RemoveFromCacheConfirmation": "您確定要從緩存中刪除此項嗎？",
    "ReIndexDocumentConfirmation": "您確定要重新索引“{0}”嗎？",
    "DeleteFromDatabase": "從數據庫中刪除",
    "Deleted": "已刪除",
    "Search": "搜索",
    "StartDate": "開始日期",
    "EndDate": "結束日期",
    "CreationTime": "創建時間",
    "LastUpdateTime": "最後更新",
    "LastSignificantUpdateTime": "最後一次重大更新",
    "Version": "版本",
    "LanguageCode": "語言代碼",
    "FileName": "文檔名稱",
    "LastCachedTime": "緩存時間",
    "Project": "项目",
    "RemoveCacheAndReIndexConfirmation": "文檔“{0}”將從緩存中刪除並重新編制索引。 你確認嗎？"
  }
}