{
  "name": "Volo.Blogging.HttpApi",
  "hash": "572bfb0d542d019bc4b1e2e4c7380978",
  "contents": [
    {
      "namespace": "Volo.Blogging",
      "dependsOnModules": [
        {
          "declaringAssemblyName": "Volo.Blogging.Application.Contracts",
          "namespace": "Volo.Blogging",
          "name": "BloggingApplicationContractsModule"
        },
        {
          "declaringAssemblyName": "Volo.Abp.AspNetCore.Mvc",
          "namespace": "Volo.Abp.AspNetCore.Mvc",
          "name": "AbpAspNetCoreMvcModule"
        }
      ],
      "contentType": "abpModule",
      "name": "BloggingHttpApiModule",
      "summary": null
    }
  ]
}