{
  "name": "Volo.Blogging.MongoDB",
  "hash": "4487b4df01fcd98b0ce2e7d2d11c9ba5",
  "contents": [
    {
      "namespace": "Volo.Blogging.MongoDB",
      "dependsOnModules": [
        {
          "declaringAssemblyName": "Volo.Blogging.Domain",
          "namespace": "Volo.Blogging",
          "name": "BloggingDomainModule"
        },
        {
          "declaringAssemblyName": "Volo.Abp.MongoDB",
          "namespace": "Volo.Abp.MongoDB",
          "name": "AbpMongoDbModule"
        },
        {
          "declaringAssemblyName": "Volo.Abp.Users.MongoDB",
          "namespace": "Volo.Abp.Users.MongoDB",
          "name": "AbpUsersMongoDbModule"
        }
      ],
      "implementingInterfaces": [
        {
          "name": "IAbpModule",
          "namespace": "Volo.Abp.Modularity",
          "declaringAssemblyName": "Volo.Abp.Core",
          "fullName": "Volo.Abp.Modularity.IAbpModule"
        },
        {
          "name": "IOnPreApplicationInitialization",
          "namespace": "Volo.Abp.Modularity",
          "declaringAssemblyName": "Volo.Abp.Core",
          "fullName": "Volo.Abp.Modularity.IOnPreApplicationInitialization"
        },
        {
          "name": "IOnApplicationInitialization",
          "namespace": "Volo.Abp",
          "declaringAssemblyName": "Volo.Abp.Core",
          "fullName": "Volo.Abp.IOnApplicationInitialization"
        },
        {
          "name": "IOnPostApplicationInitialization",
          "namespace": "Volo.Abp.Modularity",
          "declaringAssemblyName": "Volo.Abp.Core",
          "fullName": "Volo.Abp.Modularity.IOnPostApplicationInitialization"
        },
        {
          "name": "IOnApplicationShutdown",
          "namespace": "Volo.Abp",
          "declaringAssemblyName": "Volo.Abp.Core",
          "fullName": "Volo.Abp.IOnApplicationShutdown"
        },
        {
          "name": "IPreConfigureServices",
          "namespace": "Volo.Abp.Modularity",
          "declaringAssemblyName": "Volo.Abp.Core",
          "fullName": "Volo.Abp.Modularity.IPreConfigureServices"
        },
        {
          "name": "IPostConfigureServices",
          "namespace": "Volo.Abp.Modularity",
          "declaringAssemblyName": "Volo.Abp.Core",
          "fullName": "Volo.Abp.Modularity.IPostConfigureServices"
        }
      ],
      "contentType": "abpModule",
      "name": "BloggingMongoDbModule",
      "summary": null
    },
    {
      "namespace": "Volo.Blogging.MongoDB",
      "connectionStringName": "Blogging",
      "databaseCollections": [
        {
          "entityFullName": "Volo.Blogging.Blogs.Blog",
          "contentType": "databaseCollection",
          "name": "BlgBlogs",
          "summary": null
        },
        {
          "entityFullName": "Volo.Blogging.Comments.Comment",
          "contentType": "databaseCollection",
          "name": "BlgComments",
          "summary": null
        },
        {
          "entityFullName": "Volo.Blogging.Users.BlogUser",
          "contentType": "databaseCollection",
          "name": "BlgUsers",
          "summary": null
        },
        {
          "entityFullName": "Volo.Blogging.Tagging.Tag",
          "contentType": "databaseCollection",
          "name": "BlgTags",
          "summary": null
        },
        {
          "entityFullName": "Volo.Blogging.Posts.Post",
          "contentType": "databaseCollection",
          "name": "BlgPosts",
          "summary": null
        }
      ],
      "implementingInterfaces": [
        {
          "name": "IAbpMongoDbContext",
          "namespace": "Volo.Abp.MongoDB",
          "declaringAssemblyName": "Volo.Abp.MongoDB",
          "fullName": "Volo.Abp.MongoDB.IAbpMongoDbContext"
        },
        {
          "name": "ITransientDependency",
          "namespace": "Volo.Abp.DependencyInjection",
          "declaringAssemblyName": "Volo.Abp.Core",
          "fullName": "Volo.Abp.DependencyInjection.ITransientDependency"
        },
        {
          "name": "IBloggingMongoDbContext",
          "namespace": "Volo.Blogging.MongoDB",
          "declaringAssemblyName": "Volo.Blogging.MongoDB",
          "fullName": "Volo.Blogging.MongoDB.IBloggingMongoDbContext"
        }
      ],
      "contentType": "mongoDbContext",
      "name": "BloggingMongoDbContext",
      "summary": null
    }
  ]
}