{
  "name": "Volo.Abp.FeatureManagement.Application.Contracts",
  "hash": "573f18219cdc9c7bd798fd73507e17db",
  "contents": [
    {
      "namespace": "Volo.Abp.FeatureManagement",
      "dependsOnModules": [
        {
          "declaringAssemblyName": "Volo.Abp.FeatureManagement.Domain.Shared",
          "namespace": "Volo.Abp.FeatureManagement",
          "name": "AbpFeatureManagementDomainSharedModule"
        },
        {
          "declaringAssemblyName": "Volo.Abp.Ddd.Application.Contracts",
          "namespace": "Volo.Abp.Application",
          "name": "AbpDddApplicationContractsModule"
        },
        {
          "declaringAssemblyName": "Volo.Abp.Authorization.Abstractions",
          "namespace": "Volo.Abp.Authorization",
          "name": "AbpAuthorizationAbstractionsModule"
        },
        {
          "declaringAssemblyName": "Volo.Abp.Json",
          "namespace": "Volo.Abp.Json",
          "name": "AbpJsonModule"
        }
      ],
      "contentType": "abpModule",
      "name": "AbpFeatureManagementApplicationContractsModule",
      "summary": null
    },
    {
      "displayName": "Manage Host features",
      "isEnabled": true,
      "contentType": "permission",
      "name": "FeatureManagement.ManageHostFeatures",
      "summary": null
    }
  ]
}