{
  "name": "Volo.CmsKit.Public.HttpApi.Client",
  "hash": "bbc7962ca4097f05636f80a2fe37377f",
  "contents": [
    {
      "namespace": "Volo.CmsKit.Public",
      "dependsOnModules": [
        {
          "declaringAssemblyName": "Volo.CmsKit.Public.Application.Contracts",
          "namespace": "Volo.CmsKit.Public",
          "name": "CmsKitPublicApplicationContractsModule"
        },
        {
          "declaringAssemblyName": "Volo.CmsKit.Common.HttpApi.Client",
          "namespace": "Volo.CmsKit",
          "name": "CmsKitCommonHttpApiClientModule"
        }
      ],
      "contentType": "abpModule",
      "name": "CmsKitPublicHttpApiClientModule",
      "summary": null
    }
  ]
}