{
  "name": "Volo.Blogging.EntityFrameworkCore",
  "hash": "df07ce1bb5495ff3fa0a1c7b44d848f7",
  "contents": [
    {
      "namespace": "Volo.Blogging.EntityFrameworkCore",
      "dependsOnModules": [
        {
          "declaringAssemblyName": "Volo.Blogging.Domain",
          "namespace": "Volo.Blogging",
          "name": "BloggingDomainModule"
        },
        {
          "declaringAssemblyName": "Volo.Abp.EntityFrameworkCore",
          "namespace": "Volo.Abp.EntityFrameworkCore",
          "name": "AbpEntityFrameworkCoreModule"
        }
      ],
      "contentType": "abpModule",
      "name": "BloggingEntityFrameworkCoreModule",
      "summary": null
    },
    {
      "namespace": "Volo.Blogging.EntityFrameworkCore",
      "connectionStringName": "Blogging",
      "databaseTables": [
        {
          "entityFullName": "Volo.Blogging.Blogs.Blog",
          "contentType": "databaseTable",
          "name": "BlgBlogs",
          "summary": null
        },
        {
          "entityFullName": "Volo.Blogging.Comments.Comment",
          "contentType": "databaseTable",
          "name": "BlgComments",
          "summary": null
        },
        {
          "entityFullName": "Volo.Blogging.Posts.Post",
          "contentType": "databaseTable",
          "name": "BlgPosts",
          "summary": null
        },
        {
          "entityFullName": "Volo.Blogging.Posts.PostTag",
          "contentType": "databaseTable",
          "name": "BlgPostTags",
          "summary": null
        },
        {
          "entityFullName": "Volo.Blogging.Tagging.Tag",
          "contentType": "databaseTable",
          "name": "BlgTags",
          "summary": null
        },
        {
          "entityFullName": "Volo.Blogging.Users.BlogUser",
          "contentType": "databaseTable",
          "name": "BlgUsers",
          "summary": null
        }
      ],
      "contentType": "efCoreDbContext",
      "name": "BloggingDbContext",
      "summary": null
    }
  ]
}