{
  "name": "Volo.Blogging.MongoDB",
  "hash": "6837c014507cf952197f4b5ae3cafb97",
  "contents": [
    {
      "namespace": "Volo.Blogging.MongoDB",
      "contentType": "abpModule",
      "name": "BloggingMongoDbModule"
    },
    {
      "namespace": "Volo.Blogging.MongoDB",
      "connectionStringName": "Blogging",
      "databaseCollections": [
        {
          "entityFullName": "Volo.Blogging.Comments.Comment",
          "contentType": "databaseCollection",
          "name": "BlgComments"
        },
        {
          "entityFullName": "Volo.Blogging.Posts.Post",
          "contentType": "databaseCollection",
          "name": "BlgPosts"
        },
        {
          "entityFullName": "Volo.Blogging.Blogs.Blog",
          "contentType": "databaseCollection",
          "name": "BlgBlogs"
        },
        {
          "entityFullName": "Volo.Blogging.Tagging.Tag",
          "contentType": "databaseCollection",
          "name": "BlgTags"
        },
        {
          "entityFullName": "Volo.Blogging.Users.BlogUser",
          "contentType": "databaseCollection",
          "name": "BlgUsers"
        }
      ],
      "contentType": "mongoDbContext",
      "name": "BloggingMongoDbContext"
    }
  ]
}