{
  "name": "Volo.Abp.PermissionManagement.Domain.OpenIddict",
  "hash": "578a5136c0a198b61112d52c85b091b7",
  "contents": [
    {
      "namespace": "Volo.Abp.PermissionManagement.OpenIddict",
      "dependsOnModules": [
        {
          "declaringAssemblyName": "Volo.Abp.OpenIddict.Domain.Shared",
          "namespace": "Volo.Abp.OpenIddict",
          "name": "AbpOpenIddictDomainSharedModule"
        },
        {
          "declaringAssemblyName": "Volo.Abp.PermissionManagement.Domain",
          "namespace": "Volo.Abp.PermissionManagement",
          "name": "AbpPermissionManagementDomainModule"
        }
      ],
      "contentType": "abpModule",
      "name": "AbpPermissionManagementDomainOpenIddictModule",
      "summary": null
    }
  ]
}