{
  "name": "Volo.Docs.MongoDB",
  "hash": "c5031476355cbce535cacd06f91206be",
  "contents": [
    {
      "namespace": "Volo.Docs.MongoDB",
      "dependsOnModules": [
        {
          "declaringAssemblyName": "Volo.Docs.Domain",
          "namespace": "Volo.Docs",
          "name": "DocsDomainModule"
        },
        {
          "declaringAssemblyName": "Volo.Abp.MongoDB",
          "namespace": "Volo.Abp.MongoDB",
          "name": "AbpMongoDbModule"
        }
      ],
      "implementingInterfaces": [
        {
          "name": "IAbpModule",
          "namespace": "Volo.Abp.Modularity",
          "declaringAssemblyName": "Volo.Abp.Core",
          "fullName": "Volo.Abp.Modularity.IAbpModule"
        },
        {
          "name": "IOnPreApplicationInitialization",
          "namespace": "Volo.Abp.Modularity",
          "declaringAssemblyName": "Volo.Abp.Core",
          "fullName": "Volo.Abp.Modularity.IOnPreApplicationInitialization"
        },
        {
          "name": "IOnApplicationInitialization",
          "namespace": "Volo.Abp",
          "declaringAssemblyName": "Volo.Abp.Core",
          "fullName": "Volo.Abp.IOnApplicationInitialization"
        },
        {
          "name": "IOnPostApplicationInitialization",
          "namespace": "Volo.Abp.Modularity",
          "declaringAssemblyName": "Volo.Abp.Core",
          "fullName": "Volo.Abp.Modularity.IOnPostApplicationInitialization"
        },
        {
          "name": "IOnApplicationShutdown",
          "namespace": "Volo.Abp",
          "declaringAssemblyName": "Volo.Abp.Core",
          "fullName": "Volo.Abp.IOnApplicationShutdown"
        },
        {
          "name": "IPreConfigureServices",
          "namespace": "Volo.Abp.Modularity",
          "declaringAssemblyName": "Volo.Abp.Core",
          "fullName": "Volo.Abp.Modularity.IPreConfigureServices"
        },
        {
          "name": "IPostConfigureServices",
          "namespace": "Volo.Abp.Modularity",
          "declaringAssemblyName": "Volo.Abp.Core",
          "fullName": "Volo.Abp.Modularity.IPostConfigureServices"
        }
      ],
      "contentType": "abpModule",
      "name": "DocsMongoDbModule",
      "summary": null
    },
    {
      "namespace": "Volo.Docs.MongoDB",
      "connectionStringName": "Docs",
      "databaseCollections": [
        {
          "entityFullName": "Volo.Docs.Documents.Document",
          "contentType": "databaseCollection",
          "name": "DocsDocumentS",
          "summary": null
        },
        {
          "entityFullName": "Volo.Docs.Projects.Project",
          "contentType": "databaseCollection",
          "name": "DocsProjects",
          "summary": null
        }
      ],
      "implementingInterfaces": [
        {
          "name": "IAbpMongoDbContext",
          "namespace": "Volo.Abp.MongoDB",
          "declaringAssemblyName": "Volo.Abp.MongoDB",
          "fullName": "Volo.Abp.MongoDB.IAbpMongoDbContext"
        },
        {
          "name": "ITransientDependency",
          "namespace": "Volo.Abp.DependencyInjection",
          "declaringAssemblyName": "Volo.Abp.Core",
          "fullName": "Volo.Abp.DependencyInjection.ITransientDependency"
        },
        {
          "name": "IDocsMongoDbContext",
          "namespace": "Volo.Docs.MongoDB",
          "declaringAssemblyName": "Volo.Docs.MongoDB",
          "fullName": "Volo.Docs.MongoDB.IDocsMongoDbContext"
        }
      ],
      "contentType": "mongoDbContext",
      "name": "DocsMongoDbContext",
      "summary": null
    }
  ]
}