{
  "culture": "fi",
  "texts": {
    "Permission:DocumentManagement": "Asiakirjojen hallinta",
    "Permission:Projects": "Projektit",
    "Permission:Edit": "Muokata",
    "Permission:Delete": "Poistaa",
    "Permission:Create": "Luoda",
    "Permission:Documents": "Asiakirjat",
    "Menu:Documents": "Asiakirjat",
    "Menu:DocumentManagement": "Asiakirjat",
    "Menu:ProjectManagement": "Projektit",
    "CreateANewProject": "Luo uusi projekti",
    "Edit": "Muokata",
    "Create": "Luoda",
    "Pull": "Vedä",
    "Projects": "Projektit",
    "Name": "Nimi",
    "ShortName": "Lyhyt nimi",
    "DocumentStoreType": "DocumentStoreType",
    "Format": "Muoto",
    "ShortNameInfoText": "Käytetään yksilölliseen URL-osoitteeseen.",
    "DisplayName:Name": "Nimi",
    "DisplayName:ShortName": "Lyhyt nimi",
    "DisplayName:Format": "Muoto",
    "DisplayName:DefaultDocumentName": "Oletusasiakirjan nimi",
    "DisplayName:NavigationDocumentName": "Navigointiasiakirjan nimi",
    "DisplayName:MinimumVersion": "Vähimmäisversio",
    "DisplayName:MainWebsiteUrl": "Pääsivuston URL-osoite",
    "DisplayName:LatestVersionBranchName": "Uusimman version haaran nimi",
    "DisplayName:GitHubRootUrl": "GitHub-juuriosoite",
    "DisplayName:GitHubAccessToken": "GitHub-käyttöoikeustunnus",
    "DisplayName:GitHubUserAgent": "GitHub-käyttäjäagentti",
    "DisplayName:GithubVersionProviderSource": "GitHub-version tarjoajan lähde",
    "DisplayName:VersionBranchPrefix": "Versiohaaran etuliite",
    "DisplayName:All": "Vedä kaikki",
    "DisplayName:LanguageCode": "Kielikoodi",
    "DisplayName:Version": "Versio",
    "Documents": "Asiakirjat",
    "RemoveFromCache": "Poista välimuistista",
    "Reindex": "Reindex",
    "ReindexCompleted": "Reindex valmis",
    "RemovedFromCache": "Poistettu välimuistista",
    "RemoveFromCacheConfirmation": "Haluatko varmasti poistaa tämän kohteen välimuistista?",
    "ReIndexDocumentConfirmation": "Haluatko varmasti indeksoida tämän kohteen uudelleen?",
    "DeleteFromDatabase": "Poista tietokannasta",
    "Deleted": "Poistettu",
    "Search": "Hae",
    "StartDate": "Aloituspäivämäärä",
    "EndDate": "Päättymispäivä",
    "CreationTime": "Luomisaika",
    "LastUpdateTime": "Viimeisin päivitys",
    "LastSignificantUpdateTime": "Viimeinen merkittävä päivitys",
    "Version": "Versio",
    "LanguageCode": "Kielikoodi",
    "FileName": "Tiedoston nimi",
    "LastCachedTime": "Välimuistin aika"
  }
}