﻿{
  "culture": "pl-PL",
  "texts": {
    "Permission:DocumentManagement": "Zarządzanie dokumentacją",
    "Permission:Projects": "Projekty",
    "Permission:Edit": "Edytuj",
    "Permission:Delete": "Usuń",
    "Permission:Create": "Utwórz",
    "Menu:DocumentManagement": "Dokumenty",
    "Menu:ProjectManagement": "Projekty",
    "CreateANewProject": "Utwórz nowy projet",
    "Edit": "Edytuj",
    "Create": "Utwórz",
    "Projects": "Projekty",
    "Name": "Nazwa",
    "ShortName": "Krótka nazwa",
    "DocumentStoreType": "Typ zapisu dokumentu",
    "Format": "Format",
    "ShortNameInfoText": "Zostanie użyty do unikalnego URL.",
    "DisplayName:Name": "Nazwa",
    "DisplayName:ShortName": "Krótka nazwa",
    "DisplayName:Format": "Format",
    "DisplayName:DefaultDocumentName": "Domyślna nazwa dokumentu",
    "DisplayName:NavigationDocumentName": "Nawigacyjna nazwa dokumentu",
    "DisplayName:MinimumVersion": "Minimalna wersja",
    "DisplayName:MainWebsiteUrl": "Adres strony głównej",
    "DisplayName:LatestVersionBranchName": "Nazwa brancha ostatniej wersji",
    "DisplayName:GitHubRootUrl": "Adres URL do GitHub'a",
    "DisplayName:GitHubAccessToken": "GitHub access token",
    "DisplayName:GitHubUserAgent": "GitHub user agent"
  }
}