{
  "culture": "ru",
  "texts": {
    "Permission:DocumentManagement": "Управление документацией",
    "Permission:Projects": "Проекты",
    "Permission:Edit": "Редактировать",
    "Permission:Delete": "Удалить",
    "Permission:Create": "Создать",
    "Permission:Documents": "Документы",
    "Menu:DocumentManagement": "Документы",
    "Menu:ProjectManagement": "Проекты",
    "CreateANewProject": "Создать проекты",
    "Edit": "Редактировать",
    "Create": "Создать",
    "Pull": "Получить",
    "Projects": "Проекты",
    "Name": "Название",
    "ShortName": "Сокращенное название",
    "DocumentStoreType": "Тип системы хранения",
    "Format": "Формат",
    "ShortNameInfoText": "Будет использоваться для уникального URL.",
    "DisplayName:Name": "Название",
    "DisplayName:ShortName": "Сокращенное название",
    "DisplayName:Format": "Формат",
    "DisplayName:DefaultDocumentName": "Имя документа по умолчанию",
    "DisplayName:NavigationDocumentName": "Имя документа для навигации",
    "DisplayName:MinimumVersion": "Минимальная версия",
    "DisplayName:MainWebsiteUrl": "URL основного веб-сайта",
    "DisplayName:LatestVersionBranchName": "Название ветки последней версии",
    "DisplayName:GitHubRootUrl": "Корневой URL-адрес GitHub",
    "DisplayName:GitHubAccessToken": "Маркер доступа для GitHub",
    "DisplayName:GitHubUserAgent": "Заголовок User-Agent для GitHub",
    "DisplayName:All": "Получить все",
    "DisplayName:LanguageCode": "Код языка",
    "DisplayName:Version": "Версия"
  }
}
