﻿{
  "culture": "sl",
  "texts": {
    "Permission:DocumentManagement": "Upravljanje dokumentov",
    "Permission:Projects": "Projekti",
    "Permission:Edit": "Urejanje",
    "Permission:Delete": "Brisanje",
    "Permission:Create": "Ustvarjanje",
    "Permission:Documents": "Dokumenti",
    "Menu:DocumentManagement": "Dokumenti",
    "Menu:ProjectManagement": "Projekti",
    "CreateANewProject": "Ustvari nov projekt",
    "Edit": "Uredi",
    "Create": "Ustvari",
    "Pull": "Prenesi",
    "Projects": "Projekti",
    "Name": "Name",
    "ShortName": "ShortName",
    "DocumentStoreType": "DocumentStoreType",
    "Format": "Format",
    "ShortNameInfoText": "Bo uporabljen za unikaten URL.",
    "DisplayName:Name": "Naziv",
    "DisplayName:ShortName": "Kratek naziv",
    "DisplayName:Format": "Format",
    "DisplayName:DefaultDocumentName": "Privzeti naziv dokumenta",
    "DisplayName:NavigationDocumentName": "Naziv dokumenta za navigacijo",
    "DisplayName:MinimumVersion": "Najnižja verzija",
    "DisplayName:MainWebsiteUrl": "URL glavne strani",
    "DisplayName:LatestVersionBranchName": "Naziv veje zadnje verzije",
    "DisplayName:GitHubRootUrl": "Korenski URL na GitHub",
    "DisplayName:GitHubAccessToken": "GitHub access token",
    "DisplayName:GitHubUserAgent": "GitHub user agent",
    "DisplayName:All": "Prenesi vse",
    "DisplayName:LanguageCode": "Koda jezika",
    "DisplayName:Version": "Verzija"
  }
}