{
  "culture": "vi",
  "texts": {
    "Permission:DocumentManagement": "Quản lý tài liệu",
    "Permission:Projects": "Dự án",
    "Permission:Edit": "Sửa",
    "Permission:Delete": "Xóa",
    "Permission:Create": "Tạo",
    "Menu:DocumentManagement": "Tài liệu",
    "Menu:ProjectManagement": "Dự án",
    "CreateANewProject": "Tạo dự án mới",
    "Edit": "Sửa",
    "Create": "Tạo",
    "Projects": "Dự án",
    "Name": "Tên",
    "ShortName": "Tên rút gọn",
    "DocumentStoreType": "DocumentStoreType",
    "Format": "Định dạng",
    "ShortNameInfoText": "Sẽ được sử dụng cho URL duy nhất..",
    "DisplayName:Name": "Tên",
    "DisplayName:ShortName": "Tên rút gọn",
    "DisplayName:Format": "Định dạng",
    "DisplayName:DefaultDocumentName": "Tên tài liệu mặc định",
    "DisplayName:NavigationDocumentName": "Tên tài liệu điều hướng",
    "DisplayName:MinimumVersion": "Phiên bản tối thiểu",
    "DisplayName:MainWebsiteUrl": "URL trang web chính",
    "DisplayName:LatestVersionBranchName": "Tên nhánh phiên bản mới nhất",
    "DisplayName:GitHubRootUrl": "URL gốc của GitHub",
    "DisplayName:GitHubAccessToken": "GitHub access token",
    "DisplayName:GitHubUserAgent": "GitHub user agent"
  }
}
