{
  "name": "Volo.Abp.BackgroundJobs.DemoApp.RabbitMq",
  "hash": "c7dad823205bf29469c0fa0c675dbe21",
  "contents": [
    {
      "namespace": "Volo.Abp.BackgroundJobs.DemoApp.RabbitMq",
      "dependsOnModules": [
        {
          "declaringAssemblyName": "Volo.Abp.BackgroundJobs.DemoApp.Shared",
          "namespace": "Volo.Abp.BackgroundJobs.DemoApp.Shared",
          "name": "DemoAppSharedModule"
        },
        {
          "declaringAssemblyName": "Volo.Abp.Autofac",
          "namespace": "Volo.Abp.Autofac",
          "name": "AbpAutofacModule"
        },
        {
          "declaringAssemblyName": "Volo.Abp.BackgroundJobs.RabbitMQ",
          "namespace": "Volo.Abp.BackgroundJobs.RabbitMQ",
          "name": "AbpBackgroundJobsRabbitMqModule"
        }
      ],
      "contentType": "abpModule",
      "name": "DemoAppRabbitMqModule",
      "summary": null
    }
  ]
}