{
  "name": "Volo.Abp.Account.Web.OpenIddict",
  "hash": "d570f359a33c759da017069ed4749df2",
  "contents": [
    {
      "namespace": "Volo.Abp.Account.Web",
      "dependsOnModules": [
        {
          "declaringAssemblyName": "Volo.Abp.Account.Web",
          "namespace": "Volo.Abp.Account.Web",
          "name": "AbpAccountWebModule"
        },
        {
          "declaringAssemblyName": "Volo.Abp.OpenIddict.AspNetCore",
          "namespace": "Volo.Abp.OpenIddict",
          "name": "AbpOpenIddictAspNetCoreModule"
        }
      ],
      "contentType": "abpModule",
      "name": "AbpAccountWebOpenIddictModule",
      "summary": null
    }
  ]
}