{
  "name": "Volo.Abp.Account.Web.OpenIddict",
  "hash": "b92d5ad2a4d28866e5ec54ce91711b76",
  "contents": [
    {
      "namespace": "Volo.Abp.Account.Web",
      "dependsOnModules": [
        {
          "declaringAssemblyName": "Volo.Abp.Account.Web",
          "namespace": "Volo.Abp.Account.Web",
          "name": "AbpAccountWebModule"
        },
        {
          "declaringAssemblyName": "Volo.Abp.OpenIddict.AspNetCore",
          "namespace": "Volo.Abp.OpenIddict",
          "name": "AbpOpenIddictAspNetCoreModule"
        }
      ],
      "contentType": "abpModule",
      "name": "AbpAccountWebOpenIddictModule",
      "summary": null
    }
  ]
}