{
  "name": "Volo.Abp.Identity.AspNetCore",
  "hash": "ae155e1dc57e71942fda2b6fb8dda0a4",
  "contents": [
    {
      "namespace": "Volo.Abp.Identity.AspNetCore",
      "dependsOnModules": [
        {
          "declaringAssemblyName": "Volo.Abp.Identity.Domain",
          "namespace": "Volo.Abp.Identity",
          "name": "AbpIdentityDomainModule"
        }
      ],
      "contentType": "abpModule",
      "name": "AbpIdentityAspNetCoreModule",
      "summary": null
    }
  ]
}