{
  "name": "Volo.Abp.Identity.AspNetCore",
  "hash": "4e831ffd1f6a8c15fd949085d9b8d6c3",
  "contents": [
    {
      "namespace": "Volo.Abp.Identity.AspNetCore",
      "dependsOnModules": [
        {
          "declaringAssemblyName": "Volo.Abp.Identity.Domain",
          "namespace": "Volo.Abp.Identity",
          "name": "AbpIdentityDomainModule"
        }
      ],
      "contentType": "abpModule",
      "name": "AbpIdentityAspNetCoreModule",
      "summary": null
    }
  ]
}