{
  "name": "Volo.Abp.Identity.AspNetCore",
  "hash": "aad12a501d9a6d11ae7e004c7676e78b",
  "contents": [
    {
      "namespace": "Volo.Abp.Identity.AspNetCore",
      "dependsOnModules": [
        {
          "declaringAssemblyName": "Volo.Abp.Identity.Domain",
          "namespace": "Volo.Abp.Identity",
          "name": "AbpIdentityDomainModule"
        }
      ],
      "contentType": "abpModule",
      "name": "AbpIdentityAspNetCoreModule",
      "summary": null
    }
  ]
}