{
  "name": "Volo.CmsKit.MongoDB",
  "hash": "1af0c166aa69bca70bda572e2b3ce088",
  "contents": [
    {
      "namespace": "Volo.CmsKit.MongoDB",
      "dependsOnModules": [
        {
          "declaringAssemblyName": "Volo.CmsKit.Domain",
          "namespace": "Volo.CmsKit",
          "name": "CmsKitDomainModule"
        },
        {
          "declaringAssemblyName": "Volo.Abp.Users.MongoDB",
          "namespace": "Volo.Abp.Users.MongoDB",
          "name": "AbpUsersMongoDbModule"
        },
        {
          "declaringAssemblyName": "Volo.Abp.MongoDB",
          "namespace": "Volo.Abp.MongoDB",
          "name": "AbpMongoDbModule"
        }
      ],
      "contentType": "abpModule",
      "name": "CmsKitMongoDbModule",
      "summary": null
    },
    {
      "namespace": "Volo.CmsKit.MongoDB",
      "connectionStringName": "CmsKit",
      "databaseCollections": [
        {
          "entityFullName": "Volo.CmsKit.Blogs.Blog",
          "contentType": "databaseCollection",
          "name": "CmsBlogs",
          "summary": null
        },
        {
          "entityFullName": "Volo.CmsKit.Ratings.Rating",
          "contentType": "databaseCollection",
          "name": "CmsRatings",
          "summary": null
        },
        {
          "entityFullName": "Volo.CmsKit.GlobalResources.GlobalResource",
          "contentType": "databaseCollection",
          "name": "CmsGlobalResources",
          "summary": null
        },
        {
          "entityFullName": "Volo.CmsKit.Blogs.BlogPost",
          "contentType": "databaseCollection",
          "name": "CmsBlogPosts",
          "summary": null
        },
        {
          "entityFullName": "Volo.CmsKit.Tags.EntityTag",
          "contentType": "databaseCollection",
          "name": "CmsEntityTags",
          "summary": null
        },
        {
          "entityFullName": "Volo.CmsKit.MediaDescriptors.MediaDescriptor",
          "contentType": "databaseCollection",
          "name": "CmsMediaDescriptors",
          "summary": null
        },
        {
          "entityFullName": "Volo.CmsKit.Blogs.BlogFeature",
          "contentType": "databaseCollection",
          "name": "CmsBlogFeatures",
          "summary": null
        },
        {
          "entityFullName": "Volo.CmsKit.Tags.Tag",
          "contentType": "databaseCollection",
          "name": "CmsTags",
          "summary": null
        },
        {
          "entityFullName": "Volo.CmsKit.Reactions.UserReaction",
          "contentType": "databaseCollection",
          "name": "CmsUserReactions",
          "summary": null
        },
        {
          "entityFullName": "Volo.CmsKit.Users.CmsUser",
          "contentType": "databaseCollection",
          "name": "CmsUsers",
          "summary": null
        },
        {
          "entityFullName": "Volo.CmsKit.Comments.Comment",
          "contentType": "databaseCollection",
          "name": "CmsComments",
          "summary": null
        },
        {
          "entityFullName": "Volo.CmsKit.Menus.MenuItem",
          "contentType": "databaseCollection",
          "name": "CmsMenuItems",
          "summary": null
        },
        {
          "entityFullName": "Volo.CmsKit.Pages.Page",
          "contentType": "databaseCollection",
          "name": "CmsPages",
          "summary": null
        }
      ],
      "contentType": "mongoDbContext",
      "name": "CmsKitMongoDbContext",
      "summary": null
    }
  ]
}